PLATZ_ID,REGAL,FACH,EBENE,UTILIZATION,HEATMAP_COLOR
031901200,19,12,0,100.0,RED
031105400,11,54,0,100.0,RED
031001701,10,17,1,0.0,GREEN
032207200,22,72,0,100.0,RED
031405400,14,54,0,100.0,RED
030301200,03,12,0,200.0,RED
032105600,21,56,0,100.0,RED
034101103,41,11,3,0.0,GREEN
032204304,22,43,4,100.0,RED
031302700,13,27,0,100.0,RED
030603401,06,34,1,0.0,GREEN
032105401,21,54,1,100.0,RED
032205700,22,57,0,100.0,RED
032603600,26,36,0,100.0,RED
032503400,25,34,0,100.0,RED
032106200,21,62,0,100.0,RED
034504904,45,49,4,0.0,GREEN
030606902,06,69,2,0.0,GREEN
032005000,20,50,0,100.0,RED
031103200,11,32,0,200.0,RED
032601900,26,19,0,100.0,RED
030301500,03,15,0,0.0,GREEN
031404101,14,41,1,100.0,RED
032203502,22,35,2,100.0,RED
032306700,23,67,0,100.0,RED
032107300,21,73,0,100.0,RED
031906205,19,62,5,0.0,GREEN
032405701,24,57,1,100.0,RED
031304300,13,43,0,100.0,RED
030602401,06,24,1,0.0,GREEN
031102704,11,27,4,0.0,GREEN
031101403,11,14,3,0.0,GREEN
031806000,18,60,0,100.0,RED
032605103,26,51,3,100.0,RED
032504200,25,42,0,100.0,RED
032505900,25,59,0,100.0,RED
032703900,27,39,0,100.0,RED
030100402,01,4,2,0.0,GREEN
030102301,01,23,1,0.0,GREEN
030700606,07,6,6,0.0,GREEN
030701906,07,19,6,0.0,GREEN
030203000,02,30,0,0.0,GREEN
030606000,06,60,0,100.0,RED
030402701,04,27,1,0.0,GREEN
031904100,19,41,0,100.0,RED
034101501,41,15,1,0.0,GREEN
031903105,19,31,5,100.0,RED
032106000,21,60,0,100.0,RED
031903305,19,33,5,0.0,GREEN
030102200,01,22,0,0.0,GREEN
030302600,03,26,0,200.0,RED
031606102,16,61,2,100.0,RED
030300900,03,9,0,200.0,RED
031904300,19,43,0,100.0,RED
034101002,41,10,2,0.0,GREEN
031903005,19,30,5,100.0,RED
030906001,09,60,1,0.0,GREEN
030905005,09,50,5,0.0,GREEN
030606803,06,68,3,0.0,GREEN
030302905,03,29,5,0.0,GREEN
030700102,07,1,2,0.0,GREEN
030200700,02,7,0,0.0,GREEN
032704000,27,40,0,100.0,RED
031904400,19,44,0,100.0,RED
031906204,19,62,4,100.0,RED
031904605,19,46,5,100.0,RED
032803500,28,35,0,100.0,RED
032003702,20,37,2,100.0,RED
032005500,20,55,0,100.0,RED
031706800,17,68,0,100.0,RED
031705500,17,55,0,100.0,RED
030201700,02,17,0,0.0,GREEN
032705500,27,55,0,100.0,RED
030101600,01,16,0,0.0,GREEN
031904600,19,46,0,100.0,RED
034100901,41,9,1,0.0,GREEN
031904705,19,47,5,100.0,RED
031902100,19,21,0,100.0,RED
032000701,20,7,1,100.0,RED
032004900,20,49,0,100.0,RED
030903300,09,33,0,0.0,GREEN
031904800,19,48,0,100.0,RED
034301602,43,17,2,0.0,GREEN
030905600,09,56,0,100.0,RED
031905300,19,53,0,100.0,RED
034101703,41,17,3,0.0,GREEN
031805200,18,52,0,100.0,RED
030103001,01,30,1,100.0,RED
031104101,11,41,1,0.0,GREEN
032701906,27,19,6,100.0,RED
032701500,27,15,0,100.0,RED
032506000,25,60,0,100.0,RED
032505804,25,58,4,100.0,RED
034707100,47,71,0,100.0,RED
030800900,08,9,0,0.0,GREEN
032203000,22,30,0,100.0,RED
031603900,16,39,0,100.0,RED
032506100,25,61,0,100.0,RED
031905500,19,55,0,100.0,RED
034100703,41,7,3,0.0,GREEN
032201001,22,10,1,0.0,GREEN
031802300,18,23,0,100.0,RED
032003400,20,34,0,100.0,RED
031705000,17,50,0,100.0,RED
030805801,08,58,1,0.0,GREEN
031806500,18,65,0,100.0,RED
031902000,19,20,0,100.0,RED
031104301,11,43,1,0.0,GREEN
030605805,06,58,5,0.0,GREEN
031905104,19,51,4,100.0,RED
031902300,19,23,0,100.0,RED
031905600,19,56,0,100.0,RED
031902206,19,22,6,0.0,GREEN
032606802,26,68,2,100.0,RED
031901003,19,10,3,100.0,RED
030303100,03,31,0,200.0,RED
032001105,20,11,5,100.0,RED
032001302,20,13,2,100.0,RED
032002203,20,22,3,100.0,RED
031904101,19,41,1,100.0,RED
034302000,43,20,0,0.0,GREEN
032004305,20,43,5,100.0,RED
032100506,21,5,6,0.0,GREEN
032100804,21,8,4,0.0,GREEN
032101106,21,11,6,0.0,GREEN
032102004,21,20,4,0.0,GREEN
032102006,21,20,6,100.0,RED
032102706,21,27,6,0.0,GREEN
032102905,21,29,5,100.0,RED
032103303,21,33,3,100.0,RED
032104206,21,42,6,0.0,GREEN
032104401,21,44,1,100.0,RED
030702701,07,27,1,0.0,GREEN
032104502,21,45,2,100.0,RED
032107002,21,70,2,100.0,RED
032107101,21,71,1,100.0,RED
031302401,13,24,1,100.0,RED
032201505,22,15,5,100.0,RED
031903100,19,31,0,100.0,RED
032203902,22,39,2,100.0,RED
032205302,22,53,2,100.0,RED
032004600,20,46,0,100.0,RED
032206603,22,66,3,0.0,GREEN
034705000,47,50,0,100.0,RED
034704800,47,48,0,100.0,RED
032301102,23,11,2,100.0,RED
032302101,23,21,1,0.0,GREEN
030403305,04,33,5,0.0,GREEN
030603106,06,31,6,0.0,GREEN
032302501,23,25,1,100.0,RED
032303304,23,33,4,100.0,RED
032303305,23,33,5,100.0,RED
030401200,04,12,0,200.0,RED
032304005,23,40,5,100.0,RED
032306605,23,66,5,0.0,GREEN
032606000,26,60,0,0.0,GREEN
032603602,26,36,2,100.0,RED
031804500,18,45,0,100.0,RED
032905406,29,54,6,0.0,GREEN
031706900,17,69,0,100.0,RED
032501402,25,14,2,100.0,RED
034800804,48,8,4,0.0,GREEN
030804100,08,41,0,0.0,GREEN
032503804,25,38,4,0.0,GREEN
032505402,25,54,2,100.0,RED
032507202,25,72,2,100.0,RED
031003900,10,39,0,0.0,GREEN
032606100,26,61,0,100.0,RED
032607002,26,70,2,100.0,RED
031303300,13,33,0,100.0,RED
032003300,20,33,0,100.0,RED
031906502,19,65,2,100.0,RED
031906901,19,69,1,100.0,RED
032004800,20,48,0,100.0,RED
032507301,25,73,1,100.0,RED
032605200,26,52,0,100.0,RED
032507802,25,78,2,100.0,RED
032507901,25,79,1,100.0,RED
032508104,25,81,4,100.0,RED
032508302,25,83,2,100.0,RED
030806000,08,60,0,200.0,RED
032703505,27,35,5,0.0,GREEN
032704502,27,45,2,100.0,RED
032704802,27,48,2,100.0,RED
031903505,19,35,5,100.0,RED
032707203,27,72,3,0.0,GREEN
030701205,07,12,5,0.0,GREEN
032708701,27,87,1,100.0,RED
032006500,20,65,0,100.0,RED
032803405,28,34,5,0.0,GREEN
032804503,28,45,3,100.0,RED
032804902,28,49,2,0.0,GREEN
032805602,28,56,2,100.0,RED
032805604,28,56,4,100.0,RED
032806802,28,68,2,100.0,RED
030902300,09,23,0,0.0,GREEN
032808103,28,81,3,100.0,RED
032900905,29,9,5,0.0,GREEN
032206400,22,64,0,100.0,RED
032901104,29,11,4,0.0,GREEN
032901505,29,15,5,0.0,GREEN
032007200,20,72,0,100.0,RED
032902905,29,29,5,0.0,GREEN
032904205,29,42,5,0.0,GREEN
032904406,29,44,6,0.0,GREEN
032905506,29,55,6,0.0,GREEN
032905603,29,56,3,100.0,RED
032905802,29,58,2,100.0,RED
032905902,29,59,2,100.0,RED
032908103,29,81,3,0.0,GREEN
032909101,29,91,1,100.0,RED
032604800,26,48,0,100.0,RED
032607302,26,73,2,100.0,RED
034807302,48,73,2,100.0,RED
032304100,23,41,0,100.0,RED
031305701,13,57,1,100.0,RED
031000203,10,2,3,0.0,GREEN
030902804,09,28,4,0.0,GREEN
030903501,09,35,1,0.0,GREEN
031903803,19,38,3,100.0,RED
032007006,20,70,6,0.0,GREEN
032104705,21,47,5,0.0,GREEN
032808201,28,82,1,100.0,RED
032304200,23,42,0,100.0,RED
031406000,14,60,0,100.0,RED
030903800,09,38,0,100.0,RED
032305300,23,53,0,100.0,RED
031906104,19,61,4,0.0,GREEN
031905701,19,57,1,100.0,RED
031005000,10,50,0,100.0,RED
030901302,09,13,2,0.0,GREEN
031606400,16,64,0,100.0,RED
032703700,27,37,0,100.0,RED
032704003,27,40,3,0.0,GREEN
032306004,23,60,4,100.0,RED
032103100,21,31,0,100.0,RED
032703800,27,38,0,100.0,RED
032704001,27,40,1,100.0,RED
031102300,11,23,0,200.0,RED
030901603,09,16,3,0.0,GREEN
031804300,18,43,0,100.0,RED
032205500,22,55,0,100.0,RED
031205101,12,51,1,0.0,GREEN
032105500,21,55,0,100.0,RED
032804700,28,47,0,100.0,RED
032805302,28,53,2,0.0,GREEN
032904804,29,48,4,0.0,GREEN
030704800,07,48,0,200.0,RED
030704902,07,49,2,0.0,GREEN
032104500,21,45,0,100.0,RED
031000202,10,2,2,0.0,GREEN
031000303,10,3,3,0.0,GREEN
031205901,12,59,1,0.0,GREEN
031906301,19,63,1,100.0,RED
030801200,08,12,0,0.0,GREEN
031906804,19,68,4,100.0,RED
030303102,03,31,2,0.0,GREEN
030400100,04,1,0,0.0,GREEN
030503204,05,32,4,0.0,GREEN
030302000,03,20,0,200.0,RED
030302003,03,20,3,0.0,GREEN
032204000,22,40,0,100.0,RED
031906004,19,60,4,100.0,RED
032508600,25,86,0,50.0,YELLOW
032506800,25,68,0,50.0,YELLOW
031905901,19,59,1,100.0,RED
030301801,03,18,1,0.0,GREEN
030401803,04,18,3,0.0,GREEN
032802606,28,26,6,0.0,GREEN
034507100,45,71,0,0.0,GREEN
031906800,19,68,0,100.0,RED
031904901,19,49,1,100.0,RED
032700500,27,5,0,0.0,GREEN
031903400,19,34,0,100.0,RED
034505004,45,50,4,0.0,GREEN
030500800,05,8,0,0.0,GREEN
030500805,05,8,5,0.0,GREEN
032801900,28,19,0,100.0,RED
032902200,29,22,0,0.0,GREEN
031900900,19,9,0,0.0,GREEN
031901000,19,10,0,100.0,RED
030703400,07,34,0,0.0,GREEN
031905904,19,59,4,100.0,RED
031905903,19,59,3,100.0,RED
030401501,04,15,1,0.0,GREEN
031902400,19,24,0,100.0,RED
032300701,23,7,1,100.0,RED
032801500,28,15,0,0.0,GREEN
031902500,19,25,0,100.0,RED
032802300,28,23,0,100.0,RED
032703003,27,30,3,0.0,GREEN
030503200,05,32,0,200.0,RED
031903500,19,35,0,100.0,RED
032507201,25,72,1,100.0,RED
032900900,29,9,0,0.0,GREEN
031903800,19,38,0,100.0,RED
031905401,19,54,1,100.0,RED
031905803,19,58,3,100.0,RED
031003500,10,35,0,0.0,GREEN
032005601,20,56,1,100.0,RED
034506500,45,65,0,0.0,GREEN
032805901,28,59,1,100.0,RED
030902600,09,26,0,100.0,RED
031204600,12,46,0,100.0,RED
030605505,06,55,5,0.0,GREEN
030801900,08,19,0,0.0,GREEN
031005100,10,51,0,200.0,RED
031904000,19,40,0,100.0,RED
032701900,27,19,0,0.0,GREEN
032701902,27,19,2,0.0,GREEN
031304301,13,43,1,0.0,GREEN
032305904,23,59,4,100.0,RED
034506700,45,67,0,0.0,GREEN
032206600,22,66,0,100.0,RED
032005600,20,56,0,100.0,RED
030605100,06,51,0,100.0,RED
031904401,19,44,1,100.0,RED
031405301,14,53,1,0.0,GREEN
031906701,19,67,1,100.0,RED
032005800,20,58,0,100.0,RED
031606100,16,61,0,100.0,RED
032107000,21,70,0,100.0,RED
031606502,16,65,2,100.0,RED
034505505,45,55,5,0.0,GREEN
034705405,47,54,5,100.0,RED
032106300,21,63,0,100.0,RED
032105400,21,54,0,100.0,RED
032305104,23,51,4,0.0,GREEN
032005700,20,57,0,100.0,RED
032105002,21,50,2,0.0,GREEN
032106600,21,66,0,100.0,RED
031502400,15,24,0,100.0,RED
031502600,15,26,0,100.0,RED
034805305,48,53,5,100.0,RED
032105900,21,59,0,100.0,RED
034504701,45,47,1,0.0,GREEN
031603500,16,35,0,100.0,RED
031603600,16,36,0,100.0,RED
032501201,25,12,1,100.0,RED
032800900,28,9,0,100.0,RED
031906703,19,67,3,100.0,RED
031902906,19,29,6,0.0,GREEN
034504702,45,47,2,0.0,GREEN
032203700,22,37,0,100.0,RED
031606000,16,60,0,100.0,RED
030906902,09,69,2,0.0,GREEN
030901100,09,11,0,100.0,RED
030903901,09,39,1,0.0,GREEN
032104100,21,41,0,100.0,RED
032605601,26,56,1,100.0,RED
032903900,29,39,0,100.0,RED
032907600,29,76,0,50.0,YELLOW
031506000,15,60,0,100.0,RED
032204700,22,47,0,100.0,RED
034504703,45,47,3,0.0,GREEN
031905502,19,55,2,100.0,RED
032904200,29,42,0,100.0,RED
032204900,22,49,0,100.0,RED
032501600,25,16,0,0.0,GREEN
034504704,45,47,4,0.0,GREEN
032705402,27,54,2,100.0,RED
034504801,45,48,1,0.0,GREEN
032501500,25,15,0,0.0,GREEN
032205400,22,54,0,100.0,RED
034504803,45,48,3,0.0,GREEN
034100303,41,3,3,0.0,GREEN
032306400,23,64,0,100.0,RED
031803400,18,34,0,100.0,RED
032006100,20,61,0,100.0,RED
032203200,22,32,0,100.0,RED
032204003,22,40,3,100.0,RED
031704400,17,44,0,100.0,RED
034504804,45,48,4,0.0,GREEN
032807104,28,71,4,0.0,GREEN
032904500,29,45,0,100.0,RED
032706000,27,60,0,100.0,RED
031901300,19,13,0,100.0,RED
031002500,10,25,0,100.0,RED
032601400,26,14,0,100.0,RED
032304304,23,43,4,100.0,RED
031804600,18,46,0,100.0,RED
031903700,19,37,0,100.0,RED
032605700,26,57,0,100.0,RED
032703403,27,34,3,0.0,GREEN
034504901,45,49,1,0.0,GREEN
032305700,23,57,0,100.0,RED
034504902,45,49,2,0.0,GREEN
032701800,27,18,0,100.0,RED
034504903,45,49,3,0.0,GREEN
032003200,20,32,0,100.0,RED
032806804,28,68,4,100.0,RED
034505002,45,50,2,100.0,RED
032305800,23,58,0,100.0,RED
032305901,23,59,1,100.0,RED
032204400,22,44,0,100.0,RED
032006905,20,69,5,100.0,RED
034506400,45,64,0,0.0,GREEN
032006800,20,68,0,100.0,RED
032204500,22,45,0,100.0,RED
030201400,02,14,0,0.0,GREEN
032306100,23,61,0,100.0,RED
032205800,22,58,0,100.0,RED
030202400,02,24,0,0.0,GREEN
032105300,21,53,0,100.0,RED
032304300,23,43,0,100.0,RED
030702500,07,25,0,0.0,GREEN
030702504,07,25,4,0.0,GREEN
032404800,24,48,0,100.0,RED
030302100,03,21,0,200.0,RED
032203100,22,31,0,100.0,RED
032505904,25,59,4,100.0,RED
034507300,45,73,0,0.0,GREEN
032305103,23,51,3,100.0,RED
032407000,24,70,0,100.0,RED
032604704,26,47,4,100.0,RED
031203801,12,38,1,0.0,GREEN
032404600,24,46,0,100.0,RED
030804403,08,44,3,0.0,GREEN
032404200,24,42,0,100.0,RED
032203600,22,36,0,100.0,RED
032304800,23,48,0,100.0,RED
031005604,10,56,4,0.0,GREEN
032204300,22,43,0,100.0,RED
031606600,16,66,0,100.0,RED
031006001,10,60,1,0.0,GREEN
031005804,10,58,4,0.0,GREEN
031205003,12,50,3,0.0,GREEN
032702300,27,23,0,100.0,RED
032702403,27,24,3,100.0,RED
030502400,05,24,0,100.0,RED
032303200,23,32,0,100.0,RED
031203301,12,33,1,0.0,GREEN
031203504,12,35,4,0.0,GREEN
031202702,12,27,2,0.0,GREEN
032303900,23,39,0,100.0,RED
031203101,12,31,1,0.0,GREEN
031405300,14,53,0,100.0,RED
032305504,23,55,4,100.0,RED
032701300,27,13,0,100.0,RED
032305400,23,54,0,100.0,RED
030403001,04,30,1,0.0,GREEN
030301901,03,19,1,0.0,GREEN
031103201,11,32,1,0.0,GREEN
031202703,12,27,3,0.0,GREEN
032304500,23,45,0,100.0,RED
030503006,05,30,6,0.0,GREEN
030801106,08,11,6,0.0,GREEN
032805800,28,58,0,100.0,RED
032806003,28,60,3,100.0,RED
032603300,26,33,0,100.0,RED
032503700,25,37,0,100.0,RED
031202405,12,24,5,0.0,GREEN
031201601,12,16,1,0.0,GREEN
032105206,21,52,6,100.0,RED
032701600,27,16,0,0.0,GREEN
032105504,21,55,4,0.0,GREEN
031606001,16,60,1,0.0,GREEN
032504500,25,45,0,100.0,RED
030502805,05,28,5,0.0,GREEN
032703000,27,30,0,100.0,RED
030803300,08,33,0,0.0,GREEN
030803302,08,33,2,0.0,GREEN
032704100,27,41,0,100.0,RED
031003801,10,38,1,0.0,GREEN
032804800,28,48,0,100.0,RED
030804900,08,49,0,100.0,RED
030804901,08,49,1,0.0,GREEN
030804505,08,45,5,0.0,GREEN
032704905,27,49,5,0.0,GREEN
032801300,28,13,0,0.0,GREEN
031003705,10,37,5,0.0,GREEN
032505200,25,52,0,100.0,RED
030705100,07,51,0,200.0,RED
030705105,07,51,5,0.0,GREEN
032305200,23,52,0,100.0,RED
032605600,26,56,0,100.0,RED
030600101,06,1,1,0.0,GREEN
030701001,07,10,1,0.0,GREEN
032502400,25,24,0,100.0,RED
030605601,06,56,1,0.0,GREEN
030605604,06,56,4,0.0,GREEN
030605904,06,59,4,0.0,GREEN
032504905,25,49,5,0.0,GREEN
032906000,29,60,0,100.0,RED
030605600,06,56,0,100.0,RED
030703600,07,36,0,0.0,GREEN
030701801,07,18,1,0.0,GREEN
030801704,08,17,4,0.0,GREEN
031302900,13,29,0,100.0,RED
031001700,10,17,0,0.0,GREEN
030201602,02,16,2,0.0,GREEN
032607102,26,71,2,100.0,RED
030202403,02,24,3,0.0,GREEN
031300700,13,7,0,0.0,GREEN
030201205,02,12,5,0.0,GREEN
031205200,12,52,0,0.0,GREEN
031105503,11,55,3,0.0,GREEN
030706004,07,60,4,0.0,GREEN
034505101,45,51,1,100.0,RED
031305204,13,52,4,0.0,GREEN
031305105,13,51,5,0.0,GREEN
031004600,10,46,0,200.0,RED
030904603,09,46,3,0.0,GREEN
032203010,22,30,10,0.0,GREEN
034505104,45,51,4,0.0,GREEN
034505201,45,52,1,100.0,RED
034505202,45,52,2,100.0,RED
034505203,45,52,3,100.0,RED
032103400,21,34,0,0.0,GREEN
032105004,21,50,4,100.0,RED
034505204,45,52,4,0.0,GREEN
030400601,04,6,1,0.0,GREEN
031001803,10,18,3,0.0,GREEN
032303400,23,34,0,0.0,GREEN
031903405,19,34,5,0.0,GREEN
034604100,46,41,0,100.0,RED
032105700,21,57,0,100.0,RED
032106104,21,61,4,100.0,RED
030605900,06,59,0,200.0,RED
030805101,08,51,1,0.0,GREEN
031004100,10,41,0,200.0,RED
031003502,10,35,2,0.0,GREEN
032603100,26,31,0,100.0,RED
031001900,10,19,0,0.0,GREEN
031904104,19,41,4,100.0,RED
031905900,19,59,0,100.0,RED
031906000,19,60,0,100.0,RED
032105800,21,58,0,100.0,RED
032707101,27,71,1,100.0,RED
031706001,17,60,1,0.0,GREEN
032002003,20,20,3,100.0,RED
032700900,27,9,0,0.0,GREEN
032003801,20,38,1,100.0,RED
034506000,45,60,0,0.0,GREEN
031702900,17,29,0,100.0,RED
031305605,13,56,5,0.0,GREEN
032003902,20,39,2,100.0,RED
032306000,23,60,0,100.0,RED
032007300,20,73,0,100.0,RED
031906200,19,62,0,100.0,RED
031906500,19,65,0,100.0,RED
031406205,14,62,5,0.0,GREEN
032006303,20,63,3,100.0,RED
032903000,29,30,0,0.0,GREEN
030905203,09,52,3,0.0,GREEN
031203004,12,30,4,0.0,GREEN
031406604,14,66,4,0.0,GREEN
032806100,28,61,0,100.0,RED
032806105,28,61,5,0.0,GREEN
032007105,20,71,5,100.0,RED
032801600,28,16,0,0.0,GREEN
032104104,21,41,4,0.0,GREEN
031305001,13,50,1,0.0,GREEN
031305002,13,50,2,200.0,RED
031306003,13,60,3,100.0,RED
032105003,21,50,3,100.0,RED
031405901,14,59,1,0.0,GREEN
032601000,26,10,0,100.0,RED
032900702,29,7,2,0.0,GREEN
030804001,08,40,1,0.0,GREEN
032202403,22,24,3,100.0,RED
032801800,28,18,0,100.0,RED
032104204,21,42,4,100.0,RED
031205900,12,59,0,100.0,RED
031204404,12,44,4,0.0,GREEN
032503300,25,33,0,100.0,RED
032601601,26,16,1,100.0,RED
031103700,11,37,0,200.0,RED
032203605,22,36,5,100.0,RED
032701200,27,12,0,0.0,GREEN
032305705,23,57,5,0.0,GREEN
032406700,24,67,0,100.0,RED
031502300,15,23,0,100.0,RED
031502303,15,23,3,0.0,GREEN
031501800,15,18,0,100.0,RED
032402400,24,24,0,100.0,RED
034101803,41,18,3,0.0,GREEN
032304000,23,40,0,100.0,RED
032205505,22,55,5,0.0,GREEN
034505300,45,53,0,0.0,GREEN
031207004,12,70,4,100.0,RED
032808800,28,88,0,50.0,YELLOW
032207006,22,70,6,0.0,GREEN
032905100,29,51,0,100.0,RED
032304600,23,46,0,100.0,RED
032808400,28,84,0,50.0,YELLOW
030904003,09,40,3,0.0,GREEN
032305501,23,55,1,100.0,RED
034506800,45,68,0,0.0,GREEN
032807200,28,72,0,50.0,YELLOW
032104300,21,43,0,100.0,RED
032207202,22,72,2,100.0,RED
030600406,06,4,6,0.0,GREEN
032305802,23,58,2,100.0,RED
034505800,45,58,0,0.0,GREEN
032100805,21,8,5,100.0,RED
030100203,01,2,3,200.0,RED
032407306,24,73,6,100.0,RED
032700800,27,8,0,0.0,GREEN
032301701,23,17,1,100.0,RED
032908600,29,86,0,50.0,YELLOW
032601700,26,17,0,100.0,RED
032304900,23,49,0,100.0,RED
032504705,25,47,5,0.0,GREEN
032901800,29,18,0,0.0,GREEN
032508700,25,87,0,50.0,YELLOW
032909000,29,90,0,50.0,YELLOW
030702605,07,26,5,0.0,GREEN
032702803,27,28,3,0.0,GREEN
032305100,23,51,0,100.0,RED
032907200,29,72,0,100.0,RED
032704402,27,44,2,0.0,GREEN
032901200,29,12,0,0.0,GREEN
032907100,29,71,0,50.0,YELLOW
030802904,08,29,4,0.0,GREEN
032704902,27,49,2,0.0,GREEN
032903300,29,33,0,100.0,RED
032507900,25,79,0,50.0,YELLOW
032508000,25,80,0,50.0,YELLOW
032907000,29,70,0,50.0,YELLOW
032708400,27,84,0,50.0,YELLOW
032406100,24,61,0,100.0,RED
032307102,23,71,2,100.0,RED
030803005,08,30,5,0.0,GREEN
034604301,46,43,1,0.0,GREEN
032405500,24,55,0,100.0,RED
034604204,46,42,4,0.0,GREEN
030903705,09,37,5,0.0,GREEN
032808700,28,87,0,50.0,YELLOW
032708800,27,88,0,100.0,RED
032808300,28,83,0,50.0,YELLOW
032405400,24,54,0,100.0,RED
032406105,24,61,5,100.0,RED
032807500,28,75,0,50.0,YELLOW
030501101,05,11,1,0.0,GREEN
032405200,24,52,0,100.0,RED
032405805,24,58,5,0.0,GREEN
030902800,09,28,0,100.0,RED
034807005,48,70,5,100.0,RED
034507000,45,70,0,0.0,GREEN
030903806,09,38,6,0.0,GREEN
031206404,12,64,4,0.0,GREEN
031103301,11,33,1,0.0,GREEN
031102600,11,26,0,200.0,RED
031203900,12,39,0,0.0,GREEN
031104000,11,40,0,200.0,RED
032809100,28,91,0,50.0,YELLOW
032609000,26,90,0,50.0,YELLOW
032706600,27,66,0,50.0,YELLOW
032809000,28,90,0,100.0,RED
034505301,45,53,1,400.0,RED
034100403,41,4,3,0.0,GREEN
034100502,41,5,2,0.0,GREEN
034100603,41,6,3,0.0,GREEN
034505302,45,53,2,0.0,GREEN
034505303,45,53,3,0.0,GREEN
034505304,45,53,4,0.0,GREEN
034505401,45,54,1,100.0,RED
034505402,45,54,2,0.0,GREEN
034505403,45,54,3,0.0,GREEN
034505404,45,54,4,0.0,GREEN
034100801,41,8,1,0.0,GREEN
034505501,45,55,1,0.0,GREEN
034100802,41,8,2,0.0,GREEN
034505502,45,55,2,100.0,RED
034505503,45,55,3,0.0,GREEN
034100903,41,9,3,0.0,GREEN
034101001,41,10,1,0.0,GREEN
034505504,45,55,4,0.0,GREEN
034604401,46,44,1,100.0,RED
034604403,46,44,3,0.0,GREEN
032806401,28,64,1,100.0,RED
034506600,45,66,0,0.0,GREEN
032806400,28,64,0,100.0,RED
031703000,17,30,0,100.0,RED
032901402,29,14,2,100.0,RED
032900500,29,5,0,0.0,GREEN
032802200,28,22,0,100.0,RED
034604404,46,44,4,0.0,GREEN
034604501,46,45,1,100.0,RED
034101101,41,11,1,0.0,GREEN
034604504,46,45,4,0.0,GREEN
034604703,46,47,3,100.0,RED
034604704,46,47,4,0.0,GREEN
034101202,41,12,2,0.0,GREEN
034604803,46,48,3,100.0,RED
034604903,46,49,3,100.0,RED
034605004,46,50,4,0.0,GREEN
034605104,46,51,4,0.0,GREEN
034605203,46,52,3,0.0,GREEN
034101502,41,15,2,0.0,GREEN
032706400,27,64,0,50.0,YELLOW
032606600,26,66,0,50.0,YELLOW
032606700,26,67,0,100.0,RED
032905006,29,50,6,0.0,GREEN
032902400,29,24,0,0.0,GREEN
032603000,26,30,0,0.0,GREEN
034811512,48,115,12,0.0,GREEN
034811712,48,117,12,0.0,GREEN
034811912,48,119,12,100.0,RED
034811711,48,117,11,0.0,GREEN
034811911,48,119,11,100.0,RED
034812011,48,120,11,0.0,GREEN
032507200,25,72,0,50.0,YELLOW
034811811,48,118,11,0.0,GREEN
034811611,48,116,11,0.0,GREEN
034812211,48,122,11,0.0,GREEN
034812411,48,124,11,0.0,GREEN
030702200,07,22,0,0.0,GREEN
032506900,25,69,0,50.0,YELLOW
030802501,08,25,1,0.0,GREEN
031000505,10,5,5,0.0,GREEN
032709100,27,91,0,100.0,RED
030702900,07,29,0,0.0,GREEN
032607200,26,72,0,0.0,GREEN
032809200,28,92,0,100.0,RED
030703800,07,38,0,100.0,RED
032506400,25,64,0,50.0,YELLOW
032808100,28,81,0,50.0,YELLOW
032604300,26,43,0,100.0,RED
030903600,09,36,0,200.0,RED
032608700,26,87,0,50.0,YELLOW
031100605,11,6,5,0.0,GREEN
032508900,25,89,0,50.0,YELLOW
031701900,17,19,0,100.0,RED
031701901,17,19,1,200.0,RED
031504300,15,43,0,100.0,RED
032000406,20,4,6,0.0,GREEN
031701101,17,11,1,100.0,RED
031301603,13,16,3,0.0,GREEN
032307100,23,71,0,100.0,RED
031903605,19,36,5,0.0,GREEN
031505700,15,57,0,100.0,RED
031505801,15,58,1,0.0,GREEN
031505804,15,58,4,100.0,RED
034605400,46,54,0,100.0,RED
034605803,46,58,3,0.0,GREEN
032702400,27,24,0,100.0,RED
034704603,47,46,3,0.0,GREEN
031606904,16,69,4,100.0,RED
031601800,16,18,0,100.0,RED
030803601,08,36,1,0.0,GREEN
032704500,27,45,0,100.0,RED
034705104,47,51,4,0.0,GREEN
031202501,12,25,1,0.0,GREEN
031103601,11,36,1,0.0,GREEN
030601202,06,12,2,0.0,GREEN
031203203,12,32,3,0.0,GREEN
031201600,12,16,0,0.0,GREEN
030103002,01,30,2,100.0,RED
031802001,18,20,1,100.0,RED
032403900,24,39,0,100.0,RED
031303501,13,35,1,0.0,GREEN
031302004,13,20,4,0.0,GREEN
032908801,29,88,1,100.0,RED
032908700,29,87,0,50.0,YELLOW
030501501,05,15,1,0.0,GREEN
032909100,29,91,0,50.0,YELLOW
031105402,11,54,2,0.0,GREEN
031101500,11,15,0,100.0,RED
032305804,23,58,4,100.0,RED
031902900,19,29,0,100.0,RED
032503800,25,38,0,100.0,RED
032806500,28,65,0,100.0,RED
032806600,28,66,0,50.0,YELLOW
032005200,20,52,0,100.0,RED
032005502,20,55,2,100.0,RED
031701800,17,18,0,100.0,RED
032107200,21,72,0,100.0,RED
032602400,26,24,0,100.0,RED
032207100,22,71,0,100.0,RED
032509001,25,90,1,100.0,RED
032509100,25,91,0,50.0,YELLOW
032509000,25,90,0,50.0,YELLOW
032206000,22,60,0,100.0,RED
032704700,27,47,0,100.0,RED
032103600,21,36,0,0.0,GREEN
032107105,21,71,5,0.0,GREEN
032103700,21,37,0,100.0,RED
032608300,26,83,0,50.0,YELLOW
031107002,11,70,2,0.0,GREEN
030600100,06,1,0,0.0,GREEN
031304200,13,42,0,100.0,RED
032207000,22,70,0,100.0,RED
032203900,22,39,0,100.0,RED
032206500,22,65,0,100.0,RED
032206403,22,64,3,100.0,RED
032306300,23,63,0,100.0,RED
032206106,22,61,6,0.0,GREEN
032305900,23,59,0,100.0,RED
031504500,15,45,0,100.0,RED
031604302,16,43,2,100.0,RED
032303100,23,31,0,100.0,RED
034505003,45,50,3,0.0,GREEN
031601700,16,17,0,100.0,RED
032602300,26,23,0,100.0,RED
031201802,12,18,2,0.0,GREEN
032605800,26,58,0,100.0,RED
031306302,13,63,2,100.0,RED
032205200,22,52,0,100.0,RED
034706600,47,66,0,0.0,GREEN
034706500,47,65,0,100.0,RED
031204505,12,45,5,0.0,GREEN
032205100,22,51,0,100.0,RED
032106506,21,65,6,0.0,GREEN
034606100,46,61,0,100.0,RED
034803900,48,39,0,0.0,GREEN
031503302,15,33,2,100.0,RED
031405504,14,55,4,100.0,RED
032204204,22,42,4,0.0,GREEN
032104706,21,47,6,0.0,GREEN
030803600,08,36,0,0.0,GREEN
032203300,22,33,0,100.0,RED
032203002,22,30,2,100.0,RED
032302900,23,29,0,100.0,RED
032303005,23,30,5,0.0,GREEN
032606300,26,63,0,50.0,YELLOW
030702501,07,25,1,0.0,GREEN
032303504,23,35,4,100.0,RED
032303800,23,38,0,100.0,RED
032303205,23,32,5,100.0,RED
030803406,08,34,6,0.0,GREEN
030703701,07,37,1,0.0,GREEN
032707000,27,70,0,100.0,RED
032303505,23,35,5,0.0,GREEN
030403103,04,31,3,0.0,GREEN
032708700,27,87,0,50.0,YELLOW
030900400,09,4,0,0.0,GREEN
030501601,05,16,1,0.0,GREEN
034607300,46,73,0,100.0,RED
032304305,23,43,5,100.0,RED
032304700,23,47,0,100.0,RED
034101302,41,13,2,0.0,GREEN
032304604,23,46,4,100.0,RED
030805500,08,55,0,100.0,RED
031502406,15,24,6,0.0,GREEN
034811913,48,119,13,100.0,RED
031901504,19,15,4,100.0,RED
034811812,48,118,12,0.0,GREEN
031902204,19,22,4,100.0,RED
031202601,12,26,1,0.0,GREEN
031202705,12,27,5,0.0,GREEN
034705900,47,59,0,100.0,RED
032203205,22,32,5,100.0,RED
034301900,43,19,0,0.0,GREEN
031302400,13,24,0,100.0,RED
031402603,14,26,3,0.0,GREEN
031502801,15,28,1,100.0,RED
031503901,15,39,1,100.0,RED
032406602,24,66,2,100.0,RED
032305105,23,51,5,100.0,RED
032005900,20,59,0,100.0,RED
030604801,06,48,1,0.0,GREEN
030604804,06,48,4,0.0,GREEN
031001800,10,18,0,0.0,GREEN
032305500,23,55,0,100.0,RED
032306405,23,64,5,100.0,RED
030704802,07,48,2,0.0,GREEN
031001100,10,11,0,0.0,GREEN
032303700,23,37,0,100.0,RED
032306500,23,65,0,100.0,RED
032306800,23,68,0,100.0,RED
032307305,23,73,5,100.0,RED
031206100,12,61,0,100.0,RED
031204605,12,46,5,0.0,GREEN
031104006,11,40,6,0.0,GREEN
030606101,06,61,1,0.0,GREEN
032306900,23,69,0,100.0,RED
032306306,23,63,6,100.0,RED
030806001,08,60,1,0.0,GREEN
032307000,23,70,0,100.0,RED
032307200,23,72,0,100.0,RED
032307300,23,73,0,100.0,RED
034605001,46,50,1,100.0,RED
032204406,22,44,6,0.0,GREEN
032506502,25,65,2,100.0,RED
032901500,29,15,0,0.0,GREEN
032604105,26,41,5,0.0,GREEN
034301000,43,11,0,0.0,GREEN
032604404,26,44,4,100.0,RED
034704100,47,41,0,0.0,GREEN
032605501,26,55,1,100.0,RED
031904700,19,47,0,100.0,RED
032806402,28,64,2,100.0,RED
032806302,28,63,2,100.0,RED
032905400,29,54,0,100.0,RED
032904800,29,48,0,100.0,RED
032903600,29,36,0,100.0,RED
032902700,29,27,0,0.0,GREEN
032804003,28,40,3,100.0,RED
032202401,22,24,1,100.0,RED
034505103,45,51,3,100.0,RED
032502300,25,23,0,100.0,RED
032005801,20,58,1,100.0,RED
032007001,20,70,1,100.0,RED
032503900,25,39,0,100.0,RED
032005302,20,53,2,100.0,RED
034505102,45,51,2,100.0,RED
032204800,22,48,0,100.0,RED
032605801,26,58,1,100.0,RED
031503201,15,32,1,0.0,GREEN
032604004,26,40,4,0.0,GREEN
032504900,25,49,0,100.0,RED
032404100,24,41,0,100.0,RED
030802301,08,23,1,0.0,GREEN
032805900,28,59,0,100.0,RED
032104900,21,49,0,100.0,RED
032604700,26,47,0,100.0,RED
034705003,47,50,3,0.0,GREEN
034706000,47,60,0,100.0,RED
032303604,23,36,4,100.0,RED
032003606,20,36,6,100.0,RED
032206700,22,67,0,100.0,RED
032207300,22,73,0,100.0,RED
032004206,20,42,6,100.0,RED
032202902,22,29,2,100.0,RED
032205900,22,59,0,100.0,RED
032306202,23,62,2,100.0,RED
031904203,19,42,3,100.0,RED
032203305,22,33,5,0.0,GREEN
032605900,26,59,0,100.0,RED
032804000,28,40,0,100.0,RED
032603500,26,35,0,0.0,GREEN
032303801,23,38,1,100.0,RED
032705704,27,57,4,0.0,GREEN
034605000,46,50,0,0.0,GREEN
032104600,21,46,0,100.0,RED
031901901,19,19,1,100.0,RED
032303600,23,36,0,0.0,GREEN
032403800,24,38,0,100.0,RED
032905600,29,56,0,100.0,RED
032004001,20,40,1,100.0,RED
032304400,23,44,0,100.0,RED
032808104,28,81,4,100.0,RED
032406300,24,63,0,100.0,RED
032407300,24,73,0,100.0,RED
032708202,27,82,2,100.0,RED
032708102,27,81,2,100.0,RED
032906701,29,67,1,100.0,RED
032504800,25,48,0,100.0,RED
032004201,20,42,1,100.0,RED
032804502,28,45,2,100.0,RED
032505600,25,56,0,100.0,RED
032702703,27,27,3,0.0,GREEN
032701100,27,11,0,100.0,RED
031905001,19,50,1,100.0,RED
032600603,26,6,3,0.0,GREEN
032700700,27,7,0,0.0,GREEN
032507804,25,78,4,100.0,RED
032801700,28,17,0,100.0,RED
031903602,19,36,2,100.0,RED
032606401,26,64,1,100.0,RED
032701400,27,14,0,0.0,GREEN
032703500,27,35,0,100.0,RED
032705600,27,56,0,100.0,RED
034202100,42,21,0,0.0,GREEN
034505600,45,56,0,0.0,GREEN
034100700,41,7,0,0.0,GREEN
034100600,41,6,0,0.0,GREEN
034300900,43,10,0,0.0,GREEN
031903600,19,36,0,100.0,RED
034101601,41,16,1,0.0,GREEN
032601301,26,13,1,100.0,RED
032701000,27,10,0,200.0,RED
032501300,25,13,0,100.0,RED
034101503,41,15,3,0.0,GREEN
031905200,19,52,0,100.0,RED
034804900,48,49,0,0.0,GREEN
034804500,48,45,0,0.0,GREEN
032003600,20,36,0,100.0,RED
032004200,20,42,0,100.0,RED
032505705,25,57,5,100.0,RED
032005100,20,51,0,100.0,RED
032605500,26,55,0,100.0,RED
032505805,25,58,5,0.0,GREEN
032107100,21,71,0,100.0,RED
032605400,26,54,0,100.0,RED
032104000,21,40,0,100.0,RED
032604900,26,49,0,100.0,RED
032104400,21,44,0,100.0,RED
032504805,25,48,5,100.0,RED
032603900,26,39,0,100.0,RED
032603800,26,38,0,100.0,RED
032203400,22,34,0,100.0,RED
032603905,26,39,5,100.0,RED
032205300,22,53,0,100.0,RED
032603400,26,34,0,0.0,GREEN
034802806,48,28,6,0.0,GREEN
032603403,26,34,3,100.0,RED
032602900,26,29,0,100.0,RED
034604503,46,45,3,0.0,GREEN
032602803,26,28,3,100.0,RED
032602200,26,22,0,100.0,RED
032602104,26,21,4,0.0,GREEN
032305600,23,56,0,100.0,RED
032602000,26,20,0,100.0,RED
034100702,41,7,2,0.0,GREEN
032602603,26,26,3,100.0,RED
032601606,26,16,6,100.0,RED
031901100,19,11,0,0.0,GREEN
034505001,45,50,1,100.0,RED
032601706,26,17,6,0.0,GREEN
032601600,26,16,0,100.0,RED
031901606,19,16,6,100.0,RED
032601404,26,14,4,100.0,RED
032404300,24,43,0,100.0,RED
032601800,26,18,0,100.0,RED
032601005,26,10,5,0.0,GREEN
032601300,26,13,0,100.0,RED
034704103,47,41,3,0.0,GREEN
032501004,25,10,4,0.0,GREEN
032705300,27,53,0,100.0,RED
032601100,26,11,0,100.0,RED
034800203,48,2,3,0.0,GREEN
032600501,26,5,1,100.0,RED
032406900,24,69,0,100.0,RED
032406800,24,68,0,100.0,RED
032406600,24,66,0,100.0,RED
032406500,24,65,0,100.0,RED
032406005,24,60,5,100.0,RED
032406400,24,64,0,100.0,RED
032405906,24,59,6,100.0,RED
032406200,24,62,0,100.0,RED
032405806,24,58,6,100.0,RED
032406000,24,60,0,100.0,RED
032305306,23,53,6,0.0,GREEN
031901605,19,16,5,100.0,RED
032800700,28,7,0,100.0,RED
031903705,19,37,5,100.0,RED
032006700,20,67,0,100.0,RED
031901402,19,14,2,100.0,RED
032002501,20,25,1,100.0,RED
032006901,20,69,1,100.0,RED
032709002,27,90,2,100.0,RED
032205003,22,50,3,100.0,RED
032101206,21,12,6,100.0,RED
032203001,22,30,1,100.0,RED
032006300,20,63,0,100.0,RED
032006900,20,69,0,100.0,RED
032104101,21,41,1,100.0,RED
032202102,22,21,2,100.0,RED
032104700,21,47,0,100.0,RED
032507904,25,79,4,0.0,GREEN
032105906,21,59,6,0.0,GREEN
032104201,21,42,1,100.0,RED
032201703,22,17,3,100.0,RED
032800800,28,8,0,0.0,GREEN
032201902,22,19,2,100.0,RED
032504304,25,43,4,0.0,GREEN
032303701,23,37,1,100.0,RED
032801400,28,14,0,0.0,GREEN
032303903,23,39,3,100.0,RED
032304301,23,43,1,100.0,RED
032801100,28,11,0,0.0,GREEN
032405000,24,50,0,100.0,RED
032404900,24,49,0,100.0,RED
032404700,24,47,0,100.0,RED
032404500,24,45,0,100.0,RED
032404000,24,40,0,100.0,RED
034801902,48,19,2,0.0,GREEN
032302205,23,22,5,100.0,RED
032306601,23,66,1,100.0,RED
032801000,28,10,0,100.0,RED
032307101,23,71,1,100.0,RED
031903200,19,32,0,100.0,RED
032405801,24,58,1,100.0,RED
032800500,28,5,0,0.0,GREEN
032902100,29,21,0,0.0,GREEN
032501101,25,11,1,100.0,RED
032101905,21,19,5,0.0,GREEN
032804203,28,42,3,100.0,RED
032507803,25,78,3,100.0,RED
032507903,25,79,3,100.0,RED
032407301,24,73,1,300.0,RED
032705801,27,58,1,100.0,RED
032507905,25,79,5,0.0,GREEN
032701903,27,19,3,100.0,RED
032605006,26,50,6,100.0,RED
032103203,21,32,3,100.0,RED
032606701,26,67,1,100.0,RED
032700600,27,6,0,0.0,GREEN
032801200,28,12,0,0.0,GREEN
032704901,27,49,1,100.0,RED
032800600,28,6,0,0.0,GREEN
032706101,27,61,1,100.0,RED
032802004,28,20,4,100.0,RED
032804305,28,43,5,0.0,GREEN
032902600,29,26,0,0.0,GREEN
032804904,28,49,4,0.0,GREEN
031906100,19,61,0,100.0,RED
032808203,28,82,3,100.0,RED
032604500,26,45,0,100.0,RED
032808303,28,83,3,100.0,RED
032809204,28,92,4,100.0,RED
032809104,28,91,4,100.0,RED
032701700,27,17,0,0.0,GREEN
034101003,41,10,3,0.0,GREEN
032801903,28,19,3,100.0,RED
032604600,26,46,0,100.0,RED
032802204,28,22,4,100.0,RED
032900600,29,6,0,0.0,GREEN
034801003,48,10,3,0.0,GREEN
034800400,48,4,0,0.0,GREEN
032303000,23,30,0,0.0,GREEN
032303500,23,35,0,0.0,GREEN
032702200,27,22,0,100.0,RED
034705302,47,53,2,100.0,RED
032802104,28,21,4,0.0,GREEN
032702500,27,25,0,100.0,RED
034802105,48,21,5,0.0,GREEN
032702904,27,29,4,0.0,GREEN
032703100,27,31,0,100.0,RED
032203800,22,38,0,100.0,RED
032703400,27,34,0,100.0,RED
032702205,27,22,5,0.0,GREEN
032802504,28,25,4,0.0,GREEN
032703600,27,36,0,100.0,RED
032704200,27,42,0,100.0,RED
032704300,27,43,0,100.0,RED
032803700,28,37,0,100.0,RED
032704400,27,44,0,100.0,RED
034604604,46,46,4,0.0,GREEN
032704404,27,44,4,100.0,RED
032704900,27,49,0,0.0,GREEN
034704604,47,46,4,0.0,GREEN
032705400,27,54,0,100.0,RED
034802901,48,29,1,0.0,GREEN
032705800,27,58,0,100.0,RED
034100602,41,6,2,0.0,GREEN
032705900,27,59,0,100.0,RED
032705504,27,55,4,0.0,GREEN
032706100,27,61,0,100.0,RED
032805000,28,50,0,100.0,RED
032905605,29,56,5,100.0,RED
034506900,45,69,0,0.0,GREEN
032803600,28,36,0,100.0,RED
034604502,46,45,2,100.0,RED
031905700,19,57,0,100.0,RED
032104200,21,42,0,100.0,RED
034605100,46,51,0,0.0,GREEN
034605603,46,56,3,100.0,RED
032403010,24,30,10,0.0,GREEN
032605300,26,53,0,100.0,RED
032803300,28,33,0,100.0,RED
034801302,48,13,2,0.0,GREEN
034606400,46,64,0,100.0,RED
034605604,46,56,4,100.0,RED
031905000,19,50,0,100.0,RED
034101403,41,14,3,0.0,GREEN
031906700,19,67,0,100.0,RED
034505105,45,51,5,100.0,RED
032103300,21,33,0,100.0,RED
034101602,41,16,2,0.0,GREEN
032103301,21,33,1,100.0,RED
034604600,46,46,0,0.0,GREEN
032405600,24,56,0,100.0,RED
032405700,24,57,0,100.0,RED
032405800,24,58,0,100.0,RED
031901206,19,12,6,100.0,RED
032405900,24,59,0,100.0,RED
032505100,25,51,0,100.0,RED
034100202,41,2,2,0.0,GREEN
032505300,25,53,0,100.0,RED
034102002,41,20,2,0.0,GREEN
032505305,25,53,5,0.0,GREEN
032802100,28,21,0,0.0,GREEN
031901506,19,15,6,100.0,RED
032802900,28,29,0,100.0,RED
031902602,19,26,2,0.0,GREEN
032702004,27,20,4,100.0,RED
032803400,28,34,0,0.0,GREEN
031901706,19,17,6,0.0,GREEN
032803404,28,34,4,0.0,GREEN
032803900,28,39,0,100.0,RED
034102003,41,20,3,0.0,GREEN
032804300,28,43,0,100.0,RED
034100701,41,7,1,0.0,GREEN
032704405,27,44,5,0.0,GREEN
032804400,28,44,0,100.0,RED
031900401,19,4,1,0.0,GREEN
032804005,28,40,5,100.0,RED
032804900,28,49,0,100.0,RED
034102103,41,21,3,0.0,GREEN
032704704,27,47,4,0.0,GREEN
031906801,19,68,1,100.0,RED
032102403,21,24,3,100.0,RED
032106900,21,69,0,100.0,RED
032106800,21,68,0,100.0,RED
032507700,25,77,0,50.0,YELLOW
032607600,26,76,0,50.0,YELLOW
032004101,20,41,1,100.0,RED
032304302,23,43,2,100.0,RED
032605001,26,50,1,100.0,RED
031905704,19,57,4,100.0,RED
031906401,19,64,1,100.0,RED
032206201,22,62,1,100.0,RED
032005703,20,57,3,100.0,RED
032501801,25,18,1,100.0,RED
032504301,25,43,1,100.0,RED
032904305,29,43,5,0.0,GREEN
032502000,25,20,0,100.0,RED
032406701,24,67,1,100.0,RED
032104701,21,47,1,100.0,RED
032708300,27,83,0,50.0,YELLOW
034606800,46,68,0,100.0,RED
032906600,29,66,0,50.0,YELLOW
032602101,26,21,1,100.0,RED
032106400,21,64,0,100.0,RED
032806701,28,67,1,100.0,RED
032105505,21,55,5,0.0,GREEN
032001902,20,19,2,100.0,RED
031903304,19,33,4,100.0,RED
031901900,19,19,0,100.0,RED
032203702,22,37,2,100.0,RED
032103401,21,34,1,100.0,RED
032508003,25,80,3,0.0,GREEN
032508005,25,80,5,0.0,GREEN
032908900,29,89,0,50.0,YELLOW
032607000,26,70,0,50.0,YELLOW
034804000,48,40,0,0.0,GREEN
034804300,48,43,0,0.0,GREEN
034706700,47,67,0,100.0,RED
032509206,25,92,6,100.0,RED
031900700,19,7,0,0.0,GREEN
032000605,20,6,5,0.0,GREEN
034606500,46,65,0,100.0,RED
032807100,28,71,0,50.0,YELLOW
031900800,19,8,0,0.0,GREEN
032000606,20,6,6,100.0,RED
032000905,20,9,5,100.0,RED
032001003,20,10,3,100.0,RED
032000906,20,9,6,100.0,RED
031901800,19,18,0,100.0,RED
032003700,20,37,0,100.0,RED
031903000,19,30,0,100.0,RED
031906900,19,69,0,100.0,RED
032003900,20,39,0,100.0,RED
031904900,19,49,0,100.0,RED
031906101,19,61,1,100.0,RED
032705700,27,57,0,100.0,RED
031906300,19,63,0,100.0,RED
034604800,46,48,0,0.0,GREEN
032002900,20,29,0,100.0,RED
032002905,20,29,5,100.0,RED
032003000,20,30,0,100.0,RED
032003405,20,34,5,100.0,RED
032007305,20,73,5,100.0,RED
032007000,20,70,0,100.0,RED
032006400,20,64,0,100.0,RED
032103500,21,35,0,100.0,RED
032006200,20,62,0,100.0,RED
032006006,20,60,6,100.0,RED
032005906,20,59,6,100.0,RED
032006000,20,60,0,100.0,RED
032005606,20,56,6,100.0,RED
032005206,20,52,6,100.0,RED
032004700,20,47,0,100.0,RED
032004400,20,44,0,100.0,RED
032003800,20,38,0,100.0,RED
032003500,20,35,0,100.0,RED
032305000,23,50,0,100.0,RED
034605300,46,53,0,100.0,RED
032103200,21,32,0,100.0,RED
032103006,21,30,6,0.0,GREEN
032103406,21,34,6,0.0,GREEN
032103900,21,39,0,100.0,RED
032104406,21,44,6,100.0,RED
032104800,21,48,0,100.0,RED
032105000,21,50,0,100.0,RED
032805700,28,57,0,100.0,RED
032200701,22,7,1,100.0,RED
034801300,48,13,0,0.0,GREEN
034801000,48,10,0,0.0,GREEN
032205602,22,56,2,100.0,RED
032505401,25,54,1,100.0,RED
031904302,19,43,2,100.0,RED
032000203,20,2,3,0.0,GREEN
032004000,20,40,0,100.0,RED
034801200,48,12,0,0.0,GREEN
032105100,21,51,0,100.0,RED
032103800,21,38,0,100.0,RED
032006600,20,66,0,100.0,RED
032201701,22,17,1,100.0,RED
031902501,19,25,1,100.0,RED
032002903,20,29,3,100.0,RED
032101505,21,15,5,100.0,RED
032303101,23,31,1,100.0,RED
032607201,26,72,1,100.0,RED
032006101,20,61,1,100.0,RED
032709102,27,91,2,100.0,RED
032803702,28,37,2,100.0,RED
032608200,26,82,0,100.0,RED
032602500,26,25,0,100.0,RED
034704201,47,42,1,100.0,RED
032005400,20,54,0,100.0,RED
031905800,19,58,0,100.0,RED
032304606,23,46,6,100.0,RED
032908504,29,85,4,100.0,RED
032502305,25,23,5,100.0,RED
032007101,20,71,1,100.0,RED
032705404,27,54,4,0.0,GREEN
032706202,27,62,2,100.0,RED
032706701,27,67,1,0.0,GREEN
034605700,46,57,0,100.0,RED
032703801,27,38,1,100.0,RED
032504600,25,46,0,100.0,RED
032807601,28,76,1,100.0,RED
032104703,21,47,3,100.0,RED
032100801,21,8,1,100.0,RED
030902801,09,28,1,0.0,GREEN
032003601,20,36,1,100.0,RED
031505400,15,54,0,100.0,RED
032504000,25,40,0,100.0,RED
030906100,09,61,0,200.0,RED
032004904,20,49,4,100.0,RED
031804100,18,41,0,100.0,RED
032406802,24,68,2,100.0,RED
031405701,14,57,1,100.0,RED
030602701,06,27,1,0.0,GREEN
032106002,21,60,2,100.0,RED
034102101,41,21,1,0.0,GREEN
031205201,12,52,1,0.0,GREEN
031204702,12,47,2,100.0,RED
032104801,21,48,1,100.0,RED
034101903,41,19,3,0.0,GREEN
034102001,41,20,1,0.0,GREEN
031905101,19,51,1,100.0,RED
032004502,20,45,2,100.0,RED
034101901,41,19,1,0.0,GREEN
034101902,41,19,2,0.0,GREEN
034101801,41,18,1,0.0,GREEN
034101802,41,18,2,0.0,GREEN
032302201,23,22,1,100.0,RED
032003005,20,30,5,100.0,RED
034100301,41,3,1,0.0,GREEN
034100401,41,4,1,0.0,GREEN
032202305,22,23,5,0.0,GREEN
032706904,27,69,4,0.0,GREEN
034100101,41,1,1,0.0,GREEN
034100103,41,1,3,0.0,GREEN
030802600,08,26,0,100.0,RED
034101702,41,17,2,0.0,GREEN
031305201,13,52,1,0.0,GREEN
032203110,22,31,10,0.0,GREEN
034101301,41,13,1,0.0,GREEN
034101603,41,16,3,0.0,GREEN
032000303,20,3,3,0.0,GREEN
032506201,25,62,1,100.0,RED
034101201,41,12,1,0.0,GREEN
034101203,41,12,3,0.0,GREEN
032506203,25,62,3,100.0,RED
034100902,41,9,2,0.0,GREEN
034101102,41,11,2,0.0,GREEN
032501400,25,14,0,100.0,RED
034504905,45,49,5,0.0,GREEN
032504201,25,42,1,100.0,RED
031901201,19,12,1,100.0,RED
034505005,45,50,5,0.0,GREEN
030202600,02,26,0,0.0,GREEN
034505405,45,54,5,0.0,GREEN
034100203,41,2,3,0.0,GREEN
034505305,45,53,5,0.0,GREEN
034504705,45,47,5,0.0,GREEN
034505205,45,52,5,0.0,GREEN
031904105,19,41,5,100.0,RED
034803505,48,35,5,0.0,GREEN
032305401,23,54,1,100.0,RED
032501601,25,16,1,100.0,RED
032706802,27,68,2,100.0,RED
032804100,28,41,0,100.0,RED
031904601,19,46,1,100.0,RED
034707300,47,73,0,200.0,RED
032105301,21,53,1,100.0,RED
034801400,48,14,0,0.0,GREEN
032406906,24,69,6,0.0,GREEN
031601900,16,19,0,100.0,RED
032303300,23,33,0,0.0,GREEN
031104300,11,43,0,200.0,RED
030705800,07,58,0,200.0,RED
032305004,23,50,4,100.0,RED
032301504,23,15,4,0.0,GREEN
034803403,48,34,3,100.0,RED
032306001,23,60,1,100.0,RED
031905206,19,52,6,100.0,RED
032106305,21,63,5,100.0,RED
032002202,20,22,2,100.0,RED
032004103,20,41,3,100.0,RED
032405306,24,53,6,100.0,RED
032701706,27,17,6,0.0,GREEN
032705505,27,55,5,100.0,RED
032805806,28,58,6,0.0,GREEN
031901905,19,19,5,100.0,RED
032806203,28,62,3,100.0,RED
032502405,25,24,5,100.0,RED
032103306,21,33,6,0.0,GREEN
032604401,26,44,1,100.0,RED
032502502,25,25,2,100.0,RED
032606302,26,63,2,100.0,RED
032106505,21,65,5,0.0,GREEN
032802903,28,29,3,100.0,RED
032000503,20,5,3,100.0,RED
032204201,22,42,1,100.0,RED
032602203,26,22,3,100.0,RED
032306604,23,66,4,100.0,RED
032803002,28,30,2,100.0,RED
032805004,28,50,4,100.0,RED
032506301,25,63,1,100.0,RED
032506103,25,61,3,100.0,RED
032205401,22,54,1,100.0,RED
032503505,25,35,5,100.0,RED
034803603,48,36,3,100.0,RED
032706201,27,62,1,100.0,RED
032004805,20,48,5,100.0,RED
032701703,27,17,3,100.0,RED
032406205,24,62,5,0.0,GREEN
032102404,21,24,4,100.0,RED
032003501,20,35,1,100.0,RED
032204206,22,42,6,0.0,GREEN
032606503,26,65,3,0.0,GREEN
031905305,19,53,5,100.0,RED
032806904,28,69,4,100.0,RED
032606403,26,64,3,100.0,RED
034605305,46,53,5,0.0,GREEN
032606502,26,65,2,100.0,RED
032908704,29,87,4,0.0,GREEN
032706602,27,66,2,100.0,RED
030704400,07,44,0,200.0,RED
031004300,10,43,0,100.0,RED
031005001,10,50,1,0.0,GREEN
034801500,48,15,0,0.0,GREEN
030703101,07,31,1,0.0,GREEN
030704003,07,40,3,0.0,GREEN
031605402,16,54,2,0.0,GREEN
030600501,06,5,1,0.0,GREEN
030301900,03,19,0,100.0,RED
031002301,10,23,1,0.0,GREEN
031001802,10,18,2,0.0,GREEN
030703601,07,36,1,0.0,GREEN
032201305,22,13,5,0.0,GREEN
030905000,09,50,0,200.0,RED
031105001,11,50,1,0.0,GREEN
031205500,12,55,0,100.0,RED
031002705,10,27,5,0.0,GREEN
031001901,10,19,1,0.0,GREEN
031105500,11,55,0,200.0,RED
030702001,07,20,1,0.0,GREEN
031901101,19,11,1,100.0,RED
031105101,11,51,1,0.0,GREEN
031105204,11,52,4,0.0,GREEN
031005201,10,52,1,0.0,GREEN
030102601,01,26,1,0.0,GREEN
031401005,14,10,5,0.0,GREEN
031603700,16,37,0,100.0,RED
031305300,13,53,0,100.0,RED
031000306,10,3,6,0.0,GREEN
031603703,16,37,3,100.0,RED
031302300,13,23,0,100.0,RED
032206100,22,61,0,100.0,RED
032203505,22,35,5,0.0,GREEN
032607101,26,71,1,100.0,RED
031604700,16,47,0,100.0,RED
032900503,29,5,3,100.0,RED
032105306,21,53,6,0.0,GREEN
030903503,09,35,3,0.0,GREEN
030902900,09,29,0,0.0,GREEN
030603601,06,36,1,0.0,GREEN
031503301,15,33,1,0.0,GREEN
032301404,23,14,4,0.0,GREEN
030803101,08,31,1,0.0,GREEN
032404601,24,46,1,0.0,GREEN
031605100,16,51,0,100.0,RED
032100901,21,9,1,0.0,GREEN
031400206,14,2,6,0.0,GREEN
031005400,10,54,0,100.0,RED
030402600,04,26,0,200.0,RED
030100700,01,7,0,0.0,GREEN
031301706,13,17,6,0.0,GREEN
032003605,20,36,5,100.0,RED
031005700,10,57,0,100.0,RED
030903401,09,34,1,0.0,GREEN
032707803,27,78,3,0.0,GREEN
031306206,13,62,6,0.0,GREEN
030601800,06,18,0,200.0,RED
032807904,28,79,4,0.0,GREEN
030702801,07,28,1,0.0,GREEN
030501800,05,18,0,200.0,RED
031603206,16,32,6,100.0,RED
032301605,23,16,5,0.0,GREEN
030802901,08,29,1,0.0,GREEN
032607903,26,79,3,0.0,GREEN
032301505,23,15,5,0.0,GREEN
031204201,12,42,1,0.0,GREEN
031302500,13,25,0,100.0,RED
030202800,02,28,0,0.0,GREEN
031906601,19,66,1,100.0,RED
031905601,19,56,1,100.0,RED
031504600,15,46,0,100.0,RED
032103706,21,37,6,100.0,RED
032604502,26,45,2,100.0,RED
032105205,21,52,5,0.0,GREEN
030501900,05,19,0,0.0,GREEN
032907806,29,78,6,0.0,GREEN
030502700,05,27,0,100.0,RED
031901704,19,17,4,100.0,RED
030502800,05,28,0,200.0,RED
030302901,03,29,1,0.0,GREEN
030701701,07,17,1,0.0,GREEN
030602100,06,21,0,300.0,RED
032906903,29,69,3,0.0,GREEN
030804800,08,48,0,0.0,GREEN
031005800,10,58,0,200.0,RED
032101010,21,10,10,100.0,RED
031006000,10,60,0,200.0,RED
032702606,27,26,6,0.0,GREEN
032203301,22,33,1,100.0,RED
030805100,08,51,0,0.0,GREEN
030904201,09,42,1,0.0,GREEN
031703200,17,32,0,100.0,RED
030604600,06,46,0,200.0,RED
031903401,19,34,1,100.0,RED
030101701,01,17,1,0.0,GREEN
031101006,11,10,6,0.0,GREEN
032102205,21,22,5,0.0,GREEN
030102002,01,20,2,0.0,GREEN
032906500,29,65,0,50.0,YELLOW
034803600,48,36,0,0.0,GREEN
030601300,06,13,0,100.0,RED
031204300,12,43,0,0.0,GREEN
031606805,16,68,5,100.0,RED
030905001,09,50,1,0.0,GREEN
030905401,09,54,1,0.0,GREEN
031102900,11,29,0,100.0,RED
031604903,16,49,3,200.0,RED
031005101,10,51,1,0.0,GREEN
030702000,07,20,0,0.0,GREEN
030702004,07,20,4,0.0,GREEN
031402401,14,24,1,0.0,GREEN
031402701,14,27,1,100.0,RED
031706702,17,67,2,0.0,GREEN
031706402,17,64,2,100.0,RED
031505604,15,56,4,0.0,GREEN
032303105,23,31,5,100.0,RED
030402800,04,28,0,0.0,GREEN
031605805,16,58,5,100.0,RED
031803900,18,39,0,100.0,RED
031403000,14,30,0,100.0,RED
031603400,16,34,0,100.0,RED
031803600,18,36,0,100.0,RED
031706602,17,66,2,100.0,RED
031105800,11,58,0,200.0,RED
031806100,18,61,0,100.0,RED
031202701,12,27,1,0.0,GREEN
030603800,06,38,0,300.0,RED
031704803,17,48,3,100.0,RED
031205006,12,50,6,0.0,GREEN
031102105,11,21,5,0.0,GREEN
030602601,06,26,1,0.0,GREEN
031604602,16,46,2,100.0,RED
031706003,17,60,3,0.0,GREEN
030704200,07,42,0,0.0,GREEN
032503200,25,32,0,100.0,RED
031100704,11,7,4,0.0,GREEN
030904100,09,41,0,0.0,GREEN
030904200,09,42,0,100.0,RED
030203100,02,31,0,0.0,GREEN
031704503,17,45,3,100.0,RED
030705806,07,58,6,0.0,GREEN
032706301,27,63,1,100.0,RED
031601000,16,10,0,100.0,RED
031203701,12,37,1,0.0,GREEN
031602304,16,23,4,0.0,GREEN
031706000,17,60,0,100.0,RED
031104406,11,44,6,0.0,GREEN
031505405,15,54,5,0.0,GREEN
031505305,15,53,5,100.0,RED
030601200,06,12,0,0.0,GREEN
031205700,12,57,0,0.0,GREEN
030603000,06,30,0,100.0,RED
030702800,07,28,0,0.0,GREEN
031402300,14,23,0,100.0,RED
030502900,05,29,0,100.0,RED
030103101,01,31,1,0.0,GREEN
031205100,12,51,0,0.0,GREEN
031106100,11,61,0,200.0,RED
031805000,18,50,0,100.0,RED
031304201,13,42,1,0.0,GREEN
031404301,14,43,1,0.0,GREEN
031503701,15,37,1,100.0,RED
031603000,16,30,0,100.0,RED
031503500,15,35,0,100.0,RED
031600602,16,6,2,100.0,RED
034705500,47,55,0,100.0,RED
030102202,01,22,2,0.0,GREEN
031201905,12,19,5,0.0,GREEN
031202304,12,23,4,0.0,GREEN
032805304,28,53,4,100.0,RED
034704900,47,49,0,100.0,RED
034804100,48,41,0,0.0,GREEN
034606600,46,66,0,100.0,RED
032908200,29,82,0,50.0,YELLOW
030102102,01,21,2,100.0,RED
031203105,12,31,5,0.0,GREEN
030100504,01,5,4,100.0,RED
032106703,21,67,3,100.0,RED
031602105,16,21,5,100.0,RED
031003701,10,37,1,0.0,GREEN
030102402,01,24,2,100.0,RED
031301005,13,10,5,0.0,GREEN
032104001,21,40,1,100.0,RED
031904102,19,41,2,100.0,RED
032106501,21,65,1,100.0,RED
031102800,11,28,0,0.0,GREEN
031103703,11,37,3,0.0,GREEN
031203400,12,34,0,100.0,RED
031004101,10,41,1,0.0,GREEN
031004603,10,46,3,0.0,GREEN
031704900,17,49,0,100.0,RED
031405800,14,58,0,100.0,RED
031901500,19,15,0,100.0,RED
031402501,14,25,1,0.0,GREEN
031402205,14,22,5,0.0,GREEN
031304105,13,41,5,0.0,GREEN
030300801,03,8,1,0.0,GREEN
030200503,02,5,3,0.0,GREEN
031304001,13,40,1,0.0,GREEN
030301000,03,10,0,100.0,RED
031503604,15,36,4,0.0,GREEN
031503800,15,38,0,0.0,GREEN
031901301,19,13,1,100.0,RED
030302200,03,22,0,0.0,GREEN
030300800,03,8,0,0.0,GREEN
030403400,04,34,0,200.0,RED
030103100,01,31,0,300.0,RED
030303201,03,32,1,0.0,GREEN
030805301,08,53,1,0.0,GREEN
032601003,26,10,3,0.0,GREEN
030703500,07,35,0,0.0,GREEN
030704201,07,42,1,0.0,GREEN
030200902,02,9,2,0.0,GREEN
030802801,08,28,1,0.0,GREEN
030706000,07,60,0,0.0,GREEN
031600205,16,2,5,0.0,GREEN
032004802,20,48,2,100.0,RED
031003001,10,30,1,0.0,GREEN
030900703,09,7,3,0.0,GREEN
030302701,03,27,1,0.0,GREEN
034504700,45,47,0,0.0,GREEN
031401500,14,15,0,100.0,RED
030805001,08,50,1,0.0,GREEN
030402000,04,20,0,200.0,RED
030101800,01,18,0,100.0,RED
030402401,04,24,1,0.0,GREEN
031102301,11,23,1,0.0,GREEN
031102702,11,27,2,0.0,GREEN
030804201,08,42,1,0.0,GREEN
031503200,15,32,0,100.0,RED
034706300,47,63,0,100.0,RED
030804103,08,41,3,0.0,GREEN
030902400,09,24,0,0.0,GREEN
034705200,47,52,0,100.0,RED
031902201,19,22,1,100.0,RED
032201204,22,12,4,100.0,RED
032201205,22,12,5,0.0,GREEN
031202800,12,28,0,0.0,GREEN
030603300,06,33,0,100.0,RED
031201805,12,18,5,0.0,GREEN
030705901,07,59,1,0.0,GREEN
030706903,07,69,3,0.0,GREEN
031306105,13,61,5,0.0,GREEN
030904000,09,40,0,200.0,RED
032406003,24,60,3,100.0,RED
030604201,06,42,1,0.0,GREEN
030203001,02,30,1,0.0,GREEN
031705900,17,59,0,100.0,RED
031701200,17,12,0,0.0,GREEN
031906906,19,69,6,0.0,GREEN
030704206,07,42,6,0.0,GREEN
030803900,08,39,0,0.0,GREEN
031406303,14,63,3,200.0,RED
030202900,02,29,0,0.0,GREEN
031000501,10,5,1,0.0,GREEN
031605602,16,56,2,0.0,GREEN
032806201,28,62,1,100.0,RED
031202400,12,24,0,0.0,GREEN
031704000,17,40,0,100.0,RED
030401500,04,15,0,100.0,RED
030701800,07,18,0,0.0,GREEN
032300804,23,8,4,100.0,RED
031005006,10,50,6,0.0,GREEN
031203700,12,37,0,100.0,RED
031203800,12,38,0,100.0,RED
031003400,10,34,0,0.0,GREEN
031802400,18,24,0,100.0,RED
031405906,14,59,6,0.0,GREEN
031403300,14,33,0,100.0,RED
031903805,19,38,5,100.0,RED
030902701,09,27,1,0.0,GREEN
031002401,10,24,1,0.0,GREEN
030802900,08,29,0,0.0,GREEN
032206402,22,64,2,100.0,RED
031205701,12,57,1,0.0,GREEN
030805700,08,57,0,0.0,GREEN
030704700,07,47,0,100.0,RED
031402700,14,27,0,100.0,RED
032604901,26,49,1,100.0,RED
032603604,26,36,4,100.0,RED
032601701,26,17,1,100.0,RED
031103100,11,31,0,0.0,GREEN
031103000,11,30,0,300.0,RED
031203200,12,32,0,100.0,RED
030301701,03,17,1,0.0,GREEN
030203103,02,31,3,0.0,GREEN
030805000,08,50,0,100.0,RED
031804700,18,47,0,100.0,RED
030500701,05,7,1,0.0,GREEN
030500702,05,7,2,0.0,GREEN
030503100,05,31,0,100.0,RED
030702400,07,24,0,0.0,GREEN
030802401,08,24,1,0.0,GREEN
032605506,26,55,6,0.0,GREEN
031000605,10,6,5,0.0,GREEN
031605500,16,55,0,100.0,RED
031105700,11,57,0,200.0,RED
030803503,08,35,3,0.0,GREEN
031203500,12,35,0,100.0,RED
031303700,13,37,0,100.0,RED
031100303,11,3,3,0.0,GREEN
031403501,14,35,1,0.0,GREEN
034606200,46,62,0,100.0,RED
034812111,48,121,11,0.0,GREEN
031102501,11,25,1,0.0,GREEN
032906800,29,68,0,100.0,RED
030201000,02,10,0,0.0,GREEN
032607500,26,75,0,50.0,YELLOW
034812611,48,126,11,0.0,GREEN
031801600,18,16,0,100.0,RED
034607200,46,72,0,100.0,RED
031003301,10,33,1,0.0,GREEN
034804600,48,46,0,0.0,GREEN
032007003,20,70,3,100.0,RED
032506500,25,65,0,50.0,YELLOW
031305900,13,59,0,100.0,RED
032706900,27,69,0,50.0,YELLOW
032908800,29,88,0,100.0,RED
032609100,26,91,0,50.0,YELLOW
031306100,13,61,0,100.0,RED
030502200,05,22,0,200.0,RED
030806206,08,62,6,0.0,GREEN
031403900,14,39,0,100.0,RED
031005900,10,59,0,100.0,RED
032607001,26,70,1,0.0,GREEN
030705200,07,52,0,100.0,RED
030707004,07,70,4,0.0,GREEN
031404201,14,42,1,100.0,RED
031502900,15,29,0,100.0,RED
031503400,15,34,0,100.0,RED
030501500,05,15,0,200.0,RED
030706206,07,62,6,0.0,GREEN
031706200,17,62,0,100.0,RED
030706306,07,63,6,0.0,GREEN
032601302,26,13,2,100.0,RED
031102401,11,24,1,0.0,GREEN
030706506,07,65,6,0.0,GREEN
031504103,15,41,3,0.0,GREEN
032304004,23,40,4,100.0,RED
031606004,16,60,4,100.0,RED
031702400,17,24,0,100.0,RED
031500802,15,8,2,0.0,GREEN
031806400,18,64,0,100.0,RED
030604401,06,44,1,0.0,GREEN
030604402,06,44,2,0.0,GREEN
034705800,47,58,0,200.0,RED
030600703,06,7,3,0.0,GREEN
030303103,03,31,3,0.0,GREEN
031402901,14,29,1,100.0,RED
031203600,12,36,0,0.0,GREEN
030902602,09,26,2,0.0,GREEN
031504200,15,42,0,100.0,RED
031806700,18,67,0,100.0,RED
031605005,16,50,5,100.0,RED
030202700,02,27,0,0.0,GREEN
030902700,09,27,0,0.0,GREEN
030402200,04,22,0,200.0,RED
031603100,16,31,0,100.0,RED
031500703,15,7,3,0.0,GREEN
032405404,24,54,4,100.0,RED
030102600,01,26,0,100.0,RED
031104200,11,42,0,200.0,RED
030100300,01,3,0,0.0,GREEN
032305805,23,58,5,100.0,RED
030401801,04,18,1,0.0,GREEN
030201202,02,12,2,0.0,GREEN
032506205,25,62,5,0.0,GREEN
030600600,06,6,0,100.0,RED
030705300,07,53,0,200.0,RED
034606000,46,60,0,100.0,RED
032806704,28,67,4,0.0,GREEN
030701305,07,13,5,0.0,GREEN
030602900,06,29,0,100.0,RED
030604000,06,40,0,200.0,RED
030201200,02,12,0,0.0,GREEN
031504400,15,44,0,100.0,RED
034707000,47,70,0,0.0,GREEN
031505001,15,50,1,100.0,RED
034607000,46,70,0,100.0,RED
031904701,19,47,1,100.0,RED
032102501,21,25,1,100.0,RED
031205301,12,53,1,200.0,RED
031800801,18,8,1,100.0,RED
032201301,22,13,1,100.0,RED
032604701,26,47,1,100.0,RED
032703201,27,32,1,100.0,RED
031803000,18,30,0,100.0,RED
031203901,12,39,1,0.0,GREEN
034504802,45,48,2,0.0,GREEN
032306201,23,62,1,100.0,RED
030202200,02,22,0,0.0,GREEN
031505100,15,51,0,100.0,RED
032106100,21,61,0,100.0,RED
031403201,14,32,1,100.0,RED
030601901,06,19,1,0.0,GREEN
030805800,08,58,0,100.0,RED
031305500,13,55,0,100.0,RED
030402700,04,27,0,100.0,RED
030905504,09,55,4,0.0,GREEN
034605403,46,54,3,100.0,RED
034605404,46,54,4,0.0,GREEN
034704202,47,42,2,0.0,GREEN
034704203,47,42,3,0.0,GREEN
030301800,03,18,0,100.0,RED
030303400,03,34,0,0.0,GREEN
030500900,05,9,0,200.0,RED
034704204,47,42,4,0.0,GREEN
034704301,47,43,1,100.0,RED
034704303,47,43,3,0.0,GREEN
034704502,47,45,2,100.0,RED
034704503,47,45,3,100.0,RED
034704602,47,46,2,100.0,RED
030702600,07,26,0,0.0,GREEN
031305904,13,59,4,100.0,RED
032601200,26,12,0,100.0,RED
030802701,08,27,1,0.0,GREEN
030804400,08,44,0,0.0,GREEN
032805600,28,56,0,100.0,RED
034704801,47,48,1,100.0,RED
034704803,47,48,3,100.0,RED
034704903,47,49,3,0.0,GREEN
034704904,47,49,4,0.0,GREEN
034705001,47,50,1,100.0,RED
031005701,10,57,1,0.0,GREEN
031904706,19,47,6,100.0,RED
031005600,10,56,0,200.0,RED
031604405,16,44,5,0.0,GREEN
031201400,12,14,0,0.0,GREEN
031403400,14,34,0,100.0,RED
031102500,11,25,0,200.0,RED
031105200,11,52,0,200.0,RED
031603103,16,31,3,0.0,GREEN
031701400,17,14,0,100.0,RED
030604700,06,47,0,200.0,RED
030604504,06,45,4,0.0,GREEN
031600905,16,9,5,100.0,RED
032406101,24,61,1,0.0,GREEN
031401100,14,11,0,100.0,RED
031400800,14,8,0,100.0,RED
031601105,16,11,5,0.0,GREEN
034706200,47,62,0,100.0,RED
032502201,25,22,1,100.0,RED
032504901,25,49,1,100.0,RED
032205600,22,56,0,100.0,RED
031501705,15,17,5,0.0,GREEN
031501605,15,16,5,100.0,RED
031505000,15,50,0,100.0,RED
031604803,16,48,3,100.0,RED
031501505,15,15,5,0.0,GREEN
031202700,12,27,0,0.0,GREEN
031201505,12,15,5,0.0,GREEN
031602600,16,26,0,100.0,RED
031602605,16,26,5,100.0,RED
031600806,16,8,6,0.0,GREEN
031404400,14,44,0,100.0,RED
031403106,14,31,6,0.0,GREEN
031402106,14,21,6,0.0,GREEN
034802100,48,21,0,0.0,GREEN
031404404,14,44,4,100.0,RED
031606602,16,66,2,0.0,GREEN
030102902,01,29,2,0.0,GREEN
030200901,02,9,1,0.0,GREEN
031600705,16,7,5,0.0,GREEN
030906103,09,61,3,0.0,GREEN
031104802,11,48,2,0.0,GREEN
030403300,04,33,0,100.0,RED
031203102,12,31,2,0.0,GREEN
030502701,05,27,1,0.0,GREEN
031001300,10,13,0,0.0,GREEN
031204004,12,40,4,0.0,GREEN
031605600,16,56,0,100.0,RED
031605304,16,53,4,100.0,RED
031401103,14,11,3,100.0,RED
032201405,22,14,5,0.0,GREEN
031502105,15,21,5,100.0,RED
031506005,15,60,5,100.0,RED
031801102,18,11,2,100.0,RED
031805500,18,55,0,100.0,RED
031503700,15,37,0,100.0,RED
031602004,16,20,4,0.0,GREEN
031601805,16,18,5,0.0,GREEN
030903900,09,39,0,200.0,RED
030904304,09,43,4,0.0,GREEN
032500800,25,8,0,0.0,GREEN
030602901,06,29,1,0.0,GREEN
030805400,08,54,0,0.0,GREEN
030804905,08,49,5,0.0,GREEN
031206000,12,60,0,0.0,GREEN
031206305,12,63,5,0.0,GREEN
030701703,07,17,3,0.0,GREEN
031005801,10,58,1,0.0,GREEN
030603402,06,34,2,0.0,GREEN
031105901,11,59,1,0.0,GREEN
031106506,11,65,6,0.0,GREEN
031402800,14,28,0,100.0,RED
031603300,16,33,0,100.0,RED
032604400,26,44,0,100.0,RED
031305400,13,54,0,100.0,RED
031303600,13,36,0,100.0,RED
031402504,14,25,4,0.0,GREEN
031606405,16,64,5,100.0,RED
030706101,07,61,1,0.0,GREEN
030903702,09,37,2,0.0,GREEN
031304605,13,46,5,0.0,GREEN
030705804,07,58,4,0.0,GREEN
030705000,07,50,0,100.0,RED
030704702,07,47,2,0.0,GREEN
030703406,07,34,6,0.0,GREEN
030804500,08,45,0,100.0,RED
030804606,08,46,6,0.0,GREEN
030803206,08,32,6,0.0,GREEN
030804300,08,43,0,0.0,GREEN
030804504,08,45,4,0.0,GREEN
030604300,06,43,0,200.0,RED
031500605,15,6,5,0.0,GREEN
032609200,26,92,0,50.0,YELLOW
034605800,46,58,0,100.0,RED
032806700,28,67,0,100.0,RED
032908300,29,83,0,100.0,RED
032808500,28,85,0,50.0,YELLOW
034812412,48,124,12,100.0,RED
031906600,19,66,0,100.0,RED
031305101,13,51,1,0.0,GREEN
030605300,06,53,0,100.0,RED
030804200,08,42,0,0.0,GREEN
031103900,11,39,0,200.0,RED
032802000,28,20,0,100.0,RED
031402100,14,21,0,100.0,RED
034704400,47,44,0,100.0,RED
034604900,46,49,0,0.0,GREEN
032603301,26,33,1,100.0,RED
032205905,22,59,5,100.0,RED
030604200,06,42,0,100.0,RED
030403301,04,33,1,0.0,GREEN
030604400,06,44,0,300.0,RED
030605500,06,55,0,100.0,RED
030401800,04,18,0,100.0,RED
031503501,15,35,1,100.0,RED
031702200,17,22,0,100.0,RED
031505800,15,58,0,100.0,RED
030603801,06,38,1,0.0,GREEN
030605400,06,54,0,200.0,RED
031003901,10,39,1,0.0,GREEN
031803700,18,37,0,100.0,RED
031906400,19,64,0,100.0,RED
030502000,05,20,0,0.0,GREEN
032803100,28,31,0,100.0,RED
030501200,05,12,0,0.0,GREEN
032502200,25,22,0,0.0,GREEN
031704701,17,47,1,100.0,RED
031501903,15,19,3,0.0,GREEN
031403103,14,31,3,0.0,GREEN
032202900,22,29,0,100.0,RED
031804401,18,44,1,100.0,RED
030500504,05,5,4,0.0,GREEN
030801904,08,19,4,0.0,GREEN
030503203,05,32,3,0.0,GREEN
032403710,24,37,10,0.0,GREEN
034801800,48,18,0,0.0,GREEN
032405300,24,53,0,100.0,RED
031901205,19,12,5,0.0,GREEN
031904301,19,43,1,100.0,RED
032002002,20,20,2,100.0,RED
032003101,20,31,1,100.0,RED
032004303,20,43,3,100.0,RED
032006103,20,61,3,100.0,RED
032006505,20,65,5,100.0,RED
032103901,21,39,1,100.0,RED
032105601,21,56,1,100.0,RED
032302001,23,20,1,100.0,RED
032206605,22,66,5,0.0,GREEN
032303102,23,31,2,100.0,RED
032302901,23,29,1,100.0,RED
032405206,24,52,6,100.0,RED
032407303,24,73,3,100.0,RED
032501805,25,18,5,100.0,RED
032504101,25,41,1,100.0,RED
032603506,26,35,6,100.0,RED
032804404,28,44,4,0.0,GREEN
034802702,48,27,2,0.0,GREEN
032600801,26,8,1,0.0,GREEN
032805100,28,51,0,100.0,RED
034704500,47,45,0,500.0,RED
034604700,46,47,0,0.0,GREEN
032202903,22,29,3,0.0,GREEN
034705004,47,50,4,0.0,GREEN
034705101,47,51,1,100.0,RED
034705102,47,51,2,100.0,RED
034705103,47,51,3,100.0,RED
034605903,46,59,3,100.0,RED
034705203,47,52,3,100.0,RED
034705204,47,52,4,0.0,GREEN
034705303,47,53,3,100.0,RED
034705402,47,54,2,100.0,RED
034800502,48,5,2,0.0,GREEN
034800902,48,9,2,0.0,GREEN
034801204,48,12,4,0.0,GREEN
034801801,48,18,1,0.0,GREEN
034801802,48,18,2,100.0,RED
034802104,48,21,4,0.0,GREEN
034802206,48,22,6,0.0,GREEN
034802306,48,23,6,0.0,GREEN
034802401,48,24,1,100.0,RED
034802404,48,24,4,0.0,GREEN
034802406,48,24,6,0.0,GREEN
034802606,48,26,6,0.0,GREEN
034802705,48,27,5,0.0,GREEN
034802803,48,28,3,100.0,RED
034101701,41,17,1,0.0,GREEN
034803005,48,30,5,0.0,GREEN
034803006,48,30,6,0.0,GREEN
034803101,48,31,1,0.0,GREEN
034803104,48,31,4,0.0,GREEN
034803106,48,31,6,0.0,GREEN
034803201,48,32,1,0.0,GREEN
034803202,48,32,2,100.0,RED
034803303,48,33,3,0.0,GREEN
034803304,48,33,4,0.0,GREEN
034803306,48,33,6,0.0,GREEN
034803405,48,34,5,0.0,GREEN
034803602,48,36,2,100.0,RED
034803705,48,37,5,0.0,GREEN
034804006,48,40,6,0.0,GREEN
034804301,48,43,1,100.0,RED
034804504,48,45,4,0.0,GREEN
034804601,48,46,1,0.0,GREEN
034805002,48,50,2,100.0,RED
034805303,48,53,3,0.0,GREEN
034102102,41,21,2,0.0,GREEN
034102201,41,22,1,0.0,GREEN
034102202,41,22,2,0.0,GREEN
034102203,41,22,3,0.0,GREEN
034102301,41,23,1,0.0,GREEN
034102302,41,23,2,0.0,GREEN
034102303,41,23,3,0.0,GREEN
034102401,41,24,1,0.0,GREEN
034102402,41,24,2,0.0,GREEN
034102501,41,25,1,0.0,GREEN
034102502,41,25,2,0.0,GREEN
034102503,41,25,3,0.0,GREEN
034102601,41,26,1,0.0,GREEN
034102602,41,26,2,0.0,GREEN
034102603,41,26,3,0.0,GREEN
031906905,19,69,5,100.0,RED
034102701,41,27,1,0.0,GREEN
034102702,41,27,2,0.0,GREEN
034102703,41,27,3,0.0,GREEN
032000104,20,1,4,100.0,RED
034200101,42,1,1,0.0,GREEN
034200102,42,1,2,0.0,GREEN
034606002,46,60,2,100.0,RED
034606004,46,60,4,100.0,RED
034200103,42,1,3,0.0,GREEN
032000206,20,2,6,0.0,GREEN
034200201,42,2,1,0.0,GREEN
034200202,42,2,2,0.0,GREEN
034200203,42,2,3,0.0,GREEN
034200301,42,3,1,0.0,GREEN
034200302,42,3,2,0.0,GREEN
034200303,42,3,3,0.0,GREEN
032000304,20,3,4,0.0,GREEN
034200401,42,4,1,0.0,GREEN
034200402,42,4,2,0.0,GREEN
034200403,42,4,3,0.0,GREEN
034200501,42,5,1,0.0,GREEN
034200502,42,5,2,0.0,GREEN
034200503,42,5,3,0.0,GREEN
032000806,20,8,6,0.0,GREEN
034200601,42,6,1,0.0,GREEN
032001806,20,18,6,100.0,RED
034200602,42,6,2,0.0,GREEN
034200603,42,6,3,0.0,GREEN
034605605,46,56,5,0.0,GREEN
034200701,42,7,1,0.0,GREEN
034200702,42,7,2,0.0,GREEN
034200703,42,7,3,0.0,GREEN
034200801,42,8,1,0.0,GREEN
034200802,42,8,2,0.0,GREEN
034200803,42,8,3,0.0,GREEN
034200901,42,9,1,0.0,GREEN
032001906,20,19,6,100.0,RED
034200902,42,9,2,0.0,GREEN
034200903,42,9,3,0.0,GREEN
034201001,42,10,1,0.0,GREEN
034201002,42,10,2,0.0,GREEN
034201003,42,10,3,0.0,GREEN
034201101,42,11,1,0.0,GREEN
032002006,20,20,6,0.0,GREEN
032002206,20,22,6,100.0,RED
034201102,42,11,2,0.0,GREEN
034201103,42,11,3,0.0,GREEN
032002306,20,23,6,0.0,GREEN
034201201,42,12,1,0.0,GREEN
034201202,42,12,2,0.0,GREEN
034201203,42,12,3,0.0,GREEN
034201301,42,13,1,0.0,GREEN
034201302,42,13,2,0.0,GREEN
034201303,42,13,3,0.0,GREEN
032002505,20,25,5,100.0,RED
034201401,42,14,1,0.0,GREEN
034201402,42,14,2,0.0,GREEN
034806802,48,68,2,100.0,RED
032105405,21,54,5,0.0,GREEN
032200905,22,9,5,0.0,GREEN
032200605,22,6,5,0.0,GREEN
034606700,46,67,0,100.0,RED
032304105,23,41,5,100.0,RED
032001501,20,15,1,100.0,RED
032704201,27,42,1,100.0,RED
032103305,21,33,5,100.0,RED
032707100,27,71,0,50.0,YELLOW
032807300,28,73,0,50.0,YELLOW
034604400,46,44,0,0.0,GREEN
032807400,28,74,0,50.0,YELLOW
032506200,25,62,0,100.0,RED
032306200,23,62,0,100.0,RED
032300905,23,9,5,0.0,GREEN
032501405,25,14,5,100.0,RED
032501304,25,13,4,100.0,RED
032502100,25,21,0,0.0,GREEN
032501205,25,12,5,100.0,RED
032503600,25,36,0,100.0,RED
032504300,25,43,0,100.0,RED
032504400,25,44,0,100.0,RED
032506304,25,63,4,0.0,GREEN
032603504,26,35,4,100.0,RED
032004500,20,45,0,100.0,RED
032301501,23,15,1,0.0,GREEN
032206200,22,62,0,100.0,RED
031902102,19,21,2,100.0,RED
032003903,20,39,3,100.0,RED
032002310,20,23,10,0.0,GREEN
034100501,41,5,1,0.0,GREEN
031904405,19,44,5,0.0,GREEN
031901805,19,18,5,0.0,GREEN
032104802,21,48,2,0.0,GREEN
032105201,21,52,1,100.0,RED
032102903,21,29,3,100.0,RED
031901503,19,15,3,100.0,RED
032103701,21,37,1,100.0,RED
032103604,21,36,4,0.0,GREEN
031903202,19,32,2,100.0,RED
031904502,19,45,2,100.0,RED
032006405,20,64,5,100.0,RED
032100905,21,9,5,0.0,GREEN
032304805,23,48,5,100.0,RED
032204602,22,46,2,100.0,RED
032105805,21,58,5,100.0,RED
032305101,23,51,1,100.0,RED
032407004,24,70,4,100.0,RED
032500803,25,8,3,100.0,RED
032704601,27,46,1,100.0,RED
032504801,25,48,1,100.0,RED
032604305,26,43,5,0.0,GREEN
032501000,25,10,0,100.0,RED
032501106,25,11,6,100.0,RED
032501005,25,10,5,0.0,GREEN
032505406,25,54,6,100.0,RED
032505806,25,58,6,100.0,RED
032500804,25,8,4,100.0,RED
032601605,26,16,5,100.0,RED
032601806,26,18,6,0.0,GREEN
032502004,25,20,4,100.0,RED
032801904,28,19,4,0.0,GREEN
034805604,48,56,4,0.0,GREEN
032602206,26,22,6,0.0,GREEN
032602804,26,28,4,0.0,GREEN
032603406,26,34,6,0.0,GREEN
034707200,47,72,0,0.0,GREEN
032602006,26,20,6,0.0,GREEN
032603805,26,38,5,100.0,RED
032604905,26,49,5,0.0,GREEN
032701704,27,17,4,100.0,RED
032701805,27,18,5,0.0,GREEN
032702006,27,20,6,0.0,GREEN
032704106,27,41,6,0.0,GREEN
032704406,27,44,6,0.0,GREEN
032804200,28,42,0,100.0,RED
032505400,25,54,0,100.0,RED
032101902,21,19,2,100.0,RED
032504303,25,43,3,100.0,RED
032507302,25,73,2,100.0,RED
031903900,19,39,0,100.0,RED
032803505,28,35,5,100.0,RED
032802802,28,28,2,0.0,GREEN
032105603,21,56,3,100.0,RED
031903301,19,33,1,100.0,RED
031901403,19,14,3,100.0,RED
032407001,24,70,1,100.0,RED
032405402,24,54,2,100.0,RED
031505300,15,53,0,100.0,RED
031604705,16,47,5,100.0,RED
031604100,16,41,0,100.0,RED
031602205,16,22,5,100.0,RED
031600704,16,7,4,0.0,GREEN
031602902,16,29,2,100.0,RED
030703100,07,31,0,0.0,GREEN
030705101,07,51,1,0.0,GREEN
031404300,14,43,0,100.0,RED
031102700,11,27,0,0.0,GREEN
031102602,11,26,2,0.0,GREEN
031202502,12,25,2,0.0,GREEN
031101302,11,13,2,0.0,GREEN
032004810,20,48,10,0.0,GREEN
030902503,09,25,3,0.0,GREEN
031002300,10,23,0,100.0,RED
031000502,10,5,2,0.0,GREEN
032206302,22,63,2,100.0,RED
030701402,07,14,2,0.0,GREEN
031105301,11,53,1,0.0,GREEN
031304500,13,45,0,100.0,RED
032204601,22,46,1,100.0,RED
030602700,06,27,0,200.0,RED
030602802,06,28,2,0.0,GREEN
030503101,05,31,1,0.0,GREEN
030101900,01,19,0,0.0,GREEN
030202206,02,22,6,0.0,GREEN
030402101,04,21,1,0.0,GREEN
031106000,11,60,0,100.0,RED
031606204,16,62,4,0.0,GREEN
030805900,08,59,0,0.0,GREEN
030300501,03,5,1,0.0,GREEN
032206802,22,68,2,100.0,RED
030702401,07,24,1,0.0,GREEN
031603800,16,38,0,100.0,RED
031302600,13,26,0,100.0,RED
031004000,10,40,0,100.0,RED
031601702,16,17,2,100.0,RED
031004301,10,43,1,0.0,GREEN
031903905,19,39,5,100.0,RED
032901403,29,14,3,100.0,RED
032704705,27,47,5,0.0,GREEN
032104605,21,46,5,100.0,RED
032306501,23,65,1,100.0,RED
031901505,19,15,5,100.0,RED
032505503,25,55,3,100.0,RED
032602205,26,22,5,0.0,GREEN
032301803,23,18,3,100.0,RED
032006003,20,60,3,100.0,RED
032206804,22,68,4,100.0,RED
032905304,29,53,4,100.0,RED
032906105,29,61,5,0.0,GREEN
032501404,25,14,4,100.0,RED
032504204,25,42,4,100.0,RED
032006302,20,63,2,100.0,RED
032902306,29,23,6,0.0,GREEN
032104303,21,43,3,100.0,RED
032005002,20,50,2,100.0,RED
034804203,48,42,3,0.0,GREEN
032205004,22,50,4,100.0,RED
032509004,25,90,4,100.0,RED
032508303,25,83,3,100.0,RED
032908404,29,84,4,100.0,RED
032909001,29,90,1,100.0,RED
032105501,21,55,1,100.0,RED
032003206,20,32,6,0.0,GREEN
032003406,20,34,6,100.0,RED
032203306,22,33,6,0.0,GREEN
034801100,48,11,0,0.0,GREEN
034800300,48,3,0,0.0,GREEN
031500700,15,7,0,0.0,GREEN
032605105,26,51,5,0.0,GREEN
031305800,13,58,0,100.0,RED
032601905,26,19,5,100.0,RED
032606203,26,62,3,100.0,RED
031403601,14,36,1,0.0,GREEN
032600704,26,7,4,0.0,GREEN
031505500,15,55,0,100.0,RED
031507003,15,70,3,0.0,GREEN
032603005,26,30,5,0.0,GREEN
031705700,17,57,0,100.0,RED
031806502,18,65,2,100.0,RED
031805002,18,50,2,0.0,GREEN
034204910,42,49,10,0.0,GREEN
032204104,22,41,4,100.0,RED
031805302,18,53,2,100.0,RED
032607202,26,72,2,100.0,RED
032005101,20,51,1,100.0,RED
032006606,20,66,6,0.0,GREEN
032200505,22,5,5,0.0,GREEN
031500305,15,3,5,0.0,GREEN
030605901,06,59,1,0.0,GREEN
031503101,15,31,1,0.0,GREEN
031402305,14,23,5,100.0,RED
032709205,27,92,5,0.0,GREEN
030605301,06,53,1,0.0,GREEN
032102505,21,25,5,0.0,GREEN
032102506,21,25,6,0.0,GREEN
031501104,15,11,4,100.0,RED
031505501,15,55,1,0.0,GREEN
032507304,25,73,4,100.0,RED
031500604,15,6,4,100.0,RED
031206502,12,65,2,0.0,GREEN
031604905,16,49,5,100.0,RED
032506704,25,67,4,0.0,GREEN
032507503,25,75,3,200.0,RED
031205902,12,59,2,100.0,RED
032507504,25,75,4,100.0,RED
031205904,12,59,4,0.0,GREEN
030502804,05,28,4,0.0,GREEN
031505705,15,57,5,100.0,RED
031104500,11,45,0,200.0,RED
030707005,07,70,5,0.0,GREEN
032606303,26,63,3,100.0,RED
031705601,17,56,1,100.0,RED
032404901,24,49,1,0.0,GREEN
030401700,04,17,0,300.0,RED
030402704,04,27,4,0.0,GREEN
032606901,26,69,1,100.0,RED
032100505,21,5,5,100.0,RED
030902901,09,29,1,0.0,GREEN
032204605,22,46,5,100.0,RED
032606204,26,62,4,100.0,RED
032807001,28,70,1,100.0,RED
032606304,26,63,4,100.0,RED
032606404,26,64,4,100.0,RED
032103503,21,35,3,100.0,RED
032606405,26,64,5,100.0,RED
030803901,08,39,1,0.0,GREEN
030803902,08,39,2,0.0,GREEN
031204400,12,44,0,100.0,RED
031100901,11,9,1,0.0,GREEN
031400700,14,7,0,100.0,RED
032905302,29,53,2,0.0,GREEN
031306000,13,60,0,100.0,RED
032905402,29,54,2,100.0,RED
030603700,06,37,0,100.0,RED
030202705,02,27,5,0.0,GREEN
032805400,28,54,0,100.0,RED
034803805,48,38,5,0.0,GREEN
031304204,13,42,4,0.0,GREEN
032606803,26,68,3,100.0,RED
032606804,26,68,4,100.0,RED
032105806,21,58,6,100.0,RED
032606904,26,69,4,100.0,RED
031605300,16,53,0,100.0,RED
032906403,29,64,3,100.0,RED
030401000,04,10,0,0.0,GREEN
031706400,17,64,0,100.0,RED
032107006,21,70,6,100.0,RED
032905503,29,55,3,0.0,GREEN
032905504,29,55,4,0.0,GREEN
031806800,18,68,0,100.0,RED
031403006,14,30,6,0.0,GREEN
031002003,10,20,3,0.0,GREEN
032904303,29,43,3,100.0,RED
032704103,27,41,3,100.0,RED
032904202,29,42,2,100.0,RED
030302001,03,20,1,0.0,GREEN
032603205,26,32,5,100.0,RED
030801906,08,19,6,0.0,GREEN
031501803,15,18,3,100.0,RED
032808204,28,82,4,100.0,RED
031800700,18,7,0,100.0,RED
032200601,22,6,1,0.0,GREEN
032202301,22,23,1,0.0,GREEN
032903403,29,34,3,100.0,RED
030502600,05,26,0,200.0,RED
032903802,29,38,2,0.0,GREEN
032903303,29,33,3,0.0,GREEN
030900100,09,1,0,0.0,GREEN
031201000,12,10,0,0.0,GREEN
031000100,10,1,0,0.0,GREEN
031100900,11,9,0,0.0,GREEN
031300600,13,6,0,0.0,GREEN
031100700,11,7,0,0.0,GREEN
031100100,11,1,0,0.0,GREEN
032903503,29,35,3,0.0,GREEN
030806100,08,61,0,0.0,GREEN
032906401,29,64,1,0.0,GREEN
032905604,29,56,4,0.0,GREEN
032906303,29,63,3,100.0,RED
031602400,16,24,0,100.0,RED
032906404,29,64,4,100.0,RED
031300500,13,5,0,100.0,RED
030803801,08,38,1,0.0,GREEN
030905601,09,56,1,0.0,GREEN
031002501,10,25,1,0.0,GREEN
032808603,28,86,3,100.0,RED
032808604,28,86,4,100.0,RED
031803200,18,32,0,100.0,RED
031503401,15,34,1,0.0,GREEN
031602800,16,28,0,100.0,RED
032808304,28,83,4,100.0,RED
031602900,16,29,0,100.0,RED
031306905,13,69,5,100.0,RED
031801400,18,14,0,100.0,RED
032708104,27,81,4,0.0,GREEN
032708802,27,88,2,100.0,RED
032708902,27,89,2,100.0,RED
030302500,03,25,0,100.0,RED
031203000,12,30,0,0.0,GREEN
031203003,12,30,3,0.0,GREEN
030703401,07,34,1,0.0,GREEN
031204101,12,41,1,100.0,RED
031204602,12,46,2,0.0,GREEN
032708403,27,84,3,100.0,RED
031202606,12,26,6,0.0,GREEN
030904101,09,41,1,0.0,GREEN
031004303,10,43,3,0.0,GREEN
031004304,10,43,4,0.0,GREEN
031003101,10,31,1,0.0,GREEN
030906502,09,65,2,0.0,GREEN
032503201,25,32,1,100.0,RED
031001903,10,19,3,0.0,GREEN
030101100,01,11,0,0.0,GREEN
030801302,08,13,2,0.0,GREEN
030802800,08,28,0,0.0,GREEN
030802704,08,27,4,0.0,GREEN
030100400,01,4,0,0.0,GREEN
030704701,07,47,1,0.0,GREEN
030704504,07,45,4,0.0,GREEN
030903100,09,31,0,0.0,GREEN
030401901,04,19,1,0.0,GREEN
030702300,07,23,0,0.0,GREEN
030803400,08,34,0,0.0,GREEN
030803805,08,38,5,0.0,GREEN
031504201,15,42,1,0.0,GREEN
031105210,11,52,10,0.0,GREEN
030802300,08,23,0,0.0,GREEN
030801504,08,15,4,0.0,GREEN
030601801,06,18,1,0.0,GREEN
030601500,06,15,0,200.0,RED
030603200,06,32,0,200.0,RED
030603501,06,35,1,0.0,GREEN
030706001,07,60,1,0.0,GREEN
030705903,07,59,3,0.0,GREEN
032100704,21,7,4,100.0,RED
031002800,10,28,0,200.0,RED
030500703,05,7,3,0.0,GREEN
031106101,11,61,1,0.0,GREEN
030703900,07,39,0,0.0,GREEN
030300504,03,5,4,0.0,GREEN
031403600,14,36,0,100.0,RED
030705501,07,55,1,0.0,GREEN
031205801,12,58,1,0.0,GREEN
031306002,13,60,2,0.0,GREEN
031405702,14,57,2,0.0,GREEN
031702600,17,26,0,100.0,RED
030802400,08,24,0,0.0,GREEN
030805901,08,59,1,0.0,GREEN
030903301,09,33,1,0.0,GREEN
031400603,14,6,3,100.0,RED
030401002,04,10,2,0.0,GREEN
030200800,02,8,0,0.0,GREEN
034102403,41,24,3,0.0,GREEN
032504505,25,45,5,100.0,RED
031103300,11,33,0,200.0,RED
032603605,26,36,5,0.0,GREEN
030301601,03,16,1,0.0,GREEN
030202601,02,26,1,0.0,GREEN
031104201,11,42,1,0.0,GREEN
030500603,05,6,3,0.0,GREEN
030605701,06,57,1,0.0,GREEN
030605702,06,57,2,0.0,GREEN
030402901,04,29,1,0.0,GREEN
030302801,03,28,1,0.0,GREEN
031905100,19,51,0,100.0,RED
030606702,06,67,2,0.0,GREEN
030602201,06,22,1,0.0,GREEN
030801503,08,15,3,0.0,GREEN
030605501,06,55,1,0.0,GREEN
031003203,10,32,3,0.0,GREEN
034507200,45,72,0,0.0,GREEN
034506200,45,62,0,0.0,GREEN
034301500,43,16,0,0.0,GREEN
034505500,45,55,0,0.0,GREEN
034506100,45,61,0,0.0,GREEN
034301400,43,15,0,0.0,GREEN
034504800,45,48,0,0.0,GREEN
034506300,45,63,0,0.0,GREEN
031303800,13,38,0,100.0,RED
034801700,48,17,0,0.0,GREEN
034504900,45,49,0,0.0,GREEN
034505000,45,50,0,0.0,GREEN
034505100,45,51,0,0.0,GREEN
031003905,10,39,5,0.0,GREEN
031402500,14,25,0,100.0,RED
031205202,12,52,2,0.0,GREEN
031105202,11,52,2,0.0,GREEN
031200103,12,1,3,0.0,GREEN
031405601,14,56,1,100.0,RED
034700501,47,5,1,0.0,GREEN
034504401,45,44,1,0.0,GREEN
032706200,27,62,0,100.0,RED
031002801,10,28,1,0.0,GREEN
031200303,12,3,3,0.0,GREEN
031200402,12,4,2,0.0,GREEN
031300303,13,3,3,0.0,GREEN
030703200,07,32,0,0.0,GREEN
031400303,14,3,3,0.0,GREEN
031500105,15,1,5,0.0,GREEN
031500203,15,2,3,0.0,GREEN
031500303,15,3,3,0.0,GREEN
031500403,15,4,3,0.0,GREEN
031500505,15,5,5,100.0,RED
032001106,20,11,6,100.0,RED
031301203,13,12,3,0.0,GREEN
032206701,22,67,1,100.0,RED
031003800,10,38,0,200.0,RED
030606605,06,66,5,0.0,GREEN
030904700,09,47,0,200.0,RED
031803100,18,31,0,100.0,RED
031005601,10,56,1,0.0,GREEN
030606905,06,69,5,0.0,GREEN
031902901,19,29,1,100.0,RED
031205800,12,58,0,100.0,RED
031002400,10,24,0,0.0,GREEN
031000802,10,8,2,0.0,GREEN
031403200,14,32,0,100.0,RED
032702704,27,27,4,0.0,GREEN
032105705,21,57,5,100.0,RED
030902405,09,24,5,0.0,GREEN
032104402,21,44,2,100.0,RED
030906101,09,61,1,0.0,GREEN
030906602,09,66,2,0.0,GREEN
032504704,25,47,4,0.0,GREEN
031102305,11,23,5,0.0,GREEN
030903500,09,35,0,100.0,RED
032002902,20,29,2,100.0,RED
032500401,25,4,1,0.0,GREEN
032500403,25,4,3,0.0,GREEN
032500301,25,3,1,0.0,GREEN
032500302,25,3,2,0.0,GREEN
031501300,15,13,0,100.0,RED
031303201,13,32,1,0.0,GREEN
031204100,12,41,0,0.0,GREEN
032500201,25,2,1,0.0,GREEN
032500203,25,2,3,0.0,GREEN
032505404,25,54,4,0.0,GREEN
032705002,27,50,2,100.0,RED
031303100,13,31,0,100.0,RED
031302405,13,24,5,0.0,GREEN
031602700,16,27,0,100.0,RED
031606700,16,67,0,100.0,RED
031406704,14,67,4,0.0,GREEN
032501901,25,19,1,100.0,RED
032507101,25,71,1,0.0,GREEN
031902001,19,20,1,100.0,RED
031801900,18,19,0,100.0,RED
030904701,09,47,1,0.0,GREEN
032607301,26,73,1,100.0,RED
032301801,23,18,1,0.0,GREEN
032703001,27,30,1,100.0,RED
031502504,15,25,4,100.0,RED
030600601,06,6,1,0.0,GREEN
034505700,45,57,0,0.0,GREEN
031002700,10,27,0,0.0,GREEN
031102701,11,27,1,0.0,GREEN
031404205,14,42,5,100.0,RED
034100104,41,1,4,0.0,GREEN
031006101,10,61,1,0.0,GREEN
031006302,10,63,2,0.0,GREEN
031006303,10,63,3,0.0,GREEN
030402500,04,25,0,100.0,RED
031304400,13,44,0,100.0,RED
031504005,15,40,5,100.0,RED
030302303,03,23,3,0.0,GREEN
030302401,03,24,1,0.0,GREEN
030302706,03,27,6,0.0,GREEN
034811511,48,115,11,100.0,RED
031603305,16,33,5,0.0,GREEN
031300502,13,5,2,0.0,GREEN
034812112,48,121,12,0.0,GREEN
034811613,48,116,13,0.0,GREEN
034811813,48,118,13,0.0,GREEN
030501201,05,12,1,0.0,GREEN
031300702,13,7,2,0.0,GREEN
030302305,03,23,5,0.0,GREEN
030502100,05,21,0,100.0,RED
031503801,15,38,1,100.0,RED
031502901,15,29,1,0.0,GREEN
031504401,15,44,1,100.0,RED
031601200,16,12,0,100.0,RED
030605101,06,51,1,0.0,GREEN
031502501,15,25,1,0.0,GREEN
030706100,07,61,0,100.0,RED
031301903,13,19,3,100.0,RED
032100605,21,6,5,100.0,RED
030302501,03,25,1,0.0,GREEN
030302502,03,25,2,0.0,GREEN
030604704,06,47,4,0.0,GREEN
032402310,24,23,10,0.0,GREEN
031103800,11,38,0,100.0,RED
031103504,11,35,4,0.0,GREEN
030604800,06,48,0,200.0,RED
030705001,07,50,1,0.0,GREEN
031701402,17,14,2,200.0,RED
030303300,03,33,0,100.0,RED
031203300,12,33,0,0.0,GREEN
031801000,18,10,0,100.0,RED
031801301,18,13,1,100.0,RED
031505900,15,59,0,100.0,RED
031601306,16,13,6,0.0,GREEN
031604800,16,48,0,100.0,RED
030301201,03,12,1,0.0,GREEN
032002704,20,27,4,100.0,RED
032607603,26,76,3,100.0,RED
031206101,12,61,1,0.0,GREEN
030500405,05,4,5,0.0,GREEN
032102604,21,26,4,0.0,GREEN
032607003,26,70,3,100.0,RED
032102605,21,26,5,100.0,RED
031302502,13,25,2,0.0,GREEN
030301306,03,13,6,0.0,GREEN
032102705,21,27,5,0.0,GREEN
032401901,24,19,1,100.0,RED
031302104,13,21,4,0.0,GREEN
032102805,21,28,5,100.0,RED
030400800,04,8,0,100.0,RED
030302301,03,23,1,0.0,GREEN
030501301,05,13,1,0.0,GREEN
032402102,24,21,2,100.0,RED
032900902,29,9,2,0.0,GREEN
032400401,24,4,1,100.0,RED
032400901,24,9,1,0.0,GREEN
031302604,13,26,4,0.0,GREEN
030400600,04,6,0,200.0,RED
032007100,20,71,0,100.0,RED
032400702,24,7,2,100.0,RED
032402101,24,21,1,0.0,GREEN
032400703,24,7,3,0.0,GREEN
032402001,24,20,1,100.0,RED
031704101,17,41,1,100.0,RED
031806600,18,66,0,100.0,RED
032400603,24,6,3,0.0,GREEN
032400602,24,6,2,100.0,RED
032401302,24,13,2,100.0,RED
032401103,24,11,3,100.0,RED
031602803,16,28,3,0.0,GREEN
031904500,19,45,0,100.0,RED
032404902,24,49,2,0.0,GREEN
032404602,24,46,2,0.0,GREEN
032404802,24,48,2,100.0,RED
031703901,17,39,1,100.0,RED
032002604,20,26,4,100.0,RED
031702602,17,26,2,100.0,RED
031705101,17,51,1,100.0,RED
030704901,07,49,1,0.0,GREEN
032806004,28,60,4,100.0,RED
030500901,05,9,1,0.0,GREEN
030501004,05,10,4,0.0,GREEN
032504203,25,42,3,0.0,GREEN
031103101,11,31,1,0.0,GREEN
031303000,13,30,0,100.0,RED
030600702,06,7,2,0.0,GREEN
032707300,27,73,0,50.0,YELLOW
032909200,29,92,0,100.0,RED
034705600,47,56,0,100.0,RED
032707500,27,75,0,100.0,RED
032706300,27,63,0,50.0,YELLOW
030804205,08,42,5,0.0,GREEN
031705600,17,56,0,100.0,RED
032802803,28,28,3,0.0,GREEN
032305305,23,53,5,100.0,RED
030301101,03,11,1,0.0,GREEN
030602500,06,25,0,200.0,RED
031605800,16,58,0,100.0,RED
032600804,26,8,4,100.0,RED
031802301,18,23,1,100.0,RED
032407304,24,73,4,0.0,GREEN
034505200,45,52,0,0.0,GREEN
034604200,46,42,0,0.0,GREEN
034604300,46,43,0,0.0,GREEN
034505400,45,54,0,0.0,GREEN
031406405,14,64,5,0.0,GREEN
034505900,45,59,0,0.0,GREEN
032102204,21,22,4,100.0,RED
030805205,08,52,5,0.0,GREEN
031604406,16,44,6,0.0,GREEN
031204204,12,42,4,0.0,GREEN
031203100,12,31,0,100.0,RED
031004106,10,41,6,0.0,GREEN
031203401,12,34,1,0.0,GREEN
032006603,20,66,3,100.0,RED
032604200,26,42,0,100.0,RED
032101401,21,14,1,100.0,RED
031105300,11,53,0,100.0,RED
032007306,20,73,6,0.0,GREEN
032204903,22,49,3,100.0,RED
031905301,19,53,1,100.0,RED
031804200,18,42,0,100.0,RED
032405201,24,52,1,100.0,RED
032303405,23,34,5,0.0,GREEN
032206601,22,66,1,100.0,RED
032505704,25,57,4,0.0,GREEN
031106001,11,60,1,0.0,GREEN
032001101,20,11,1,100.0,RED
032708200,27,82,0,50.0,YELLOW
031605302,16,53,2,100.0,RED
032807301,28,73,1,100.0,RED
031302902,13,29,2,0.0,GREEN
032204801,22,48,1,100.0,RED
032104505,21,45,5,100.0,RED
031105903,11,59,3,0.0,GREEN
030403100,04,31,0,100.0,RED
032005305,20,53,5,0.0,GREEN
030806204,08,62,4,0.0,GREEN
032504100,25,41,0,100.0,RED
031001403,10,14,3,0.0,GREEN
031004903,10,49,3,0.0,GREEN
032707303,27,73,3,100.0,RED
030601602,06,16,2,0.0,GREEN
030102404,01,24,4,0.0,GREEN
032206900,22,69,0,100.0,RED
031105601,11,56,1,0.0,GREEN
034605200,46,52,0,0.0,GREEN
031302800,13,28,0,100.0,RED
031503902,15,39,2,0.0,GREEN
030903001,09,30,1,0.0,GREEN
030704601,07,46,1,0.0,GREEN
031700202,17,2,2,0.0,GREEN
031203501,12,35,1,0.0,GREEN
031700402,17,4,2,0.0,GREEN
032708500,27,85,0,50.0,YELLOW
031700302,17,3,2,0.0,GREEN
031700602,17,6,2,100.0,RED
032505500,25,55,0,100.0,RED
032306305,23,63,5,100.0,RED
030705601,07,56,1,0.0,GREEN
031706302,17,63,2,100.0,RED
032001803,20,18,3,100.0,RED
034604500,46,45,0,0.0,GREEN
031806602,18,66,2,0.0,GREEN
031802101,18,21,1,100.0,RED
030101504,01,15,4,0.0,GREEN
032807203,28,72,3,100.0,RED
031505701,15,57,1,0.0,GREEN
032306801,23,68,1,100.0,RED
032407005,24,70,5,100.0,RED
031602100,16,21,0,100.0,RED
032107201,21,72,1,100.0,RED
031601804,16,18,4,0.0,GREEN
030503003,05,30,3,0.0,GREEN
031901202,19,12,2,100.0,RED
032100501,21,5,1,100.0,RED
030701604,07,16,4,0.0,GREEN
032305205,23,52,5,100.0,RED
032101602,21,16,2,100.0,RED
031602504,16,25,4,100.0,RED
030905304,09,53,4,0.0,GREEN
032305206,23,52,6,100.0,RED
030904900,09,49,0,200.0,RED
030400700,04,7,0,100.0,RED
031603904,16,39,4,100.0,RED
032706704,27,67,4,100.0,RED
032103605,21,36,5,0.0,GREEN
032406605,24,66,5,100.0,RED
032500904,25,9,4,100.0,RED
030604901,06,49,1,0.0,GREEN
032505505,25,55,5,0.0,GREEN
032505800,25,58,0,100.0,RED
032607103,26,71,3,100.0,RED
032607203,26,72,3,100.0,RED
032506405,25,64,5,0.0,GREEN
032606604,26,66,4,100.0,RED
032606704,26,67,4,100.0,RED
032607303,26,73,3,100.0,RED
032604605,26,46,5,0.0,GREEN
032603705,26,37,5,100.0,RED
032500805,25,8,5,100.0,RED
032706104,27,61,4,0.0,GREEN
032704804,27,48,4,0.0,GREEN
032704604,27,46,4,100.0,RED
032703805,27,38,5,100.0,RED
032702405,27,24,5,100.0,RED
032801702,28,17,2,0.0,GREEN
030704000,07,40,0,200.0,RED
032802205,28,22,5,0.0,GREEN
032802305,28,23,5,100.0,RED
032802500,28,25,0,100.0,RED
032803605,28,36,5,0.0,GREEN
031505600,15,56,0,100.0,RED
032803000,28,30,0,100.0,RED
030702100,07,21,0,0.0,GREEN
032804105,28,41,5,0.0,GREEN
032804205,28,42,5,0.0,GREEN
030302900,03,29,0,200.0,RED
030400501,04,5,1,0.0,GREEN
032604000,26,40,0,100.0,RED
032302003,23,20,3,0.0,GREEN
031904803,19,48,3,100.0,RED
032105303,21,53,3,100.0,RED
032002901,20,29,1,100.0,RED
031907001,19,70,1,100.0,RED
032101901,21,19,1,100.0,RED
032201404,22,14,4,0.0,GREEN
032204802,22,48,2,0.0,GREEN
032606501,26,65,1,100.0,RED
032305506,23,55,6,0.0,GREEN
032106601,21,66,1,100.0,RED
032306803,23,68,3,100.0,RED
032503305,25,33,5,100.0,RED
032503805,25,38,5,100.0,RED
032600904,26,9,4,100.0,RED
032604101,26,41,1,100.0,RED
032703604,27,36,4,0.0,GREEN
032806604,28,66,4,0.0,GREEN
032505302,25,53,2,100.0,RED
032504503,25,45,3,100.0,RED
032002511,20,25,11,100.0,RED
032201401,22,14,1,100.0,RED
032005103,20,51,3,100.0,RED
031903904,19,39,4,100.0,RED
032705604,27,56,4,100.0,RED
032304803,23,48,3,0.0,GREEN
032004300,20,43,0,100.0,RED
032205702,22,57,2,100.0,RED
032806101,28,61,1,100.0,RED
032804804,28,48,4,0.0,GREEN
032805103,28,51,3,0.0,GREEN
032103110,21,31,10,0.0,GREEN
032508400,25,84,0,100.0,RED
032507600,25,76,0,100.0,RED
032608600,26,86,0,50.0,YELLOW
032606900,26,69,0,50.0,YELLOW
032606800,26,68,0,100.0,RED
032708600,27,86,0,50.0,YELLOW
034705700,47,57,0,100.0,RED
034804800,48,48,0,0.0,GREEN
034706800,47,68,0,200.0,RED
032906700,29,67,0,50.0,YELLOW
032906300,29,63,0,50.0,YELLOW
034606300,46,63,0,100.0,RED
032507800,25,78,0,50.0,YELLOW
032806300,28,63,0,50.0,YELLOW
032606601,26,66,1,100.0,RED
032606903,26,69,3,100.0,RED
032602805,26,28,5,0.0,GREEN
032601506,26,15,6,0.0,GREEN
032602605,26,26,5,0.0,GREEN
032601500,26,15,0,100.0,RED
032801905,28,19,5,0.0,GREEN
034705100,47,51,0,100.0,RED
034705300,47,53,0,100.0,RED
032003301,20,33,1,100.0,RED
034605900,46,59,0,100.0,RED
032908100,29,81,0,100.0,RED
032808900,28,89,0,50.0,YELLOW
031904501,19,45,1,100.0,RED
032706800,27,68,0,50.0,YELLOW
032607100,26,71,0,50.0,YELLOW
032003303,20,33,3,100.0,RED
031904103,19,41,3,0.0,GREEN
032105506,21,55,6,0.0,GREEN
032300501,23,5,1,0.0,GREEN
031904802,19,48,2,100.0,RED
032103903,21,39,3,100.0,RED
032607300,26,73,0,50.0,YELLOW
032807000,28,70,0,50.0,YELLOW
032706500,27,65,0,50.0,YELLOW
032706700,27,67,0,50.0,YELLOW
032906200,29,62,0,50.0,YELLOW
034606900,46,69,0,100.0,RED
034607100,46,71,0,100.0,RED
032907500,29,75,0,100.0,RED
032707200,27,72,0,50.0,YELLOW
032508200,25,82,0,0.0,GREEN
032506300,25,63,0,100.0,RED
032602100,26,21,0,100.0,RED
032000901,20,9,1,100.0,RED
032004501,20,45,1,100.0,RED
032005501,20,55,1,100.0,RED
032101501,21,15,1,100.0,RED
031105900,11,59,0,100.0,RED
032104904,21,49,4,100.0,RED
031200604,12,6,4,0.0,GREEN
031203303,12,33,3,0.0,GREEN
031205001,12,50,1,0.0,GREEN
030301301,03,13,1,0.0,GREEN
031403806,14,38,6,0.0,GREEN
031405900,14,59,0,100.0,RED
031405005,14,50,5,0.0,GREEN
031902200,19,22,0,100.0,RED
031505205,15,52,5,200.0,RED
030201900,02,19,0,0.0,GREEN
031404500,14,45,0,100.0,RED
031600203,16,2,3,0.0,GREEN
032005306,20,53,6,0.0,GREEN
032205000,22,50,0,100.0,RED
032006601,20,66,1,100.0,RED
032006305,20,63,5,100.0,RED
032003703,20,37,3,100.0,RED
030904904,09,49,4,0.0,GREEN
031003201,10,32,1,0.0,GREEN
030202901,02,29,1,0.0,GREEN
031104803,11,48,3,0.0,GREEN
030906805,09,68,5,0.0,GREEN
030606302,06,63,2,0.0,GREEN
032900803,29,8,3,0.0,GREEN
032506804,25,68,4,100.0,RED
032401702,24,17,2,100.0,RED
032904702,29,47,2,100.0,RED
032902303,29,23,3,0.0,GREEN
031804400,18,44,0,100.0,RED
031803402,18,34,2,100.0,RED
031803401,18,34,1,100.0,RED
030100602,01,6,2,0.0,GREEN
031103901,11,39,1,0.0,GREEN
032201303,22,13,3,100.0,RED
031905306,19,53,6,100.0,RED
032902104,29,21,4,0.0,GREEN
032902206,29,22,6,0.0,GREEN
032604205,26,42,5,0.0,GREEN
032003003,20,30,3,100.0,RED
032504403,25,44,3,0.0,GREEN
032601803,26,18,3,100.0,RED
032704005,27,40,5,0.0,GREEN
032004603,20,46,3,100.0,RED
032901705,29,17,5,0.0,GREEN
032808601,28,86,1,0.0,GREEN
032807302,28,73,2,100.0,RED
032708203,27,82,3,100.0,RED
032206702,22,67,2,100.0,RED
031906001,19,60,1,100.0,RED
031403901,14,39,1,0.0,GREEN
031403903,14,39,3,0.0,GREEN
032606402,26,64,2,100.0,RED
031806001,18,60,1,100.0,RED
032301201,23,12,1,0.0,GREEN
030602002,06,20,2,0.0,GREEN
031703300,17,33,0,100.0,RED
034604801,46,48,1,100.0,RED
030302601,03,26,1,0.0,GREEN
030202506,02,25,6,0.0,GREEN
031104003,11,40,3,0.0,GREEN
030400500,04,5,0,100.0,RED
031002902,10,29,2,0.0,GREEN
031402301,14,23,1,0.0,GREEN
031704500,17,45,0,100.0,RED
030901405,09,14,5,0.0,GREEN
031003401,10,34,1,0.0,GREEN
032006902,20,69,2,100.0,RED
032205903,22,59,3,100.0,RED
031004604,10,46,4,0.0,GREEN
032201705,22,17,5,0.0,GREEN
032107003,21,70,3,100.0,RED
032204803,22,48,3,100.0,RED
032201904,22,19,4,100.0,RED
031100306,11,3,6,0.0,GREEN
032407201,24,72,1,100.0,RED
032307201,23,72,1,100.0,RED
030805902,08,59,2,0.0,GREEN
032406705,24,67,5,100.0,RED
030706404,07,64,4,0.0,GREEN
032406104,24,61,4,100.0,RED
030600800,06,8,0,100.0,RED
031101702,11,17,2,0.0,GREEN
032306203,23,62,3,100.0,RED
031303001,13,30,1,0.0,GREEN
031302803,13,28,3,0.0,GREEN
032306101,23,61,1,100.0,RED
032301604,23,16,4,100.0,RED
030602704,06,27,4,0.0,GREEN
032502301,25,23,1,100.0,RED
032502303,25,23,3,100.0,RED
032502501,25,25,1,100.0,RED
030200601,02,6,1,0.0,GREEN
032502401,25,24,1,100.0,RED
032706603,27,66,3,0.0,GREEN
032706204,27,62,4,0.0,GREEN
032707001,27,70,1,100.0,RED
030604805,06,48,5,0.0,GREEN
032203701,22,37,1,100.0,RED
032104005,21,40,5,100.0,RED
030602101,06,21,1,0.0,GREEN
031003103,10,31,3,0.0,GREEN
034804200,48,42,0,0.0,GREEN
030203300,02,33,0,0.0,GREEN
031702300,17,23,0,100.0,RED
031006605,10,66,5,0.0,GREEN
031207006,12,70,6,0.0,GREEN
032404201,24,42,1,0.0,GREEN
030702301,07,23,1,0.0,GREEN
031605906,16,59,6,100.0,RED
032808600,28,86,0,50.0,YELLOW
030803301,08,33,1,0.0,GREEN
030102700,01,27,0,0.0,GREEN
031202106,12,21,6,0.0,GREEN
030706304,07,63,4,0.0,GREEN
031702100,17,21,0,100.0,RED
031302901,13,29,1,0.0,GREEN
030901303,09,13,3,0.0,GREEN
032509200,25,92,0,100.0,RED
032402502,24,25,2,100.0,RED
030906005,09,60,5,0.0,GREEN
030300600,03,6,0,200.0,RED
030704001,07,40,1,0.0,GREEN
032404301,24,43,1,0.0,GREEN
032404101,24,41,1,100.0,RED
031105004,11,50,4,0.0,GREEN
030302004,03,20,4,0.0,GREEN
032607403,26,74,3,100.0,RED
031204500,12,45,0,0.0,GREEN
030705201,07,52,1,0.0,GREEN
032401802,24,18,2,100.0,RED
030401906,04,19,6,0.0,GREEN
030603701,06,37,1,0.0,GREEN
030603804,06,38,4,0.0,GREEN
032606200,26,62,0,50.0,YELLOW
032401301,24,13,1,100.0,RED
032404703,24,47,3,0.0,GREEN
031503100,15,31,0,100.0,RED
031502405,15,24,5,100.0,RED
030603003,06,30,3,0.0,GREEN
030601601,06,16,1,0.0,GREEN
030902601,09,26,1,0.0,GREEN
030501002,05,10,2,0.0,GREEN
032401201,24,12,1,0.0,GREEN
031504501,15,45,1,0.0,GREEN
031503503,15,35,3,100.0,RED
034804700,48,47,0,0.0,GREEN
030805300,08,53,0,200.0,RED
031405706,14,57,6,0.0,GREEN
031402601,14,26,1,0.0,GREEN
031704602,17,46,2,100.0,RED
030100703,01,7,3,0.0,GREEN
031906603,19,66,3,100.0,RED
030101202,01,12,2,0.0,GREEN
031203603,12,36,3,0.0,GREEN
031205502,12,55,2,0.0,GREEN
031203001,12,30,1,0.0,GREEN
030706104,07,61,4,0.0,GREEN
031105000,11,50,0,100.0,RED
031303701,13,37,1,0.0,GREEN
031303605,13,36,5,0.0,GREEN
030604900,06,49,0,100.0,RED
030606306,06,63,6,0.0,GREEN
031503900,15,39,0,100.0,RED
032606500,26,65,0,50.0,YELLOW
031706501,17,65,1,100.0,RED
032908500,29,85,0,50.0,YELLOW
031202600,12,26,0,100.0,RED
031101703,11,17,3,0.0,GREEN
031005200,10,52,0,200.0,RED
032203500,22,35,0,100.0,RED
030905101,09,51,1,0.0,GREEN
031605900,16,59,0,100.0,RED
034606604,46,66,4,100.0,RED
030403106,04,31,6,0.0,GREEN
034806902,48,69,2,0.0,GREEN
030301806,03,18,6,0.0,GREEN
030500905,05,9,5,0.0,GREEN
030802601,08,26,1,0.0,GREEN
030703300,07,33,0,0.0,GREEN
032600604,26,6,4,0.0,GREEN
030703405,07,34,5,0.0,GREEN
032602001,26,20,1,100.0,RED
032304701,23,47,1,100.0,RED
030906000,09,60,0,100.0,RED
030906504,09,65,4,0.0,GREEN
031600805,16,8,5,0.0,GREEN
031603804,16,38,4,0.0,GREEN
031105701,11,57,1,0.0,GREEN
034812813,48,128,13,0.0,GREEN
034812613,48,126,13,0.0,GREEN
034812812,48,128,12,0.0,GREEN
034812612,48,126,12,0.0,GREEN
034812711,48,127,11,0.0,GREEN
034812212,48,122,12,0.0,GREEN
031704600,17,46,0,100.0,RED
031704200,17,42,0,100.0,RED
031702000,17,20,0,100.0,RED
030300601,03,6,1,0.0,GREEN
030203402,02,34,2,0.0,GREEN
030203401,02,34,1,0.0,GREEN
032707400,27,74,0,50.0,YELLOW
034605500,46,55,0,100.0,RED
034605703,46,57,3,0.0,GREEN
032207303,22,73,3,100.0,RED
031301502,13,15,2,0.0,GREEN
031705002,17,50,2,100.0,RED
030200500,02,5,0,0.0,GREEN
031405000,14,50,0,100.0,RED
031502100,15,21,0,100.0,RED
031705400,17,54,0,100.0,RED
031806402,18,64,2,100.0,RED
032207204,22,72,4,100.0,RED
030201904,02,19,4,0.0,GREEN
030401201,04,12,1,0.0,GREEN
030604500,06,45,0,200.0,RED
030200604,02,6,4,0.0,GREEN
031605000,16,50,0,100.0,RED
031906106,19,61,6,100.0,RED
030706403,07,64,3,0.0,GREEN
030903201,09,32,1,0.0,GREEN
030907004,09,70,4,0.0,GREEN
031901600,19,16,0,100.0,RED
031101306,11,13,6,0.0,GREEN
030704401,07,44,1,0.0,GREEN
031401704,14,17,4,0.0,GREEN
031504605,15,46,5,0.0,GREEN
031006802,10,68,2,0.0,GREEN
030805604,08,56,4,0.0,GREEN
030602400,06,24,0,200.0,RED
031605400,16,54,0,100.0,RED
032500900,25,9,0,100.0,RED
030605903,06,59,3,0.0,GREEN
031804800,18,48,0,100.0,RED
031304100,13,41,0,100.0,RED
030202500,02,25,0,0.0,GREEN
030202301,02,23,1,0.0,GREEN
030403404,04,34,4,0.0,GREEN
034705901,47,59,1,200.0,RED
031801700,18,17,0,100.0,RED
031204000,12,40,0,100.0,RED
031204002,12,40,2,0.0,GREEN
031504804,15,48,4,100.0,RED
034802405,48,24,5,0.0,GREEN
032005805,20,58,5,100.0,RED
030102900,01,29,0,0.0,GREEN
032903206,29,32,6,100.0,RED
031703500,17,35,0,100.0,RED
032804403,28,44,3,100.0,RED
031904703,19,47,3,100.0,RED
030101700,01,17,0,0.0,GREEN
030303401,03,34,1,0.0,GREEN
030303405,03,34,5,0.0,GREEN
030902501,09,25,1,0.0,GREEN
030701901,07,19,1,0.0,GREEN
031604502,16,45,2,200.0,RED
030702101,07,21,1,0.0,GREEN
031606403,16,64,3,100.0,RED
031405101,14,51,1,0.0,GREEN
031506403,15,64,3,0.0,GREEN
031403700,14,37,0,100.0,RED
031103001,11,30,1,0.0,GREEN
031100502,11,5,2,0.0,GREEN
034800401,48,4,1,0.0,GREEN
031004802,10,48,2,0.0,GREEN
030905104,09,51,4,0.0,GREEN
032105905,21,59,5,100.0,RED
030806406,08,64,6,0.0,GREEN
031702502,17,25,2,100.0,RED
032300603,23,6,3,100.0,RED
032201501,22,15,1,0.0,GREEN
032003904,20,39,4,100.0,RED
030605800,06,58,0,200.0,RED
030201100,02,11,0,0.0,GREEN
030600801,06,8,1,0.0,GREEN
030603100,06,31,0,200.0,RED
032003203,20,32,3,100.0,RED
031102402,11,24,2,0.0,GREEN
032102901,21,29,1,100.0,RED
031604200,16,42,0,100.0,RED
031500704,15,7,4,0.0,GREEN
031402600,14,26,0,100.0,RED
034605600,46,56,0,100.0,RED
030500601,05,6,1,0.0,GREEN
034706900,47,69,0,100.0,RED
030603600,06,36,0,200.0,RED
031603606,16,36,6,100.0,RED
030605401,06,54,1,0.0,GREEN
030903601,09,36,1,0.0,GREEN
030905701,09,57,1,0.0,GREEN
031606002,16,60,2,0.0,GREEN
030904901,09,49,1,0.0,GREEN
030904706,09,47,6,0.0,GREEN
031302301,13,23,1,100.0,RED
030301605,03,16,5,0.0,GREEN
032204100,22,41,0,100.0,RED
032808501,28,85,1,100.0,RED
034606704,46,67,4,100.0,RED
031203201,12,32,1,0.0,GREEN
031405603,14,56,3,100.0,RED
030602800,06,28,0,200.0,RED
032708900,27,89,0,50.0,YELLOW
032202504,22,25,4,100.0,RED
031703100,17,31,0,100.0,RED
030803701,08,37,1,0.0,GREEN
031701600,17,16,0,100.0,RED
032607400,26,74,0,50.0,YELLOW
032507400,25,74,0,0.0,GREEN
030300700,03,7,0,100.0,RED
032204410,22,44,10,0.0,GREEN
031305301,13,53,1,0.0,GREEN
031405801,14,58,1,0.0,GREEN
030500700,05,7,0,0.0,GREEN
030503300,05,33,0,200.0,RED
031205300,12,53,0,100.0,RED
031604000,16,40,0,100.0,RED
031604400,16,44,0,100.0,RED
032506501,25,65,1,100.0,RED
032103000,21,30,0,100.0,RED
032106503,21,65,3,100.0,RED
032305005,23,50,5,0.0,GREEN
031900901,19,9,1,100.0,RED
032106304,21,63,4,100.0,RED
032501001,25,10,1,0.0,GREEN
032203604,22,36,4,100.0,RED
032002506,20,25,6,100.0,RED
032002605,20,26,5,100.0,RED
032002606,20,26,6,0.0,GREEN
032002703,20,27,3,100.0,RED
032002705,20,27,5,100.0,RED
032002804,20,28,4,100.0,RED
032002805,20,28,5,100.0,RED
032004106,20,41,6,100.0,RED
032007102,20,71,2,0.0,GREEN
032007103,20,71,3,0.0,GREEN
032007202,20,72,2,0.0,GREEN
032203106,22,31,6,0.0,GREEN
032202906,22,29,6,0.0,GREEN
032504202,25,42,2,100.0,RED
032505501,25,55,1,100.0,RED
032602106,26,21,6,0.0,GREEN
032602302,26,23,2,100.0,RED
032705101,27,51,1,100.0,RED
032803204,28,32,4,0.0,GREEN
032803606,28,36,6,0.0,GREEN
032803902,28,39,2,100.0,RED
032806502,28,65,2,100.0,RED
032904003,29,40,3,0.0,GREEN
031900603,19,6,3,100.0,RED
032004801,20,48,1,100.0,RED
032007301,20,73,1,100.0,RED
032102001,21,20,1,100.0,RED
032306902,23,69,2,100.0,RED
032507402,25,74,2,100.0,RED
032507502,25,75,2,0.0,GREEN
032508203,25,82,3,100.0,RED
032102101,21,21,1,100.0,RED
032106006,21,60,6,100.0,RED
032103804,21,38,4,100.0,RED
032203104,22,31,4,100.0,RED
032205506,22,55,6,0.0,GREEN
032301006,23,10,6,0.0,GREEN
032702603,27,26,3,0.0,GREEN
032801703,28,17,3,100.0,RED
032702905,27,29,5,100.0,RED
032703906,27,39,6,0.0,GREEN
032703006,27,30,6,100.0,RED
032003705,20,37,5,100.0,RED
031903703,19,37,3,0.0,GREEN
032002101,20,21,1,100.0,RED
034800900,48,9,0,0.0,GREEN
032106402,21,64,2,0.0,GREEN
031903201,19,32,1,100.0,RED
032306704,23,67,4,100.0,RED
034100803,41,8,3,0.0,GREEN
030705701,07,57,1,0.0,GREEN
031200204,12,2,4,0.0,GREEN
030601000,06,10,0,0.0,GREEN
030600505,06,5,5,0.0,GREEN
030302605,03,26,5,0.0,GREEN
031101803,11,18,3,0.0,GREEN
032300406,23,4,6,0.0,GREEN
030906202,09,62,2,0.0,GREEN
031302504,13,25,4,0.0,GREEN
032300306,23,3,6,0.0,GREEN
031406804,14,68,4,100.0,RED
031406602,14,66,2,0.0,GREEN
030903305,09,33,5,0.0,GREEN
032507100,25,71,0,50.0,YELLOW
034704700,47,47,0,100.0,RED
032300206,23,2,6,0.0,GREEN
032807600,28,76,0,50.0,YELLOW
030201300,02,13,0,0.0,GREEN
031406001,14,60,1,0.0,GREEN
031004702,10,47,2,0.0,GREEN
031501303,15,13,3,100.0,RED
030704706,07,47,6,0.0,GREEN
030400206,04,2,6,0.0,GREEN
030502300,05,23,0,0.0,GREEN
030302104,03,21,4,0.0,GREEN
030303101,03,31,1,0.0,GREEN
030303203,03,32,3,0.0,GREEN
032903204,29,32,4,0.0,GREEN
030601501,06,15,1,0.0,GREEN
030601902,06,19,2,0.0,GREEN
030600905,06,9,5,0.0,GREEN
032907104,29,71,4,100.0,RED
030605201,06,52,1,0.0,GREEN
030605102,06,51,2,0.0,GREEN
032907304,29,73,4,100.0,RED
032903804,29,38,4,0.0,GREEN
032005203,20,52,3,100.0,RED
032304101,23,41,1,100.0,RED
032102104,21,21,4,100.0,RED
032201003,22,10,3,100.0,RED
032001102,20,11,2,100.0,RED
032604904,26,49,4,100.0,RED
032006502,20,65,2,100.0,RED
032203901,22,39,1,100.0,RED
032602604,26,26,4,0.0,GREEN
032006703,20,67,3,100.0,RED
032000602,20,6,2,100.0,RED
032903904,29,39,4,100.0,RED
032207103,22,71,3,100.0,RED
032601702,26,17,2,100.0,RED
032407002,24,70,2,100.0,RED
032509103,25,91,3,100.0,RED
032808403,28,84,3,100.0,RED
030603900,06,39,0,100.0,RED
030606904,06,69,4,0.0,GREEN
032907404,29,74,4,0.0,GREEN
032907204,29,72,4,100.0,RED
032906603,29,66,3,0.0,GREEN
032906703,29,67,3,0.0,GREEN
030401401,04,14,1,0.0,GREEN
030401603,04,16,3,0.0,GREEN
032907501,29,75,1,100.0,RED
032907004,29,70,4,100.0,RED
030804703,08,47,3,0.0,GREEN
031003603,10,36,3,0.0,GREEN
031602500,16,25,0,100.0,RED
031602805,16,28,5,0.0,GREEN
031701700,17,17,0,100.0,RED
031701701,17,17,1,100.0,RED
031005901,10,59,1,0.0,GREEN
032907005,29,70,5,100.0,RED
031301506,13,15,6,0.0,GREEN
030603901,06,39,1,0.0,GREEN
031406904,14,69,4,0.0,GREEN
032902004,29,20,4,0.0,GREEN
030806104,08,61,4,0.0,GREEN
030906206,09,62,6,0.0,GREEN
031405703,14,57,3,100.0,RED
032807006,28,70,6,0.0,GREEN
030704301,07,43,1,0.0,GREEN
030703903,07,39,3,0.0,GREEN
032807106,28,71,6,0.0,GREEN
032807206,28,72,6,0.0,GREEN
030900504,09,5,4,0.0,GREEN
030600700,06,7,0,100.0,RED
030602006,06,20,6,0.0,GREEN
032608601,26,86,1,100.0,RED
032608301,26,83,1,100.0,RED
030804706,08,47,6,0.0,GREEN
032608901,26,89,1,100.0,RED
032600905,26,9,5,100.0,RED
032608401,26,84,1,100.0,RED
032907504,29,75,4,0.0,GREEN
030604601,06,46,1,0.0,GREEN
032907305,29,73,5,0.0,GREEN
032608701,26,87,1,100.0,RED
030303301,03,33,1,0.0,GREEN
030303402,03,34,2,0.0,GREEN
032003804,20,38,4,100.0,RED
032806304,28,63,4,0.0,GREEN
032608101,26,81,1,100.0,RED
032806404,28,64,4,100.0,RED
031005304,10,53,4,0.0,GREEN
032605505,26,55,5,0.0,GREEN
031004400,10,44,0,200.0,RED
030804802,08,48,2,0.0,GREEN
032609001,26,90,1,100.0,RED
032807201,28,72,1,100.0,RED
032609002,26,90,2,100.0,RED
032609003,26,90,3,100.0,RED
032609101,26,91,1,100.0,RED
032609102,26,91,2,100.0,RED
032608902,26,89,2,100.0,RED
032608903,26,89,3,100.0,RED
032608904,26,89,4,100.0,RED
032608905,26,89,5,100.0,RED
032707503,27,75,3,100.0,RED
031205510,12,55,10,0.0,GREEN
031803001,18,30,1,100.0,RED
032509201,25,92,1,100.0,RED
032509202,25,92,2,100.0,RED
032609201,26,92,1,100.0,RED
032609202,26,92,2,100.0,RED
032608801,26,88,1,100.0,RED
032608802,26,88,2,100.0,RED
032908400,29,84,0,50.0,YELLOW
031503601,15,36,1,100.0,RED
032608702,26,87,2,100.0,RED
032608703,26,87,3,100.0,RED
031202504,12,25,4,0.0,GREEN
031204805,12,48,5,0.0,GREEN
031303801,13,38,1,0.0,GREEN
030902504,09,25,4,0.0,GREEN
034706204,47,62,4,0.0,GREEN
032503203,25,32,3,100.0,RED
030803501,08,35,1,0.0,GREEN
030803502,08,35,2,0.0,GREEN
031005301,10,53,1,0.0,GREEN
031005303,10,53,3,0.0,GREEN
032608201,26,82,1,100.0,RED
032102401,21,24,1,100.0,RED
030403401,04,34,1,0.0,GREEN
031904903,19,49,3,100.0,RED
032608501,26,85,1,100.0,RED
030907103,09,71,3,0.0,GREEN
030907201,09,72,1,0.0,GREEN
030907401,09,74,1,0.0,GREEN
030907501,09,75,1,0.0,GREEN
032608102,26,81,2,100.0,RED
032608402,26,84,2,100.0,RED
032803904,28,39,4,100.0,RED
032608302,26,83,2,100.0,RED
032608602,26,86,2,100.0,RED
032705000,27,50,0,100.0,RED
034811713,48,117,13,0.0,GREEN
031003300,10,33,0,100.0,RED
031506902,15,69,2,0.0,GREEN
030904500,09,45,0,100.0,RED
030802805,08,28,5,0.0,GREEN
032505700,25,57,0,100.0,RED
031303901,13,39,1,0.0,GREEN
032106005,21,60,5,0.0,GREEN
032104905,21,49,5,0.0,GREEN
032302502,23,25,2,100.0,RED
031403105,14,31,5,100.0,RED
031306101,13,61,1,0.0,GREEN
031704100,17,41,0,100.0,RED
030202503,02,25,3,0.0,GREEN
032603703,26,37,3,100.0,RED
032508105,25,81,5,0.0,GREEN
032509205,25,92,5,100.0,RED
032708703,27,87,3,100.0,RED
032708603,27,86,3,100.0,RED
032708503,27,85,3,100.0,RED
032708303,27,83,3,100.0,RED
032804605,28,46,5,2000.0,RED
031204200,12,42,0,0.0,GREEN
031105600,11,56,0,100.0,RED
031901701,19,17,1,100.0,RED
031901806,19,18,6,100.0,RED
031601600,16,16,0,100.0,RED
032708204,27,82,4,0.0,GREEN
031904201,19,42,1,100.0,RED
032708304,27,83,4,0.0,GREEN
031903801,19,38,1,100.0,RED
030101300,01,13,0,0.0,GREEN
032708404,27,84,4,100.0,RED
032708504,27,85,4,100.0,RED
032708604,27,86,4,100.0,RED
032708704,27,87,4,0.0,GREEN
032708804,27,88,4,100.0,RED
030703001,07,30,1,0.0,GREEN
032506601,25,66,1,100.0,RED
030202306,02,23,6,0.0,GREEN
032708904,27,89,4,0.0,GREEN
031504604,15,46,4,100.0,RED
032708905,27,89,5,0.0,GREEN
032605805,26,58,5,100.0,RED
032708805,27,88,5,100.0,RED
031505703,15,57,3,100.0,RED
030903700,09,37,0,100.0,RED
030905505,09,55,5,0.0,GREEN
032807003,28,70,3,100.0,RED
032304401,23,44,1,100.0,RED
030703702,07,37,2,0.0,GREEN
032104410,21,44,10,0.0,GREEN
032807404,28,74,4,100.0,RED
030500801,05,8,1,0.0,GREEN
032807604,28,76,4,100.0,RED
032103810,21,38,10,0.0,GREEN
032807204,28,72,4,0.0,GREEN
032807504,28,75,4,100.0,RED
031702500,17,25,0,100.0,RED
031005906,10,59,6,0.0,GREEN
031003804,10,38,4,0.0,GREEN
032807004,28,70,4,0.0,GREEN
032506701,25,67,1,100.0,RED
030202706,02,27,6,0.0,GREEN
030600500,06,5,0,0.0,GREEN
030400900,04,9,0,100.0,RED
030302603,03,26,3,0.0,GREEN
030604001,06,40,1,0.0,GREEN
030503102,05,31,2,0.0,GREEN
031004500,10,45,0,100.0,RED
032707604,27,76,4,0.0,GREEN
032706804,27,68,4,0.0,GREEN
032006801,20,68,1,100.0,RED
031602300,16,23,0,100.0,RED
032702100,27,21,0,0.0,GREEN
034100503,41,5,3,0.0,GREEN
031305700,13,57,0,100.0,RED
030904400,09,44,0,100.0,RED
030806403,08,64,3,0.0,GREEN
032707204,27,72,4,100.0,RED
032707104,27,71,4,0.0,GREEN
032605605,26,56,5,100.0,RED
031101805,11,18,5,0.0,GREEN
032707304,27,73,4,100.0,RED
032707404,27,74,4,100.0,RED
031805700,18,57,0,100.0,RED
032707504,27,75,4,100.0,RED
031605605,16,56,5,100.0,RED
032004104,20,41,4,100.0,RED
032706304,27,63,4,100.0,RED
031807000,18,70,0,100.0,RED
031202806,12,28,6,0.0,GREEN
032906104,29,61,4,100.0,RED
030600603,06,6,3,0.0,GREEN
031103505,11,35,5,0.0,GREEN
032906602,29,66,2,100.0,RED
032006002,20,60,2,100.0,RED
031404203,14,42,3,100.0,RED
032505801,25,58,1,100.0,RED
031003604,10,36,4,0.0,GREEN
032906503,29,65,3,100.0,RED
032806505,28,65,5,0.0,GREEN
032806605,28,66,5,0.0,GREEN
032806005,28,60,5,100.0,RED
032805605,28,56,5,0.0,GREEN
032806205,28,62,5,0.0,GREEN
030704106,07,41,6,0.0,GREEN
032806305,28,63,5,0.0,GREEN
032806405,28,64,5,100.0,RED
032806705,28,67,5,0.0,GREEN
032806805,28,68,5,0.0,GREEN
032806905,28,69,5,0.0,GREEN
030804000,08,40,0,0.0,GREEN
032807005,28,70,5,0.0,GREEN
031104600,11,46,0,100.0,RED
032807105,28,71,5,0.0,GREEN
032807205,28,72,5,0.0,GREEN
032706805,27,68,5,0.0,GREEN
032706905,27,69,5,0.0,GREEN
032707005,27,70,5,0.0,GREEN
030600701,06,7,1,0.0,GREEN
032608202,26,82,2,100.0,RED
031303104,13,31,4,0.0,GREEN
030903903,09,39,3,0.0,GREEN
030701204,07,12,4,0.0,GREEN
032905806,29,58,6,0.0,GREEN
030606804,06,68,4,0.0,GREEN
032107302,21,73,2,100.0,RED
030706006,07,60,6,0.0,GREEN
032704101,27,41,1,100.0,RED
032603303,26,33,3,100.0,RED
032204502,22,45,2,100.0,RED
031504301,15,43,1,0.0,GREEN
034803500,48,35,0,0.0,GREEN
032306304,23,63,4,100.0,RED
030605801,06,58,1,0.0,GREEN
031304101,13,41,1,0.0,GREEN
030203202,02,32,2,0.0,GREEN
030605002,06,50,2,0.0,GREEN
030602801,06,28,1,0.0,GREEN
030704605,07,46,5,0.0,GREEN
030902604,09,26,4,0.0,GREEN
032505006,25,50,6,0.0,GREEN
032101702,21,17,2,100.0,RED
032204005,22,40,5,100.0,RED
032001001,20,10,1,100.0,RED
032608502,26,85,2,100.0,RED
032608303,26,83,3,100.0,RED
031201906,12,19,6,0.0,GREEN
031204302,12,43,2,0.0,GREEN
032806104,28,61,4,100.0,RED
032508901,25,89,1,0.0,GREEN
032608403,26,84,3,100.0,RED
032106801,21,68,1,100.0,RED
031502701,15,27,1,100.0,RED
031305603,13,56,3,100.0,RED
030603905,06,39,5,0.0,GREEN
032608603,26,86,3,100.0,RED
031503600,15,36,0,100.0,RED
031503403,15,34,3,100.0,RED
034806501,48,65,1,100.0,RED
031504004,15,40,4,0.0,GREEN
032407305,24,73,5,0.0,GREEN
032101801,21,18,1,100.0,RED
031505503,15,55,3,200.0,RED
032608103,26,81,3,100.0,RED
030603602,06,36,2,0.0,GREEN
034301810,43,20,10,0.0,GREEN
032608203,26,82,3,100.0,RED
031900704,19,7,4,100.0,RED
030601301,06,13,1,0.0,GREEN
032607503,26,75,3,100.0,RED
032608503,26,85,3,100.0,RED
032901703,29,17,3,0.0,GREEN
034706400,47,64,0,0.0,GREEN
030201500,02,15,0,0.0,GREEN
032406404,24,64,4,100.0,RED
032806204,28,62,4,100.0,RED
031701000,17,10,0,0.0,GREEN
031602000,16,20,0,100.0,RED
031001306,10,13,6,0.0,GREEN
031800600,18,6,0,100.0,RED
032501701,25,17,1,100.0,RED
032500406,25,4,6,0.0,GREEN
030303200,03,32,0,100.0,RED
032303201,23,32,1,100.0,RED
031001906,10,19,6,0.0,GREEN
030903200,09,32,0,100.0,RED
032300801,23,8,1,100.0,RED
032200506,22,5,6,100.0,RED
030301100,03,11,0,100.0,RED
030602200,06,22,0,100.0,RED
030602304,06,23,4,0.0,GREEN
031103801,11,38,1,0.0,GREEN
030701904,07,19,4,0.0,GREEN
030201600,02,16,0,0.0,GREEN
030706402,07,64,2,0.0,GREEN
032003404,20,34,4,100.0,RED
032205804,22,58,4,100.0,RED
031201506,12,15,6,0.0,GREEN
030300701,03,7,1,0.0,GREEN
034804400,48,44,0,0.0,GREEN
032608100,26,81,0,100.0,RED
031702700,17,27,0,100.0,RED
032906400,29,64,0,50.0,YELLOW
032709000,27,90,0,50.0,YELLOW
032105106,21,51,6,0.0,GREEN
032203805,22,38,5,0.0,GREEN
030805206,08,52,6,0.0,GREEN
030401601,04,16,1,0.0,GREEN
031304406,13,44,6,0.0,GREEN
031206705,12,67,5,0.0,GREEN
031002106,10,21,6,0.0,GREEN
030703203,07,32,3,0.0,GREEN
032105802,21,58,2,100.0,RED
031606205,16,62,5,100.0,RED
030301104,03,11,4,0.0,GREEN
030701602,07,16,2,0.0,GREEN
030604301,06,43,1,0.0,GREEN
031301605,13,16,5,0.0,GREEN
030605001,06,50,1,0.0,GREEN
031404304,14,43,4,100.0,RED
031300205,13,2,5,0.0,GREEN
034204900,42,49,0,0.0,GREEN
031304206,13,42,6,0.0,GREEN
031300405,13,4,5,0.0,GREEN
031100702,11,7,2,0.0,GREEN
031500805,15,8,5,0.0,GREEN
030900705,09,7,5,0.0,GREEN
031000705,10,7,5,0.0,GREEN
030700504,07,5,4,0.0,GREEN
031002901,10,29,1,0.0,GREEN
031003002,10,30,2,0.0,GREEN
031003003,10,30,3,0.0,GREEN
031205105,12,51,5,0.0,GREEN
031205703,12,57,3,0.0,GREEN
031906406,19,64,6,0.0,GREEN
031904005,19,40,5,0.0,GREEN
032907300,29,73,0,100.0,RED
034812113,48,121,13,0.0,GREEN
032003602,20,36,2,100.0,RED
030501701,05,17,1,0.0,GREEN
032207005,22,70,5,100.0,RED
032202106,22,21,6,0.0,GREEN
032202304,22,23,4,100.0,RED
032207205,22,72,5,0.0,GREEN
032304403,23,44,3,0.0,GREEN
032300904,23,9,4,100.0,RED
032706105,27,61,5,0.0,GREEN
032804600,28,46,0,0.0,GREEN
032705201,27,52,1,0.0,GREEN
032802502,28,25,2,100.0,RED
030102800,01,28,0,0.0,GREEN
030602600,06,26,0,100.0,RED
032005510,20,55,10,0.0,GREEN
032106700,21,67,0,100.0,RED
030704100,07,41,0,0.0,GREEN
030802500,08,25,0,0.0,GREEN
031805800,18,58,0,100.0,RED
032005803,20,58,3,100.0,RED
032103104,21,31,4,100.0,RED
032006402,20,64,2,100.0,RED
032005506,20,55,6,0.0,GREEN
032103010,21,30,10,0.0,GREEN
032306600,23,66,0,100.0,RED
032002301,20,23,1,100.0,RED
031905003,19,50,3,100.0,RED
032405302,24,53,2,1500.0,RED
032502105,25,21,5,100.0,RED
032600705,26,7,5,0.0,GREEN
032603004,26,30,4,0.0,GREEN
032603603,26,36,3,100.0,RED
032702901,27,29,1,100.0,RED
032705305,27,53,5,0.0,GREEN
032703701,27,37,1,100.0,RED
032502500,25,25,0,100.0,RED
032802804,28,28,4,0.0,GREEN
032802605,28,26,5,0.0,GREEN
031904805,19,48,5,0.0,GREEN
032809101,28,91,1,100.0,RED
032705306,27,53,6,0.0,GREEN
032205502,22,55,2,100.0,RED
031902401,19,24,1,100.0,RED
032002904,20,29,4,100.0,RED
032003204,20,32,4,100.0,RED
032302104,23,21,4,0.0,GREEN
032602903,26,29,3,0.0,GREEN
032603501,26,35,1,100.0,RED
032704801,27,48,1,100.0,RED
032705601,27,56,1,100.0,RED
032707103,27,71,3,100.0,RED
032001701,20,17,1,100.0,RED
032601004,26,10,4,100.0,RED
032708501,27,85,1,100.0,RED
032708201,27,82,1,100.0,RED
032709004,27,90,4,0.0,GREEN
032708901,27,89,1,100.0,RED
032006404,20,64,4,100.0,RED
032708801,27,88,1,100.0,RED
031906606,19,66,6,100.0,RED
032809001,28,90,1,100.0,RED
032808701,28,87,1,100.0,RED
032908505,29,85,5,0.0,GREEN
032602606,26,26,6,0.0,GREEN
032605206,26,52,6,0.0,GREEN
032203204,22,32,4,0.0,GREEN
032001705,20,17,5,100.0,RED
032105404,21,54,4,100.0,RED
032003004,20,30,4,100.0,RED
032603003,26,30,3,100.0,RED
032604002,26,40,2,100.0,RED
032604503,26,45,3,100.0,RED
032006206,20,62,6,100.0,RED
031903704,19,37,4,100.0,RED
032102103,21,21,3,100.0,RED
032104506,21,45,6,0.0,GREEN
032204804,22,48,4,0.0,GREEN
032506702,25,67,2,100.0,RED
031002900,10,29,0,200.0,RED
031803500,18,35,0,100.0,RED
032504002,25,40,2,100.0,RED
032206703,22,67,3,100.0,RED
030100101,01,1,1,100.0,RED
030704801,07,48,1,0.0,GREEN
031604704,16,47,4,100.0,RED
030804600,08,46,0,0.0,GREEN
031602603,16,26,3,200.0,RED
031601303,16,13,3,0.0,GREEN
031605504,16,55,4,100.0,RED
032301704,23,17,4,100.0,RED
031806900,18,69,0,100.0,RED
031407006,14,70,6,0.0,GREEN
031204301,12,43,1,100.0,RED
031804602,18,46,2,0.0,GREEN
031805802,18,58,2,100.0,RED
030101501,01,15,1,0.0,GREEN
032806200,28,62,0,50.0,YELLOW
030702304,07,23,4,0.0,GREEN
030201105,02,11,5,0.0,GREEN
031601602,16,16,2,100.0,RED
031403100,14,31,0,100.0,RED
031506001,15,60,1,100.0,RED
032804901,28,49,1,100.0,RED
034803001,48,30,1,0.0,GREEN
032107106,21,71,6,100.0,RED
032302904,23,29,4,0.0,GREEN
032803602,28,36,2,100.0,RED
032903704,29,37,4,100.0,RED
032406006,24,60,6,100.0,RED
032101003,21,10,3,100.0,RED
032305702,23,57,2,100.0,RED
034805504,48,55,4,0.0,GREEN
032703305,27,33,5,0.0,GREEN
032505504,25,55,4,0.0,GREEN
032202203,22,22,3,100.0,RED
032006104,20,61,4,100.0,RED
030600704,06,7,4,0.0,GREEN
030400505,04,5,5,0.0,GREEN
031401706,14,17,6,0.0,GREEN
031103903,11,39,3,0.0,GREEN
030803702,08,37,2,0.0,GREEN
032608803,26,88,3,100.0,RED
031206204,12,62,4,0.0,GREEN
032609103,26,91,3,100.0,RED
031500803,15,8,3,0.0,GREEN
032704903,27,49,3,100.0,RED
030700104,07,1,4,0.0,GREEN
030700103,07,1,3,0.0,GREEN
031006703,10,67,3,0.0,GREEN
031503706,15,37,6,0.0,GREEN
032301401,23,14,1,100.0,RED
032006106,20,61,6,100.0,RED
031200606,12,6,6,0.0,GREEN
032206800,22,68,0,100.0,RED
030100404,01,4,4,100.0,RED
032304804,23,48,4,100.0,RED
030403102,04,31,2,0.0,GREEN
032306301,23,63,1,100.0,RED
030705305,07,53,5,0.0,GREEN
030804305,08,43,5,0.0,GREEN
031204001,12,40,1,0.0,GREEN
031504106,15,41,6,0.0,GREEN
032504504,25,45,4,100.0,RED
031204705,12,47,5,0.0,GREEN
032702201,27,22,1,100.0,RED
032705905,27,59,5,100.0,RED
032606102,26,61,2,100.0,RED
031304706,13,47,6,0.0,GREEN
031305506,13,55,6,0.0,GREEN
032908802,29,88,2,100.0,RED
031503406,15,34,6,0.0,GREEN
030906906,09,69,6,0.0,GREEN
034804302,48,43,2,100.0,RED
034804001,48,40,1,0.0,GREEN
031600605,16,6,5,0.0,GREEN
031302602,13,26,2,100.0,RED
031403906,14,39,6,0.0,GREEN
032205705,22,57,5,0.0,GREEN
032105001,21,50,1,100.0,RED
030800406,08,4,6,0.0,GREEN
032205101,22,51,1,100.0,RED
032607004,26,70,4,0.0,GREEN
031306604,13,66,4,0.0,GREEN
032607304,26,73,4,100.0,RED
031405201,14,52,1,100.0,RED
030601700,06,17,0,200.0,RED
030603500,06,35,0,200.0,RED
031202500,12,25,0,100.0,RED
031104502,11,45,2,0.0,GREEN
030705906,07,59,6,0.0,GREEN
030902401,09,24,1,0.0,GREEN
030901402,09,14,2,0.0,GREEN
031003403,10,34,3,0.0,GREEN
032504401,25,44,1,100.0,RED
031600206,16,2,6,0.0,GREEN
030902006,09,20,6,0.0,GREEN
031003404,10,34,4,0.0,GREEN
030901006,09,10,6,0.0,GREEN
030604205,06,42,5,0.0,GREEN
030903006,09,30,6,0.0,GREEN
030302300,03,23,0,100.0,RED
030300906,03,9,6,0.0,GREEN
032501905,25,19,5,100.0,RED
030102100,01,21,0,100.0,RED
032607402,26,74,2,100.0,RED
030903606,09,36,6,0.0,GREEN
031006906,10,69,6,0.0,GREEN
031703800,17,38,0,100.0,RED
031502004,15,20,4,0.0,GREEN
032605404,26,54,4,100.0,RED
030904606,09,46,6,0.0,GREEN
030800104,08,1,4,0.0,GREEN
030500500,05,5,0,200.0,RED
032705102,27,51,2,100.0,RED
032104901,21,49,1,100.0,RED
031802800,18,28,0,0.0,GREEN
031802600,18,26,0,0.0,GREEN
032601303,26,13,3,0.0,GREEN
032603704,26,37,4,0.0,GREEN
030201203,02,12,3,0.0,GREEN
031800500,18,5,0,100.0,RED
032004604,20,46,4,100.0,RED
032902006,29,20,6,100.0,RED
032906502,29,65,2,100.0,RED
030905800,09,58,0,200.0,RED
031300105,13,1,5,0.0,GREEN
031102902,11,29,2,0.0,GREEN
032103201,21,32,1,100.0,RED
032506005,25,60,5,0.0,GREEN
030905501,09,55,1,0.0,GREEN
031406101,14,61,1,0.0,GREEN
031005902,10,59,2,0.0,GREEN
030904604,09,46,4,0.0,GREEN
032203202,22,32,2,100.0,RED
031303101,13,31,1,0.0,GREEN
032609203,26,92,3,100.0,RED
031905801,19,58,1,100.0,RED
032706004,27,60,4,0.0,GREEN
031901406,19,14,6,0.0,GREEN
032506700,25,67,0,50.0,YELLOW
030202502,02,25,2,0.0,GREEN
030606100,06,61,0,200.0,RED
032806000,28,60,0,100.0,RED
032201101,22,11,1,100.0,RED
030601502,06,15,2,0.0,GREEN
030202406,02,24,6,0.0,GREEN
030803306,08,33,6,0.0,GREEN
032705904,27,59,4,100.0,RED
031105102,11,51,2,0.0,GREEN
030803100,08,31,0,0.0,GREEN
030401405,04,14,5,0.0,GREEN
032708602,27,86,2,100.0,RED
030905004,09,50,4,0.0,GREEN
030602305,06,23,5,0.0,GREEN
031004800,10,48,0,100.0,RED
034704304,47,43,4,0.0,GREEN
032807303,28,73,3,100.0,RED
030402801,04,28,1,0.0,GREEN
031003501,10,35,1,0.0,GREEN
030302700,03,27,0,100.0,RED
032503905,25,39,5,100.0,RED
030803000,08,30,0,0.0,GREEN
031000304,10,3,4,0.0,GREEN
031005500,10,55,0,200.0,RED
031104306,11,43,6,0.0,GREEN
032102904,21,29,4,0.0,GREEN
032101404,21,14,4,0.0,GREEN
030905500,09,55,0,100.0,RED
030803201,08,32,1,0.0,GREEN
031603503,16,35,3,0.0,GREEN
031802201,18,22,1,100.0,RED
031403101,14,31,1,0.0,GREEN
032703204,27,32,4,0.0,GREEN
032105606,21,56,6,100.0,RED
032706401,27,64,1,100.0,RED
031806702,18,67,2,100.0,RED
032704205,27,42,5,0.0,GREEN
031505605,15,56,5,0.0,GREEN
030803800,08,38,0,100.0,RED
032305102,23,51,2,100.0,RED
030603102,06,31,2,0.0,GREEN
031505803,15,58,3,100.0,RED
030800203,08,2,3,0.0,GREEN
032603700,26,37,0,100.0,RED
030802700,08,27,0,0.0,GREEN
030801705,08,17,5,0.0,GREEN
031803300,18,33,0,100.0,RED
030806306,08,63,6,0.0,GREEN
031102502,11,25,2,0.0,GREEN
032808105,28,81,5,100.0,RED
030401900,04,19,0,200.0,RED
032808205,28,82,5,100.0,RED
031605102,16,51,2,200.0,RED
032808305,28,83,5,100.0,RED
032704204,27,42,4,0.0,GREEN
031301606,13,16,6,0.0,GREEN
032808106,28,81,6,0.0,GREEN
032808206,28,82,6,0.0,GREEN
030901306,09,13,6,0.0,GREEN
032808405,28,84,5,100.0,RED
032808505,28,85,5,100.0,RED
032808605,28,86,5,100.0,RED
032808705,28,87,5,100.0,RED
032808805,28,88,5,100.0,RED
032808905,28,89,5,100.0,RED
030604100,06,41,0,100.0,RED
030803401,08,34,1,0.0,GREEN
030805401,08,54,1,0.0,GREEN
030902301,09,23,1,0.0,GREEN
031403001,14,30,1,0.0,GREEN
032808306,28,83,6,0.0,GREEN
032808406,28,84,6,0.0,GREEN
031303301,13,33,1,0.0,GREEN
031504000,15,40,0,100.0,RED
032404501,24,45,1,100.0,RED
032807405,28,74,5,0.0,GREEN
032507403,25,74,3,100.0,RED
034706604,47,66,4,0.0,GREEN
032807505,28,75,5,0.0,GREEN
032604406,26,44,6,0.0,GREEN
032604606,26,46,6,0.0,GREEN
032607104,26,71,4,100.0,RED
032704904,27,49,4,100.0,RED
032605806,26,58,6,0.0,GREEN
032305601,23,56,1,100.0,RED
030903801,09,38,1,0.0,GREEN
032608804,26,88,4,100.0,RED
032608604,26,86,4,100.0,RED
031201104,12,11,4,0.0,GREEN
032608504,26,85,4,100.0,RED
032809201,28,92,1,100.0,RED
032608404,26,84,4,100.0,RED
031602306,16,23,6,0.0,GREEN
031502605,15,26,5,0.0,GREEN
032608704,26,87,4,100.0,RED
031202900,12,29,0,100.0,RED
031302701,13,27,1,100.0,RED
031300706,13,7,6,0.0,GREEN
031505003,15,50,3,100.0,RED
031304303,13,43,3,100.0,RED
031405205,14,52,5,0.0,GREEN
030705405,07,54,5,0.0,GREEN
030301400,03,14,0,200.0,RED
030602105,06,21,5,0.0,GREEN
032101103,21,11,3,100.0,RED
032101502,21,15,2,100.0,RED
030705002,07,50,2,0.0,GREEN
032105105,21,51,5,0.0,GREEN
032102203,21,22,3,100.0,RED
031504003,15,40,3,0.0,GREEN
032302202,23,22,2,100.0,RED
032202004,22,20,4,100.0,RED
030603303,06,33,3,0.0,GREEN
031900602,19,6,2,100.0,RED
030701603,07,16,3,0.0,GREEN
030300204,03,2,4,0.0,GREEN
030202904,02,29,4,0.0,GREEN
032602503,26,25,3,100.0,RED
031304704,13,47,4,0.0,GREEN
031503006,15,30,6,0.0,GREEN
031105203,11,52,3,0.0,GREEN
031406406,14,64,6,0.0,GREEN
034704901,47,49,1,100.0,RED
031205501,12,55,1,0.0,GREEN
030603201,06,32,1,0.0,GREEN
034704902,47,49,2,100.0,RED
034704701,47,47,1,100.0,RED
034704601,47,46,1,100.0,RED
034704501,47,45,1,100.0,RED
034704401,47,44,1,100.0,RED
031203205,12,32,5,0.0,GREEN
030804301,08,43,1,0.0,GREEN
034607102,46,71,2,100.0,RED
034704505,47,45,5,100.0,RED
030606104,06,61,4,0.0,GREEN
034704802,47,48,2,100.0,RED
030102004,01,20,4,0.0,GREEN
034704702,47,47,2,100.0,RED
034704703,47,47,3,0.0,GREEN
030403405,04,34,5,0.0,GREEN
030103103,01,31,3,0.0,GREEN
034705702,47,57,2,100.0,RED
034704402,47,44,2,100.0,RED
034705603,47,56,3,100.0,RED
030503303,05,33,3,0.0,GREEN
031505201,15,52,1,100.0,RED
034704403,47,44,3,0.0,GREEN
030603103,06,31,3,0.0,GREEN
034704404,47,44,4,100.0,RED
034706401,47,64,1,100.0,RED
034704704,47,47,4,0.0,GREEN
030900903,09,9,3,0.0,GREEN
030400804,04,8,4,0.0,GREEN
032206300,22,63,0,100.0,RED
032103606,21,36,6,0.0,GREEN
032104603,21,46,3,100.0,RED
031900601,19,6,1,100.0,RED
032001403,20,14,3,100.0,RED
030601600,06,16,0,200.0,RED
032005301,20,53,1,100.0,RED
031704700,17,47,0,100.0,RED
032006501,20,65,1,100.0,RED
031706500,17,65,0,100.0,RED
032103004,21,30,4,100.0,RED
032105305,21,53,5,100.0,RED
032501605,25,16,5,100.0,RED
031506302,15,63,2,100.0,RED
032106901,21,69,1,0.0,GREEN
032203601,22,36,1,100.0,RED
032206801,22,68,1,100.0,RED
032204501,22,45,1,100.0,RED
032207106,22,71,6,0.0,GREEN
032304903,23,49,3,100.0,RED
032306505,23,65,5,0.0,GREEN
032405101,24,51,1,100.0,RED
032405705,24,57,5,100.0,RED
032406801,24,68,1,100.0,RED
032702303,27,23,3,100.0,RED
032702805,27,28,5,0.0,GREEN
030805701,08,57,1,0.0,GREEN
032703804,27,38,4,100.0,RED
032704602,27,46,2,100.0,RED
031002100,10,21,0,0.0,GREEN
031002101,10,21,1,0.0,GREEN
031002200,10,22,0,200.0,RED
031002201,10,22,1,0.0,GREEN
032706703,27,67,3,0.0,GREEN
031002000,10,20,0,0.0,GREEN
031002001,10,20,1,0.0,GREEN
030700501,07,5,1,0.0,GREEN
030700600,07,6,0,0.0,GREEN
030700601,07,6,1,0.0,GREEN
030700800,07,8,0,0.0,GREEN
030700801,07,8,1,0.0,GREEN
030700901,07,9,1,0.0,GREEN
030701100,07,11,0,0.0,GREEN
030701101,07,11,1,0.0,GREEN
030701200,07,12,0,0.0,GREEN
030701201,07,12,1,0.0,GREEN
030701300,07,13,0,0.0,GREEN
030701301,07,13,1,0.0,GREEN
030701400,07,14,0,0.0,GREEN
030701401,07,14,1,0.0,GREEN
030701501,07,15,1,0.0,GREEN
030701600,07,16,0,0.0,GREEN
030701601,07,16,1,0.0,GREEN
031004401,10,44,1,0.0,GREEN
030900101,09,1,1,0.0,GREEN
030900200,09,2,0,0.0,GREEN
032808504,28,85,4,100.0,RED
031907000,19,70,0,100.0,RED
034100201,41,2,1,0.0,GREEN
032904603,29,46,3,0.0,GREEN
032001801,20,18,1,100.0,RED
034802002,48,20,2,0.0,GREEN
034802501,48,25,1,0.0,GREEN
034802805,48,28,5,0.0,GREEN
030805803,08,58,3,0.0,GREEN
030804700,08,47,0,100.0,RED
034806703,48,67,3,0.0,GREEN
034806303,48,63,3,0.0,GREEN
034806301,48,63,1,100.0,RED
032107206,21,72,6,0.0,GREEN
031105702,11,57,2,0.0,GREEN
032003905,20,39,5,100.0,RED
031202006,12,20,6,0.0,GREEN
031203202,12,32,2,0.0,GREEN
031401904,14,19,4,0.0,GREEN
031906201,19,62,1,100.0,RED
032107005,21,70,5,100.0,RED
032207001,22,70,1,100.0,RED
030604501,06,45,1,0.0,GREEN
032003410,20,34,10,0.0,GREEN
030101203,01,12,3,0.0,GREEN
032004100,20,41,0,100.0,RED
032805200,28,52,0,100.0,RED
032705303,27,53,3,100.0,RED
032702002,27,20,2,0.0,GREEN
031903804,19,38,4,100.0,RED
032605303,26,53,3,100.0,RED
032704102,27,41,2,0.0,GREEN
032105204,21,52,4,100.0,RED
032505906,25,59,6,0.0,GREEN
032601501,26,15,1,100.0,RED
032706003,27,60,3,100.0,RED
034805401,48,54,1,100.0,RED
034805603,48,56,3,100.0,RED
032201103,22,11,3,100.0,RED
032707502,27,75,2,100.0,RED
032302710,23,27,10,0.0,GREEN
032105406,21,54,6,100.0,RED
031903206,19,32,6,0.0,GREEN
032304505,23,45,5,0.0,GREEN
034706803,47,68,3,100.0,RED
032507002,25,70,2,100.0,RED
032801802,28,18,2,100.0,RED
032804104,28,41,4,0.0,GREEN
034812213,48,122,13,0.0,GREEN
034812413,48,124,13,100.0,RED
034812511,48,125,11,100.0,RED
032205806,22,58,6,0.0,GREEN
034705400,47,54,0,100.0,RED
031903906,19,39,6,100.0,RED
032507500,25,75,0,50.0,YELLOW
032506600,25,66,0,50.0,YELLOW
034607301,46,73,1,100.0,RED
032708100,27,81,0,100.0,RED
032306602,23,66,2,100.0,RED
032507004,25,70,4,100.0,RED
032500702,25,7,2,0.0,GREEN
032006805,20,68,5,100.0,RED
032001601,20,16,1,100.0,RED
032603906,26,39,6,0.0,GREEN
031903104,19,31,4,0.0,GREEN
032605305,26,53,5,0.0,GREEN
031903306,19,33,6,100.0,RED
032005804,20,58,4,100.0,RED
032004503,20,45,3,100.0,RED
032004003,20,40,3,100.0,RED
032100502,21,5,2,100.0,RED
032103205,21,32,5,100.0,RED
032604206,26,42,6,0.0,GREEN
032604306,26,43,6,0.0,GREEN
032702203,27,22,3,0.0,GREEN
032002401,20,24,1,100.0,RED
032102105,21,21,5,100.0,RED
032103002,21,30,2,100.0,RED
032101303,21,13,3,100.0,RED
032206001,22,60,1,100.0,RED
032506901,25,69,1,100.0,RED
032600902,26,9,2,100.0,RED
032200802,22,8,2,100.0,RED
032201504,22,15,4,100.0,RED
034607302,46,73,2,0.0,GREEN
032204904,22,49,4,100.0,RED
031906306,19,63,6,0.0,GREEN
032803106,28,31,6,0.0,GREEN
032003803,20,38,3,100.0,RED
032505602,25,56,2,0.0,GREEN
032106904,21,69,4,100.0,RED
032901100,29,11,0,0.0,GREEN
031900103,19,1,3,0.0,GREEN
032902803,29,28,3,100.0,RED
032306503,23,65,3,100.0,RED
032706903,27,69,3,0.0,GREEN
034704300,47,43,0,0.0,GREEN
034605704,46,57,4,100.0,RED
032606400,26,64,0,50.0,YELLOW
032608500,26,85,0,50.0,YELLOW
034807303,48,73,3,0.0,GREEN
034706100,47,61,0,100.0,RED
032207203,22,72,3,100.0,RED
032806800,28,68,0,50.0,YELLOW
034807204,48,72,4,0.0,GREEN
032605201,26,52,1,100.0,RED
034806903,48,69,3,0.0,GREEN
032504104,25,41,4,100.0,RED
032107205,21,72,5,100.0,RED
034800101,48,1,1,100.0,RED
032503603,25,36,3,100.0,RED
032406403,24,64,3,100.0,RED
031903204,19,32,4,100.0,RED
031903901,19,39,1,100.0,RED
032204203,22,42,3,100.0,RED
031905705,19,57,5,100.0,RED
032003502,20,35,2,100.0,RED
032806602,28,66,2,100.0,RED
032907302,29,73,2,100.0,RED
032204303,22,43,3,0.0,GREEN
032107203,21,72,3,100.0,RED
032605000,26,50,0,100.0,RED
032004202,20,42,2,100.0,RED
032106500,21,65,0,100.0,RED
032104501,21,45,1,100.0,RED
032202201,22,22,1,100.0,RED
032005902,20,59,2,100.0,RED
032207302,22,73,2,100.0,RED
032302401,23,24,1,100.0,RED
032406001,24,60,1,100.0,RED
032501501,25,15,1,100.0,RED
032504102,25,41,2,100.0,RED
034102900,41,29,0,0.0,GREEN
030603001,06,30,1,0.0,GREEN
031404405,14,44,5,0.0,GREEN
030101000,01,10,0,0.0,GREEN
030503103,05,31,3,0.0,GREEN
030601005,06,10,5,0.0,GREEN
030301203,03,12,3,0.0,GREEN
030402602,04,26,2,0.0,GREEN
030900204,09,2,4,0.0,GREEN
031502806,15,28,6,0.0,GREEN
030400702,04,7,2,0.0,GREEN
030603301,06,33,1,0.0,GREEN
030603302,06,33,2,0.0,GREEN
030603904,06,39,4,0.0,GREEN
030702901,07,29,1,0.0,GREEN
030803906,08,39,6,0.0,GREEN
030704602,07,46,2,0.0,GREEN
030900906,09,9,6,0.0,GREEN
031005706,10,57,6,0.0,GREEN
031203506,12,35,6,0.0,GREEN
031203502,12,35,2,0.0,GREEN
034803402,48,34,2,100.0,RED
031802500,18,25,0,100.0,RED
031103404,11,34,4,0.0,GREEN
031105103,11,51,3,0.0,GREEN
031802900,18,29,0,100.0,RED
031105105,11,51,5,0.0,GREEN
031403104,14,31,4,100.0,RED
031707000,17,70,0,100.0,RED
031602702,16,27,2,100.0,RED
031601403,16,14,3,0.0,GREEN
031606304,16,63,4,0.0,GREEN
030705301,07,53,1,0.0,GREEN
030801905,08,19,5,0.0,GREEN
030705502,07,55,2,0.0,GREEN
030902500,09,25,0,200.0,RED
031201903,12,19,3,0.0,GREEN
031500904,15,9,4,0.0,GREEN
030703700,07,37,0,0.0,GREEN
032001205,20,12,5,0.0,GREEN
031203106,12,31,6,0.0,GREEN
031504706,15,47,6,0.0,GREEN
031103400,11,34,0,100.0,RED
031503300,15,33,0,100.0,RED
032504103,25,41,3,100.0,RED
032802505,28,25,5,0.0,GREEN
032604103,26,41,3,100.0,RED
032602403,26,24,3,100.0,RED
032903404,29,34,4,0.0,GREEN
032808801,28,88,1,100.0,RED
032709005,27,90,5,0.0,GREEN
030904803,09,48,3,0.0,GREEN
031302205,13,22,5,0.0,GREEN
031403801,14,38,1,0.0,GREEN
031505401,15,54,1,0.0,GREEN
031407003,14,70,3,100.0,RED
031506704,15,67,4,100.0,RED
032406201,24,62,1,100.0,RED
031406505,14,65,5,0.0,GREEN
031000702,10,7,2,0.0,GREEN
030805005,08,50,5,0.0,GREEN
032004301,20,43,1,100.0,RED
031205602,12,56,2,0.0,GREEN
031404200,14,42,0,100.0,RED
030302404,03,24,4,0.0,GREEN
031402900,14,29,0,100.0,RED
031000104,10,1,4,0.0,GREEN
032203504,22,35,4,100.0,RED
031804801,18,48,1,100.0,RED
031005300,10,53,0,100.0,RED
031006100,10,61,0,100.0,RED
032600503,26,5,3,100.0,RED
031403504,14,35,4,0.0,GREEN
030503301,05,33,1,0.0,GREEN
030502500,05,25,0,200.0,RED
032606504,26,65,4,100.0,RED
031102403,11,24,3,0.0,GREEN
032705104,27,51,4,100.0,RED
031105201,11,52,1,0.0,GREEN
030601604,06,16,4,0.0,GREEN
034500905,45,9,5,0.0,GREEN
032900705,29,7,5,0.0,GREEN
032900903,29,9,3,0.0,GREEN
030601101,06,11,1,0.0,GREEN
032102900,21,29,0,100.0,RED
032105703,21,57,3,100.0,RED
032804705,28,47,5,0.0,GREEN
032201202,22,12,2,100.0,RED
031602406,16,24,6,0.0,GREEN
032706303,27,63,3,0.0,GREEN
031600503,16,5,3,100.0,RED
031306602,13,66,2,200.0,RED
032903104,29,31,4,0.0,GREEN
030401504,04,15,4,0.0,GREEN
030703606,07,36,6,0.0,GREEN
032004302,20,43,2,100.0,RED
031402801,14,28,1,0.0,GREEN
030402001,04,20,1,0.0,GREEN
032006504,20,65,4,100.0,RED
031003106,10,31,6,0.0,GREEN
032509002,25,90,2,100.0,RED
030403101,04,31,1,0.0,GREEN
030302800,03,28,0,100.0,RED
030602000,06,20,0,100.0,RED
032904304,29,43,4,0.0,GREEN
031001706,10,17,6,0.0,GREEN
032305603,23,56,3,100.0,RED
031005305,10,53,5,0.0,GREEN
031006705,10,67,5,0.0,GREEN
030805202,08,52,2,0.0,GREEN
030705700,07,57,0,200.0,RED
030301402,03,14,2,0.0,GREEN
030402501,04,25,1,0.0,GREEN
031002505,10,25,5,0.0,GREEN
030904503,09,45,3,0.0,GREEN
031406703,14,67,3,100.0,RED
031600305,16,3,5,0.0,GREEN
031105703,11,57,3,0.0,GREEN
031002601,10,26,1,0.0,GREEN
030604101,06,41,1,0.0,GREEN
031201503,12,15,3,0.0,GREEN
030402400,04,24,0,100.0,RED
031200503,12,5,3,0.0,GREEN
030302002,03,20,2,0.0,GREEN
031401804,14,18,4,0.0,GREEN
031305004,13,50,4,0.0,GREEN
031506106,15,61,6,0.0,GREEN
032001103,20,11,3,100.0,RED
031002402,10,24,2,0.0,GREEN
030900603,09,6,3,0.0,GREEN
032406503,24,65,3,100.0,RED
031205002,12,50,2,100.0,RED
031202205,12,22,5,0.0,GREEN
030805602,08,56,2,0.0,GREEN
032604304,26,43,4,100.0,RED
030704101,07,41,1,0.0,GREEN
031704601,17,46,1,100.0,RED
031003200,10,32,0,100.0,RED
031704702,17,47,2,100.0,RED
031301505,13,15,5,0.0,GREEN
032202505,22,25,5,0.0,GREEN
031302605,13,26,5,0.0,GREEN
030704501,07,45,1,0.0,GREEN
031206706,12,67,6,0.0,GREEN
030502501,05,25,1,0.0,GREEN
031603200,16,32,0,100.0,RED
030804206,08,42,6,0.0,GREEN
030600502,06,5,2,0.0,GREEN
034811513,48,115,13,0.0,GREEN
034811810,48,118,10,0.0,GREEN
031305000,13,50,0,100.0,RED
031604300,16,43,0,100.0,RED
031701100,17,11,0,0.0,GREEN
031806200,18,62,0,100.0,RED
031201502,12,15,2,0.0,GREEN
031203906,12,39,6,0.0,GREEN
030201800,02,18,0,0.0,GREEN
032804405,28,44,5,0.0,GREEN
031402204,14,22,4,0.0,GREEN
031701300,17,13,0,100.0,RED
031102400,11,24,0,200.0,RED
032102503,21,25,3,100.0,RED
030900506,09,5,6,0.0,GREEN
032707600,27,76,0,50.0,YELLOW
031002306,10,23,6,0.0,GREEN
032809005,28,90,5,0.0,GREEN
031901604,19,16,4,100.0,RED
032504305,25,43,5,100.0,RED
032004701,20,47,1,100.0,RED
031202301,12,23,1,100.0,RED
032603101,26,31,1,100.0,RED
032806301,28,63,1,100.0,RED
032103206,21,32,6,0.0,GREEN
030201803,02,18,3,0.0,GREEN
030102303,01,23,3,0.0,GREEN
031805400,18,54,0,100.0,RED
031703600,17,36,0,100.0,RED
030905900,09,59,0,100.0,RED
031402303,14,23,3,100.0,RED
030400801,04,8,1,0.0,GREEN
032507300,25,73,0,50.0,YELLOW
031502401,15,24,1,100.0,RED
032508100,25,81,0,0.0,GREEN
032508800,25,88,0,50.0,YELLOW
032902904,29,29,4,0.0,GREEN
032505204,25,52,4,100.0,RED
031505206,15,52,6,0.0,GREEN
031803101,18,31,1,100.0,RED
031206505,12,65,5,0.0,GREEN
032804004,28,40,4,100.0,RED
031300803,13,8,3,100.0,RED
030501801,05,18,1,0.0,GREEN
031603603,16,36,3,100.0,RED
030801004,08,10,4,0.0,GREEN
032002106,20,21,6,100.0,RED
032901900,29,19,0,0.0,GREEN
030403204,04,32,4,0.0,GREEN
031103501,11,35,1,0.0,GREEN
031201410,12,14,10,0.0,GREEN
032706001,27,60,1,0.0,GREEN
032202306,22,23,6,0.0,GREEN
032200906,22,9,6,0.0,GREEN
032705502,27,55,2,0.0,GREEN
032000801,20,8,1,100.0,RED
032902403,29,24,3,100.0,RED
030102500,01,25,0,0.0,GREEN
032201506,22,15,6,0.0,GREEN
034802505,48,25,5,0.0,GREEN
030902803,09,28,3,0.0,GREEN
030706302,07,63,2,100.0,RED
031405200,14,52,0,100.0,RED
032001201,20,12,1,100.0,RED
030705900,07,59,0,200.0,RED
032205203,22,52,3,100.0,RED
032105200,21,52,0,100.0,RED
030802604,08,26,4,0.0,GREEN
030303403,03,34,3,0.0,GREEN
031903903,19,39,3,100.0,RED
030202303,02,23,3,0.0,GREEN
032804206,28,42,6,0.0,GREEN
030100802,01,8,2,0.0,GREEN
031102503,11,25,3,0.0,GREEN
032905702,29,57,2,100.0,RED
032300505,23,5,5,0.0,GREEN
034706203,47,62,3,100.0,RED
030202305,02,23,5,0.0,GREEN
031201006,12,10,6,0.0,GREEN
032201905,22,19,5,0.0,GREEN
030805200,08,52,0,200.0,RED
030903406,09,34,6,0.0,GREEN
030702804,07,28,4,0.0,GREEN
030601400,06,14,0,0.0,GREEN
032600505,26,5,5,100.0,RED
032600605,26,6,5,0.0,GREEN
030500404,05,4,4,0.0,GREEN
030400506,04,5,6,0.0,GREEN
032601006,26,10,6,0.0,GREEN
032600805,26,8,5,0.0,GREEN
032600504,26,5,4,0.0,GREEN
032405506,24,55,6,100.0,RED
032005303,20,53,3,100.0,RED
032005105,20,51,5,100.0,RED
032702505,27,25,5,0.0,GREEN
031003700,10,37,0,200.0,RED
030502301,05,23,1,0.0,GREEN
032302111,23,21,11,200.0,RED
032601106,26,11,6,100.0,RED
032705205,27,52,5,0.0,GREEN
032706405,27,64,5,0.0,GREEN
032706505,27,65,5,0.0,GREEN
034803906,48,39,6,0.0,GREEN
032708702,27,87,2,100.0,RED
032706605,27,66,5,100.0,RED
032201704,22,17,4,100.0,RED
034803701,48,37,1,0.0,GREEN
032802306,28,23,6,0.0,GREEN
032705705,27,57,5,0.0,GREEN
032201102,22,11,2,100.0,RED
032807304,28,73,4,100.0,RED
032603304,26,33,4,100.0,RED
032606702,26,67,2,100.0,RED
032300902,23,9,2,0.0,GREEN
031904906,19,49,6,0.0,GREEN
031905106,19,51,6,100.0,RED
031905703,19,57,3,100.0,RED
031906302,19,63,2,100.0,RED
031906805,19,68,5,0.0,GREEN
031907003,19,70,3,100.0,RED
032304003,23,40,3,100.0,RED
032102305,21,23,5,0.0,GREEN
032601906,26,19,6,100.0,RED
032904900,29,49,0,100.0,RED
031206406,12,64,6,0.0,GREEN
031305600,13,56,0,100.0,RED
031907006,19,70,6,0.0,GREEN
032002001,20,20,1,100.0,RED
031404206,14,42,6,0.0,GREEN
034605301,46,53,1,100.0,RED
030300704,03,7,4,0.0,GREEN
034806801,48,68,1,100.0,RED
034706802,47,68,2,100.0,RED
032600701,26,7,1,0.0,GREEN
034706301,47,63,1,100.0,RED
034607303,46,73,3,100.0,RED
030602301,06,23,1,0.0,GREEN
034706101,47,61,1,100.0,RED
034607203,46,72,3,100.0,RED
034706001,47,60,1,100.0,RED
032908803,29,88,3,100.0,RED
032504806,25,48,6,0.0,GREEN
031906902,19,69,2,100.0,RED
032302903,23,29,3,100.0,RED
032101202,21,12,2,100.0,RED
032503801,25,38,1,100.0,RED
032505205,25,52,5,0.0,GREEN
032605005,26,50,5,0.0,GREEN
031901804,19,18,4,100.0,RED
032704105,27,41,5,0.0,GREEN
034803003,48,30,3,0.0,GREEN
032101806,21,18,6,0.0,GREEN
031905506,19,55,6,100.0,RED
032904004,29,40,4,100.0,RED
032508103,25,81,3,100.0,RED
032808602,28,86,2,100.0,RED
032909103,29,91,3,100.0,RED
031202804,12,28,4,0.0,GREEN
031405705,14,57,5,100.0,RED
032608900,26,89,0,50.0,YELLOW
030903000,09,30,0,100.0,RED
030703802,07,38,2,0.0,GREEN
030901702,09,17,2,0.0,GREEN
030804402,08,44,2,0.0,GREEN
030904001,09,40,1,0.0,GREEN
032806900,28,69,0,50.0,YELLOW
030302006,03,20,6,0.0,GREEN
030805006,08,50,6,0.0,GREEN
032507000,25,70,0,0.0,GREEN
031601504,16,15,4,100.0,RED
030906905,09,69,5,0.0,GREEN
031503703,15,37,3,100.0,RED
030402706,04,27,6,0.0,GREEN
031606402,16,64,2,0.0,GREEN
030702601,07,26,1,0.0,GREEN
031003601,10,36,1,0.0,GREEN
031105501,11,55,1,0.0,GREEN
032201002,22,10,2,100.0,RED
030502401,05,24,1,0.0,GREEN
032506006,25,60,6,0.0,GREEN
031601802,16,18,2,0.0,GREEN
032904105,29,41,5,0.0,GREEN
031500204,15,2,4,0.0,GREEN
031505903,15,59,3,0.0,GREEN
032006005,20,60,5,100.0,RED
031503606,15,36,6,0.0,GREEN
031204803,12,48,3,0.0,GREEN
032006004,20,60,4,100.0,RED
030101200,01,12,0,100.0,RED
030102300,01,23,0,0.0,GREEN
032508405,25,84,5,100.0,RED
032107204,21,72,4,100.0,RED
031100606,11,6,6,0.0,GREEN
034805601,48,56,1,100.0,RED
030905301,09,53,1,0.0,GREEN
030905300,09,53,0,200.0,RED
030703201,07,32,1,0.0,GREEN
030805104,08,51,4,0.0,GREEN
030802503,08,25,3,0.0,GREEN
031205400,12,54,0,0.0,GREEN
030704403,07,44,3,0.0,GREEN
032305505,23,55,5,100.0,RED
031505301,15,53,1,0.0,GREEN
030905804,09,58,4,0.0,GREEN
030905801,09,58,1,0.0,GREEN
031606804,16,68,4,100.0,RED
031600804,16,8,4,0.0,GREEN
030703602,07,36,2,0.0,GREEN
032007501,20,75,1,0.0,GREEN
032503602,25,36,2,100.0,RED
030600901,06,9,1,0.0,GREEN
031900801,19,8,1,100.0,RED
031903404,19,34,4,100.0,RED
031400604,14,6,4,0.0,GREEN
031701301,17,13,1,100.0,RED
031401406,14,14,6,0.0,GREEN
032605803,26,58,3,100.0,RED
032605203,26,52,3,100.0,RED
030502201,05,22,1,0.0,GREEN
031704902,17,49,2,100.0,RED
031601704,16,17,4,0.0,GREEN
031504101,15,41,1,100.0,RED
031102706,11,27,6,0.0,GREEN
031205401,12,54,1,0.0,GREEN
031205402,12,54,2,0.0,GREEN
032407800,24,78,0,0.0,GREEN
034704600,47,46,0,100.0,RED
030706702,07,67,2,0.0,GREEN
030905901,09,59,1,0.0,GREEN
030601004,06,10,4,0.0,GREEN
032709200,27,92,0,200.0,RED
032407700,24,77,0,0.0,GREEN
032907400,29,74,0,50.0,YELLOW
032906900,29,69,0,50.0,YELLOW
031704201,17,42,1,100.0,RED
032600900,26,9,0,100.0,RED
031701501,17,15,1,100.0,RED
030102701,01,27,1,100.0,RED
031802200,18,22,0,100.0,RED
032902500,29,25,0,0.0,GREEN
032904001,29,40,1,100.0,RED
031006304,10,63,4,0.0,GREEN
032604006,26,40,6,0.0,GREEN
031204006,12,40,6,0.0,GREEN
032900501,29,5,1,0.0,GREEN
032900701,29,7,1,100.0,RED
032900801,29,8,1,100.0,RED
032901001,29,10,1,100.0,RED
032901101,29,11,1,100.0,RED
032301406,23,14,6,0.0,GREEN
030903805,09,38,5,0.0,GREEN
031902702,19,27,2,0.0,GREEN
032901300,29,13,0,0.0,GREEN
032901301,29,13,1,0.0,GREEN
032901401,29,14,1,100.0,RED
032901601,29,16,1,100.0,RED
032901700,29,17,0,0.0,GREEN
032901701,29,17,1,100.0,RED
032901901,29,19,1,100.0,RED
032902001,29,20,1,0.0,GREEN
032902000,29,20,0,0.0,GREEN
032902201,29,22,1,100.0,RED
032902301,29,23,1,100.0,RED
032902501,29,25,1,100.0,RED
032902300,29,23,0,0.0,GREEN
032902901,29,29,1,100.0,RED
031604403,16,44,3,0.0,GREEN
032903400,29,34,0,100.0,RED
032903101,29,31,1,0.0,GREEN
031501604,15,16,4,100.0,RED
030906506,09,65,6,0.0,GREEN
032903500,29,35,0,100.0,RED
032903701,29,37,1,100.0,RED
031900201,19,2,1,0.0,GREEN
032903100,29,31,0,100.0,RED
032903801,29,38,1,100.0,RED
032904100,29,41,0,100.0,RED
032904101,29,41,1,100.0,RED
031204704,12,47,4,0.0,GREEN
032904700,29,47,0,100.0,RED
032904601,29,46,1,100.0,RED
032904701,29,47,1,100.0,RED
032904901,29,49,1,100.0,RED
032905000,29,50,0,100.0,RED
032905001,29,50,1,100.0,RED
032905201,29,52,1,100.0,RED
031100603,11,6,3,0.0,GREEN
030904506,09,45,6,0.0,GREEN
032906101,29,61,1,0.0,GREEN
032905901,29,59,1,100.0,RED
030904106,09,41,6,0.0,GREEN
032805801,28,58,1,100.0,RED
031104506,11,45,6,0.0,GREEN
032805601,28,56,1,100.0,RED
032805501,28,55,1,100.0,RED
032805301,28,53,1,100.0,RED
032805201,28,52,1,100.0,RED
032805001,28,50,1,100.0,RED
031604003,16,40,3,100.0,RED
030201705,02,17,5,0.0,GREEN
032804501,28,45,1,100.0,RED
031302603,13,26,3,0.0,GREEN
032804401,28,44,1,100.0,RED
032804301,28,43,1,100.0,RED
032804101,28,41,1,0.0,GREEN
031601005,16,10,5,0.0,GREEN
032804001,28,40,1,100.0,RED
032803801,28,38,1,100.0,RED
032803701,28,37,1,100.0,RED
032803501,28,35,1,100.0,RED
032803401,28,34,1,100.0,RED
032803201,28,32,1,100.0,RED
032803101,28,31,1,100.0,RED
034806503,48,65,3,100.0,RED
034507001,45,70,1,0.0,GREEN
032802901,28,29,1,100.0,RED
032802501,28,25,1,100.0,RED
032802301,28,23,1,100.0,RED
032802201,28,22,1,0.0,GREEN
032802001,28,20,1,100.0,RED
032903700,29,37,0,100.0,RED
032903401,29,34,1,100.0,RED
032804701,28,47,1,100.0,RED
032903903,29,39,3,0.0,GREEN
032801901,28,19,1,100.0,RED
030904300,09,43,0,200.0,RED
032801701,28,17,1,100.0,RED
032904703,29,47,3,0.0,GREEN
030900605,09,6,5,0.0,GREEN
032804601,28,46,1,100.0,RED
034606104,46,61,4,0.0,GREEN
034100204,41,2,4,0.0,GREEN
030403201,04,32,1,0.0,GREEN
030502101,05,21,1,0.0,GREEN
031200404,12,4,4,0.0,GREEN
031105404,11,54,4,0.0,GREEN
030300901,03,9,1,0.0,GREEN
030501100,05,11,0,0.0,GREEN
030501400,05,14,0,0.0,GREEN
031305501,13,55,1,100.0,RED
030904905,09,49,5,0.0,GREEN
031004905,10,49,5,0.0,GREEN
030901102,09,11,2,0.0,GREEN
031602202,16,22,2,200.0,RED
031702402,17,24,2,100.0,RED
031504203,15,42,3,0.0,GREEN
031403505,14,35,5,0.0,GREEN
031301503,13,15,3,0.0,GREEN
030703301,07,33,1,0.0,GREEN
031201602,12,16,2,0.0,GREEN
031102003,11,20,3,0.0,GREEN
031703601,17,36,1,100.0,RED
030703404,07,34,4,0.0,GREEN
030605502,06,55,2,0.0,GREEN
030604106,06,41,6,0.0,GREEN
030602004,06,20,4,0.0,GREEN
031406306,14,63,6,0.0,GREEN
030903604,09,36,4,0.0,GREEN
032900906,29,9,6,0.0,GREEN
030902902,09,29,2,0.0,GREEN
030802303,08,23,3,0.0,GREEN
031801200,18,12,0,100.0,RED
031202901,12,29,1,0.0,GREEN
031202903,12,29,3,0.0,GREEN
032603902,26,39,2,100.0,RED
034801201,48,12,1,0.0,GREEN
031602403,16,24,3,0.0,GREEN
031206904,12,69,4,0.0,GREEN
030702201,07,22,1,0.0,GREEN
031405501,14,55,1,100.0,RED
030806101,08,61,1,0.0,GREEN
031604500,16,45,0,100.0,RED
030302503,03,25,3,0.0,GREEN
031202803,12,28,3,0.0,GREEN
032808703,28,87,3,100.0,RED
031405904,14,59,4,0.0,GREEN
032808803,28,88,3,100.0,RED
032809003,28,90,3,100.0,RED
030601701,06,17,1,0.0,GREEN
032107004,21,70,4,100.0,RED
030601100,06,11,0,0.0,GREEN
032206604,22,66,4,100.0,RED
031905501,19,55,1,100.0,RED
030600900,06,9,0,0.0,GREEN
030705706,07,57,6,0.0,GREEN
032202506,22,25,6,0.0,GREEN
032203704,22,37,4,100.0,RED
031904503,19,45,3,100.0,RED
032303401,23,34,1,100.0,RED
032105006,21,50,6,0.0,GREEN
032101006,21,10,6,0.0,GREEN
032706103,27,61,3,100.0,RED
032100706,21,7,6,100.0,RED
031102801,11,28,1,0.0,GREEN
032204506,22,45,6,100.0,RED
032104504,21,45,4,0.0,GREEN
032500703,25,7,3,0.0,GREEN
032500603,25,6,3,0.0,GREEN
032106004,21,60,4,100.0,RED
031502800,15,28,0,100.0,RED
032802706,28,27,6,0.0,GREEN
032901600,29,16,0,0.0,GREEN
032902900,29,29,0,0.0,GREEN
031903702,19,37,2,100.0,RED
032002706,20,27,6,0.0,GREEN
032007601,20,76,1,0.0,GREEN
032905800,29,58,0,100.0,RED
034400104,44,1,4,0.0,GREEN
032004203,20,42,3,100.0,RED
032506204,25,62,4,100.0,RED
032405004,24,50,4,100.0,RED
032500901,25,9,1,100.0,RED
032506603,25,66,3,100.0,RED
032105706,21,57,6,0.0,GREEN
032001303,20,13,3,100.0,RED
032303501,23,35,1,100.0,RED
034803200,48,32,0,0.0,GREEN
034604304,46,43,4,0.0,GREEN
032805500,28,55,0,100.0,RED
032602806,26,28,6,0.0,GREEN
030804903,08,49,3,0.0,GREEN
031106303,11,63,3,100.0,RED
031903300,19,33,0,100.0,RED
030601402,06,14,2,0.0,GREEN
031303003,13,30,3,0.0,GREEN
031504406,15,44,6,0.0,GREEN
031804000,18,40,0,100.0,RED
030606106,06,61,6,0.0,GREEN
031004606,10,46,6,0.0,GREEN
030705106,07,51,6,0.0,GREEN
032407104,24,71,4,100.0,RED
030203105,02,31,5,0.0,GREEN
031705800,17,58,0,100.0,RED
031603502,16,35,2,100.0,RED
031104204,11,42,4,0.0,GREEN
031103306,11,33,6,0.0,GREEN
031801001,18,10,1,100.0,RED
030202501,02,25,1,0.0,GREEN
032005406,20,54,6,100.0,RED
032901605,29,16,5,0.0,GREEN
032204505,22,45,5,0.0,GREEN
030201002,02,10,2,0.0,GREEN
030605003,06,50,3,0.0,GREEN
030601401,06,14,1,0.0,GREEN
030606906,06,69,6,0.0,GREEN
030702002,07,20,2,0.0,GREEN
030704703,07,47,3,0.0,GREEN
030905405,09,54,5,0.0,GREEN
030703804,07,38,4,0.0,GREEN
030401503,04,15,3,0.0,GREEN
031503000,15,30,0,100.0,RED
031801902,18,19,2,100.0,RED
032103906,21,39,6,0.0,GREEN
032702401,27,24,1,100.0,RED
031702800,17,28,0,100.0,RED
032206704,22,67,4,100.0,RED
032508500,25,85,0,50.0,YELLOW
032503303,25,33,3,100.0,RED
032608400,26,84,0,50.0,YELLOW
032406501,24,65,1,100.0,RED
032604001,26,40,1,100.0,RED
031404600,14,46,0,100.0,RED
031404504,14,45,4,100.0,RED
031203505,12,35,5,0.0,GREEN
032808200,28,82,0,50.0,YELLOW
030906002,09,60,2,0.0,GREEN
031503504,15,35,4,100.0,RED
031806102,18,61,2,100.0,RED
030300604,03,6,4,0.0,GREEN
031505200,15,52,0,100.0,RED
031101602,11,16,2,0.0,GREEN
031707001,17,70,1,100.0,RED
031804101,18,41,1,100.0,RED
030805702,08,57,2,0.0,GREEN
030302205,03,22,5,0.0,GREEN
031406603,14,66,3,200.0,RED
031305305,13,53,5,100.0,RED
031202105,12,21,5,0.0,GREEN
031101202,11,12,2,0.0,GREEN
031405700,14,57,0,100.0,RED
031104703,11,47,3,0.0,GREEN
031205306,12,53,6,0.0,GREEN
032401202,24,12,2,0.0,GREEN
030901103,09,11,3,0.0,GREEN
032602703,26,27,3,100.0,RED
030502704,05,27,4,0.0,GREEN
032401303,24,13,3,0.0,GREEN
032401203,24,12,3,100.0,RED
030805705,08,57,5,0.0,GREEN
031000504,10,5,4,0.0,GREEN
031104603,11,46,3,0.0,GREEN
032101201,21,12,1,0.0,GREEN
032203003,22,30,3,100.0,RED
031302801,13,28,1,0.0,GREEN
032507506,25,75,6,0.0,GREEN
030403104,04,31,4,0.0,GREEN
031505901,15,59,1,100.0,RED
030100100,01,1,0,100.0,RED
030804701,08,47,1,0.0,GREEN
030804602,08,46,2,0.0,GREEN
031003402,10,34,2,0.0,GREEN
032506806,25,68,6,100.0,RED
031505601,15,56,1,100.0,RED
031200506,12,5,6,0.0,GREEN
032507006,25,70,6,100.0,RED
032506906,25,69,6,100.0,RED
031204003,12,40,3,0.0,GREEN
032203603,22,36,3,100.0,RED
031405803,14,58,3,0.0,GREEN
031106805,11,68,5,0.0,GREEN
031405704,14,57,4,0.0,GREEN
030803200,08,32,0,0.0,GREEN
031502903,15,29,3,0.0,GREEN
031502205,15,22,5,0.0,GREEN
031205503,12,55,3,100.0,RED
031505404,15,54,4,100.0,RED
032608800,26,88,0,100.0,RED
032603200,26,32,0,0.0,GREEN
034802800,48,28,0,0.0,GREEN
031503404,15,34,4,100.0,RED
030301001,03,10,1,0.0,GREEN
031501706,15,17,6,0.0,GREEN
030605602,06,56,2,0.0,GREEN
031406605,14,66,5,0.0,GREEN
030600803,06,8,3,0.0,GREEN
031202805,12,28,5,0.0,GREEN
031006305,10,63,5,0.0,GREEN
031502601,15,26,1,100.0,RED
032407900,24,79,0,0.0,GREEN
031701302,17,13,2,200.0,RED
030402900,04,29,0,100.0,RED
030906603,09,66,3,0.0,GREEN
031003504,10,35,4,0.0,GREEN
031404905,14,49,5,0.0,GREEN
030604803,06,48,3,0.0,GREEN
032007005,20,70,5,100.0,RED
031700900,17,9,0,0.0,GREEN
034802600,48,26,0,0.0,GREEN
030301600,03,16,0,200.0,RED
030906105,09,61,5,0.0,GREEN
032303805,23,38,5,100.0,RED
031005404,10,54,4,0.0,GREEN
032901000,29,10,0,0.0,GREEN
032900800,29,8,0,0.0,GREEN
031003000,10,30,0,100.0,RED
031106306,11,63,6,0.0,GREEN
031800901,18,9,1,100.0,RED
030403003,04,30,3,0.0,GREEN
031206302,12,63,2,100.0,RED
030606204,06,62,4,0.0,GREEN
030606205,06,62,5,0.0,GREEN
030602404,06,24,4,0.0,GREEN
030502601,05,26,1,0.0,GREEN
031204503,12,45,3,0.0,GREEN
031800902,18,9,2,100.0,RED
032104806,21,48,6,0.0,GREEN
032405405,24,54,5,100.0,RED
032605205,26,52,5,0.0,GREEN
032101606,21,16,6,0.0,GREEN
032307002,23,70,2,100.0,RED
031902402,19,24,2,100.0,RED
031902202,19,22,2,100.0,RED
030903400,09,34,0,200.0,RED
032000902,20,9,2,100.0,RED
032103106,21,31,6,0.0,GREEN
032500602,25,6,2,0.0,GREEN
032504501,25,45,1,100.0,RED
032201201,22,12,1,100.0,RED
032703601,27,36,1,100.0,RED
031903603,19,36,3,100.0,RED
032106705,21,67,5,100.0,RED
032703401,27,34,1,100.0,RED
032806906,28,69,6,0.0,GREEN
031905105,19,51,5,100.0,RED
032606106,26,61,6,0.0,GREEN
031400805,14,8,5,0.0,GREEN
031506100,15,61,0,100.0,RED
031601706,16,17,6,0.0,GREEN
031302304,13,23,4,0.0,GREEN
031302903,13,29,3,0.0,GREEN
031204802,12,48,2,100.0,RED
031800800,18,8,0,100.0,RED
030902506,09,25,6,0.0,GREEN
034606901,46,69,1,100.0,RED
034606601,46,66,1,100.0,RED
030201204,02,12,4,0.0,GREEN
031900701,19,7,1,100.0,RED
031906704,19,67,4,100.0,RED
032103001,21,30,1,100.0,RED
032909003,29,90,3,100.0,RED
034606201,46,62,1,100.0,RED
034605801,46,58,1,100.0,RED
031703402,17,34,2,0.0,GREEN
031305100,13,51,0,100.0,RED
031305503,13,55,3,200.0,RED
030902702,09,27,2,0.0,GREEN
031005004,10,50,4,0.0,GREEN
032500405,25,4,5,0.0,GREEN
032107202,21,72,2,100.0,RED
032506802,25,68,2,100.0,RED
032200805,22,8,5,0.0,GREEN
032902005,29,20,5,0.0,GREEN
032405804,24,58,4,100.0,RED
032802303,28,23,3,100.0,RED
032503703,25,37,3,100.0,RED
032907003,29,70,3,100.0,RED
032806702,28,67,2,100.0,RED
032501903,25,19,3,100.0,RED
031005401,10,54,1,0.0,GREEN
031005002,10,50,2,0.0,GREEN
030902605,09,26,5,0.0,GREEN
030601201,06,12,1,0.0,GREEN
031102603,11,26,3,0.0,GREEN
034604101,46,41,1,100.0,RED
034604102,46,41,2,0.0,GREEN
034604103,46,41,3,0.0,GREEN
034604201,46,42,1,0.0,GREEN
030202402,02,24,2,0.0,GREEN
034604202,46,42,2,0.0,GREEN
034604203,46,42,3,0.0,GREEN
030303204,03,32,4,0.0,GREEN
034604303,46,43,3,0.0,GREEN
034604402,46,44,2,100.0,RED
032204002,22,40,2,100.0,RED
031805402,18,54,2,100.0,RED
030500904,05,9,4,0.0,GREEN
030805903,08,59,3,0.0,GREEN
032503705,25,37,5,100.0,RED
031604900,16,49,0,100.0,RED
032508300,25,83,0,0.0,GREEN
030703801,07,38,1,0.0,GREEN
030602501,06,25,1,0.0,GREEN
031501204,15,12,4,0.0,GREEN
031403500,14,35,0,100.0,RED
031401505,14,15,5,0.0,GREEN
031501504,15,15,4,200.0,RED
032905202,29,52,2,100.0,RED
032602202,26,22,2,100.0,RED
030906303,09,63,3,0.0,GREEN
031200406,12,4,6,0.0,GREEN
031000904,10,9,4,0.0,GREEN
031002206,10,22,6,0.0,GREEN
030905400,09,54,0,200.0,RED
030901404,09,14,4,0.0,GREEN
030101500,01,15,0,100.0,RED
032603601,26,36,1,100.0,RED
030602902,06,29,2,0.0,GREEN
030503404,05,34,4,0.0,GREEN
030602903,06,29,3,0.0,GREEN
030800705,08,7,5,0.0,GREEN
031001602,10,16,2,0.0,GREEN
032006903,20,69,3,100.0,RED
031200203,12,2,3,0.0,GREEN
032202405,22,24,5,0.0,GREEN
030604102,06,41,2,0.0,GREEN
030600705,06,7,5,0.0,GREEN
030906306,09,63,6,0.0,GREEN
031305306,13,53,6,0.0,GREEN
031305106,13,51,6,0.0,GREEN
031204106,12,41,6,0.0,GREEN
031405806,14,58,6,0.0,GREEN
030100301,01,3,1,0.0,GREEN
031403800,14,38,0,100.0,RED
031104404,11,44,4,0.0,GREEN
030102802,01,28,2,0.0,GREEN
032002103,20,21,3,100.0,RED
031601604,16,16,4,0.0,GREEN
031601904,16,19,4,100.0,RED
031305401,13,54,1,0.0,GREEN
034704200,47,42,0,0.0,GREEN
030803001,08,30,1,0.0,GREEN
031205404,12,54,4,0.0,GREEN
030905702,09,57,2,0.0,GREEN
031706502,17,65,2,100.0,RED
031700303,17,3,3,0.0,GREEN
031700203,17,2,3,0.0,GREEN
031700101,17,1,1,100.0,RED
031300605,13,6,5,0.0,GREEN
031404100,14,41,0,100.0,RED
031201202,12,12,2,0.0,GREEN
031104303,11,43,3,0.0,GREEN
031205705,12,57,5,0.0,GREEN
031103104,11,31,4,0.0,GREEN
031302501,13,25,1,0.0,GREEN
030804702,08,47,2,0.0,GREEN
030706405,07,64,5,0.0,GREEN
030401502,04,15,2,0.0,GREEN
030201506,02,15,6,0.0,GREEN
031900503,19,5,3,100.0,RED
032101101,21,11,1,100.0,RED
031006104,10,61,4,0.0,GREEN
031303401,13,34,1,0.0,GREEN
030806903,08,69,3,0.0,GREEN
031605603,16,56,3,100.0,RED
031303705,13,37,5,100.0,RED
031106404,11,64,4,100.0,RED
031200803,12,8,3,0.0,GREEN
031204406,12,44,6,0.0,GREEN
032804500,28,45,0,100.0,RED
031102901,11,29,1,0.0,GREEN
030605005,06,50,5,0.0,GREEN
032608104,26,81,4,100.0,RED
030603502,06,35,2,0.0,GREEN
032608204,26,82,4,100.0,RED
032503204,25,32,4,100.0,RED
032605903,26,59,3,100.0,RED
030400605,04,6,5,0.0,GREEN
032608304,26,83,4,100.0,RED
032104604,21,46,4,0.0,GREEN
030900502,09,5,2,0.0,GREEN
031306106,13,61,6,0.0,GREEN
032406402,24,64,2,100.0,RED
031502204,15,22,4,0.0,GREEN
030400604,04,6,4,0.0,GREEN
030800905,08,9,5,0.0,GREEN
034803604,48,36,4,0.0,GREEN
032005300,20,53,0,100.0,RED
031901501,19,15,1,100.0,RED
031104400,11,44,0,200.0,RED
032708305,27,83,5,100.0,RED
032106203,21,62,3,100.0,RED
031502606,15,26,6,0.0,GREEN
032603002,26,30,2,100.0,RED
031102203,11,22,3,0.0,GREEN
031102306,11,23,6,0.0,GREEN
032806102,28,61,2,0.0,GREEN
032204906,22,49,6,100.0,RED
032906905,29,69,5,0.0,GREEN
032906904,29,69,4,0.0,GREEN
030903505,09,35,5,0.0,GREEN
031202005,12,20,5,0.0,GREEN
032304801,23,48,1,0.0,GREEN
030100800,01,8,0,0.0,GREEN
032606602,26,66,2,100.0,RED
032803202,28,32,2,0.0,GREEN
032705100,27,51,0,100.0,RED
034805904,48,59,4,0.0,GREEN
034803802,48,38,2,0.0,GREEN
031701801,17,18,1,100.0,RED
032601206,26,12,6,0.0,GREEN
031502700,15,27,0,100.0,RED
032105005,21,50,5,0.0,GREEN
031602204,16,22,4,0.0,GREEN
031603902,16,39,2,100.0,RED
032603505,26,35,5,100.0,RED
031502505,15,25,5,0.0,GREEN
032005001,20,50,1,100.0,RED
031903004,19,30,4,100.0,RED
030606003,06,60,3,0.0,GREEN
032002710,20,27,10,0.0,GREEN
030706002,07,60,2,0.0,GREEN
030801604,08,16,4,0.0,GREEN
030905202,09,52,2,0.0,GREEN
032205201,22,52,1,100.0,RED
030801304,08,13,4,0.0,GREEN
032206005,22,60,5,0.0,GREEN
032406601,24,66,1,100.0,RED
032405601,24,56,1,100.0,RED
032903902,29,39,2,100.0,RED
031903503,19,35,3,100.0,RED
031905602,19,56,2,100.0,RED
032601405,26,14,5,100.0,RED
032805204,28,52,4,0.0,GREEN
034705501,47,55,1,0.0,GREEN
032501603,25,16,3,0.0,GREEN
032902705,29,27,5,0.0,GREEN
032902703,29,27,3,0.0,GREEN
032003505,20,35,5,100.0,RED
031405401,14,54,1,100.0,RED
032301303,23,13,3,100.0,RED
032502203,25,22,3,100.0,RED
032606001,26,60,1,0.0,GREEN
031904403,19,44,3,100.0,RED
031901904,19,19,4,100.0,RED
032302404,23,24,4,100.0,RED
032606301,26,63,1,100.0,RED
032703402,27,34,2,100.0,RED
032003100,20,31,0,100.0,RED
032105502,21,55,2,100.0,RED
032506001,25,60,1,100.0,RED
032906702,29,67,2,0.0,GREEN
032704600,27,46,0,100.0,RED
032200501,22,5,1,100.0,RED
032201206,22,12,6,100.0,RED
032101310,21,13,10,0.0,GREEN
032600901,26,9,1,100.0,RED
032206501,22,65,1,100.0,RED
032605604,26,56,4,100.0,RED
032505000,25,50,0,100.0,RED
032706305,27,63,5,0.0,GREEN
032806504,28,65,4,0.0,GREEN
031902304,19,23,4,100.0,RED
032608506,26,85,6,100.0,RED
032106401,21,64,1,100.0,RED
032302102,23,21,2,100.0,RED
032406303,24,63,3,100.0,RED
032705901,27,59,1,100.0,RED
032803903,28,39,3,100.0,RED
034706902,47,69,2,100.0,RED
030604902,06,49,2,0.0,GREEN
030601204,06,12,4,0.0,GREEN
031004402,10,44,2,0.0,GREEN
030301602,03,16,2,0.0,GREEN
030802203,08,22,3,0.0,GREEN
030800604,08,6,4,0.0,GREEN
031105805,11,58,5,0.0,GREEN
032706504,27,65,4,0.0,GREEN
030805302,08,53,2,0.0,GREEN
030903205,09,32,5,0.0,GREEN
031605802,16,58,2,100.0,RED
032001404,20,14,4,100.0,RED
031202802,12,28,2,0.0,GREEN
032000803,20,8,3,100.0,RED
032506403,25,64,3,0.0,GREEN
031400305,14,3,5,0.0,GREEN
031504306,15,43,6,0.0,GREEN
031402004,14,20,4,100.0,RED
031305903,13,59,3,100.0,RED
031300806,13,8,6,0.0,GREEN
031404303,14,43,3,0.0,GREEN
031305803,13,58,3,100.0,RED
030100202,01,2,2,100.0,RED
031206306,12,63,6,0.0,GREEN
031702901,17,29,1,100.0,RED
031203806,12,38,6,0.0,GREEN
031801101,18,11,1,100.0,RED
031203103,12,31,3,0.0,GREEN
032405501,24,55,1,100.0,RED
032907201,29,72,1,100.0,RED
032106704,21,67,4,100.0,RED
032201005,22,10,5,0.0,GREEN
032201702,22,17,2,100.0,RED
032601703,26,17,3,100.0,RED
032704606,27,46,6,0.0,GREEN
032301705,23,17,5,0.0,GREEN
034802902,48,29,2,100.0,RED
032204604,22,46,4,100.0,RED
031601204,16,12,4,100.0,RED
031600902,16,9,2,100.0,RED
031503602,15,36,2,100.0,RED
031603403,16,34,3,100.0,RED
031505905,15,59,5,100.0,RED
031904702,19,47,2,100.0,RED
032904904,29,49,4,0.0,GREEN
030602805,06,28,5,0.0,GREEN
031105602,11,56,2,0.0,GREEN
032902204,29,22,4,0.0,GREEN
032307203,23,72,3,100.0,RED
031506603,15,66,3,0.0,GREEN
032901400,29,14,0,0.0,GREEN
032805203,28,52,3,100.0,RED
031806803,18,68,3,100.0,RED
032106906,21,69,6,100.0,RED
032406603,24,66,3,100.0,RED
030803204,08,32,4,0.0,GREEN
031205206,12,52,6,0.0,GREEN
031405303,14,53,3,100.0,RED
031206902,12,69,2,0.0,GREEN
032303602,23,36,2,100.0,RED
032601802,26,18,2,100.0,RED
031302704,13,27,4,0.0,GREEN
031504502,15,45,2,200.0,RED
031300602,13,6,2,0.0,GREEN
031403301,14,33,1,0.0,GREEN
032000903,20,9,3,100.0,RED
032702406,27,24,6,0.0,GREEN
032908305,29,83,5,0.0,GREEN
032906801,29,68,1,100.0,RED
032905703,29,57,3,0.0,GREEN
032004205,20,42,5,100.0,RED
030202203,02,22,3,0.0,GREEN
032703904,27,39,4,0.0,GREEN
034800604,48,6,4,0.0,GREEN
034802400,48,24,0,0.0,GREEN
032902604,29,26,4,0.0,GREEN
031805901,18,59,1,100.0,RED
031604906,16,49,6,0.0,GREEN
031506104,15,61,4,100.0,RED
032504902,25,49,2,100.0,RED
031303200,13,32,0,100.0,RED
030801303,08,13,3,0.0,GREEN
031205804,12,58,4,0.0,GREEN
030905905,09,59,5,0.0,GREEN
030401300,04,13,0,200.0,RED
032703200,27,32,0,100.0,RED
032404801,24,48,1,100.0,RED
030202704,02,27,4,0.0,GREEN
030900706,09,7,6,0.0,GREEN
030700604,07,6,4,0.0,GREEN
030701405,07,14,5,0.0,GREEN
030703004,07,30,4,0.0,GREEN
031805300,18,53,0,100.0,RED
031505101,15,51,1,100.0,RED
031004302,10,43,2,0.0,GREEN
032306402,23,64,2,100.0,RED
030300902,03,9,2,0.0,GREEN
032303104,23,31,4,100.0,RED
032505403,25,54,3,0.0,GREEN
032504803,25,48,3,100.0,RED
030900803,09,8,3,0.0,GREEN
032509102,25,91,2,100.0,RED
030905803,09,58,3,0.0,GREEN
032908205,29,82,5,0.0,GREEN
032908303,29,83,3,100.0,RED
031003100,10,31,0,0.0,GREEN
030605000,06,50,0,200.0,RED
031104902,11,49,2,0.0,GREEN
032906501,29,65,1,100.0,RED
034801601,48,16,1,200.0,RED
032000704,20,7,4,100.0,RED
031200603,12,6,3,0.0,GREEN
032501302,25,13,2,100.0,RED
032507602,25,76,2,100.0,RED
031102406,11,24,6,0.0,GREEN
032609005,26,90,5,0.0,GREEN
032609105,26,91,5,100.0,RED
031203206,12,32,6,0.0,GREEN
032609205,26,92,5,0.0,GREEN
032609004,26,90,4,100.0,RED
030903304,09,33,4,0.0,GREEN
032609104,26,91,4,100.0,RED
030100200,01,2,0,0.0,GREEN
031002701,10,27,1,0.0,GREEN
032608705,26,87,5,100.0,RED
032608805,26,88,5,100.0,RED
032609204,26,92,4,100.0,RED
032608405,26,84,5,100.0,RED
031601906,16,19,6,0.0,GREEN
030102801,01,28,1,0.0,GREEN
032608505,26,85,5,100.0,RED
031903406,19,34,6,0.0,GREEN
031705100,17,51,0,100.0,RED
031905205,19,52,5,100.0,RED
032005701,20,57,1,100.0,RED
032906005,29,60,5,100.0,RED
030201906,02,19,6,0.0,GREEN
031502500,15,25,0,100.0,RED
030502403,05,24,3,0.0,GREEN
032304704,23,47,4,0.0,GREEN
031903403,19,34,3,100.0,RED
032104906,21,49,6,0.0,GREEN
031001205,10,12,5,0.0,GREEN
031001305,10,13,5,0.0,GREEN
031200802,12,8,2,0.0,GREEN
031706100,17,61,0,100.0,RED
031705301,17,53,1,100.0,RED
031806501,18,65,1,100.0,RED
030401903,04,19,3,0.0,GREEN
031104205,11,42,5,0.0,GREEN
030805600,08,56,0,200.0,RED
031800900,18,9,0,100.0,RED
031801800,18,18,0,100.0,RED
030401305,04,13,5,0.0,GREEN
031606503,16,65,3,100.0,RED
031202401,12,24,1,100.0,RED
030904505,09,45,5,0.0,GREEN
031004003,10,40,3,0.0,GREEN
030501003,05,10,3,0.0,GREEN
030600203,06,2,3,0.0,GREEN
031000205,10,2,5,0.0,GREEN
030904504,09,45,4,0.0,GREEN
031704301,17,43,1,100.0,RED
031106505,11,65,5,0.0,GREEN
032602406,26,24,6,0.0,GREEN
030904801,09,48,1,0.0,GREEN
031102802,11,28,2,0.0,GREEN
031401105,14,11,5,0.0,GREEN
031303504,13,35,4,0.0,GREEN
032600800,26,8,0,0.0,GREEN
032601801,26,18,1,100.0,RED
032603706,26,37,6,0.0,GREEN
032102301,21,23,1,100.0,RED
032604100,26,41,0,0.0,GREEN
032300803,23,8,3,100.0,RED
030703000,07,30,0,0.0,GREEN
032603901,26,39,1,100.0,RED
032601001,26,10,1,100.0,RED
032007502,20,75,2,0.0,GREEN
032905801,29,58,1,100.0,RED
031901103,19,11,3,100.0,RED
034806204,48,62,4,0.0,GREEN
032101301,21,13,1,100.0,RED
032002205,20,22,5,100.0,RED
032005202,20,52,2,100.0,RED
032606406,26,64,6,0.0,GREEN
032607105,26,71,5,100.0,RED
031904603,19,46,3,100.0,RED
032307103,23,71,3,100.0,RED
032601205,26,12,5,100.0,RED
032101203,21,12,3,100.0,RED
032506605,25,66,5,100.0,RED
032606505,26,65,5,0.0,GREEN
032006803,20,68,3,100.0,RED
032404402,24,44,2,0.0,GREEN
034802500,48,25,0,0.0,GREEN
032102106,21,21,6,0.0,GREEN
031902301,19,23,1,100.0,RED
032702000,27,20,0,0.0,GREEN
031000103,10,1,3,0.0,GREEN
032004304,20,43,4,100.0,RED
032606506,26,65,6,0.0,GREEN
034812012,48,120,12,0.0,GREEN
032304703,23,47,3,100.0,RED
034802700,48,27,0,0.0,GREEN
034800805,48,8,5,0.0,GREEN
034806804,48,68,4,100.0,RED
031905505,19,55,5,0.0,GREEN
032501200,25,12,0,100.0,RED
032406706,24,67,6,100.0,RED
032808401,28,84,1,100.0,RED
031901902,19,19,2,100.0,RED
032002303,20,23,3,100.0,RED
032204704,22,47,4,100.0,RED
032602305,26,23,5,0.0,GREEN
032406405,24,64,5,0.0,GREEN
032406702,24,67,2,100.0,RED
032905303,29,53,3,100.0,RED
032901803,29,18,3,100.0,RED
034605205,46,52,5,0.0,GREEN
032101701,21,17,1,100.0,RED
032403410,24,34,10,100.0,RED
032704006,27,40,6,100.0,RED
034604601,46,46,1,100.0,RED
031901006,19,10,6,0.0,GREEN
032702804,27,28,4,0.0,GREEN
032602902,26,29,2,100.0,RED
032606703,26,67,3,100.0,RED
032504701,25,47,1,100.0,RED
032205510,22,55,10,0.0,GREEN
034800802,48,8,2,0.0,GREEN
032301904,23,19,4,0.0,GREEN
032002305,20,23,5,0.0,GREEN
031006805,10,68,5,0.0,GREEN
030705401,07,54,1,0.0,GREEN
030301005,03,10,5,0.0,GREEN
031506904,15,69,4,100.0,RED
031507004,15,70,4,100.0,RED
030301202,03,12,2,0.0,GREEN
032004004,20,40,4,100.0,RED
030200404,02,4,4,0.0,GREEN
031202403,12,24,3,0.0,GREEN
034806901,48,69,1,100.0,RED
030705006,07,50,6,0.0,GREEN
034801805,48,18,5,0.0,GREEN
032705803,27,58,3,100.0,RED
032504402,25,44,2,100.0,RED
032003304,20,33,4,100.0,RED
032406103,24,61,3,100.0,RED
032702001,27,20,1,100.0,RED
032606003,26,60,3,0.0,GREEN
032705403,27,54,3,0.0,GREEN
032802603,28,26,3,100.0,RED
031907005,19,70,5,100.0,RED
032807403,28,74,3,100.0,RED
030703106,07,31,6,0.0,GREEN
030500906,05,9,6,0.0,GREEN
030400603,04,6,3,0.0,GREEN
031201103,12,11,3,0.0,GREEN
031303105,13,31,5,0.0,GREEN
030601405,06,14,5,0.0,GREEN
031504805,15,48,5,0.0,GREEN
032903304,29,33,4,0.0,GREEN
030605902,06,59,2,0.0,GREEN
032101506,21,15,6,0.0,GREEN
030500305,05,3,5,0.0,GREEN
031503904,15,39,4,100.0,RED
034812311,48,123,11,0.0,GREEN
034812313,48,123,13,0.0,GREEN
032903405,29,34,5,0.0,GREEN
030801402,08,14,2,0.0,GREEN
030901905,09,19,5,0.0,GREEN
032000904,20,9,4,100.0,RED
032200603,22,6,3,100.0,RED
031401506,14,15,6,0.0,GREEN
032201302,22,13,2,100.0,RED
031006105,10,61,5,0.0,GREEN
031106104,11,61,4,0.0,GREEN
031401000,14,10,0,100.0,RED
031300905,13,9,5,0.0,GREEN
031304504,13,45,4,0.0,GREEN
032806902,28,69,2,100.0,RED
032302310,23,23,10,0.0,GREEN
032908503,29,85,3,100.0,RED
031201204,12,12,4,0.0,GREEN
034803501,48,35,1,0.0,GREEN
031103402,11,34,2,0.0,GREEN
031103604,11,36,4,0.0,GREEN
034807301,48,73,1,100.0,RED
032604203,26,42,3,0.0,GREEN
030803500,08,35,0,100.0,RED
031402005,14,20,5,0.0,GREEN
031104403,11,44,3,0.0,GREEN
031506002,15,60,2,0.0,GREEN
031205405,12,54,5,0.0,GREEN
031704001,17,40,1,0.0,GREEN
031201604,12,16,4,0.0,GREEN
030801706,08,17,6,0.0,GREEN
030501404,05,14,4,0.0,GREEN
032304602,23,46,2,0.0,GREEN
032202206,22,22,6,100.0,RED
032401101,24,11,1,100.0,RED
031803301,18,33,1,100.0,RED
030601703,06,17,3,0.0,GREEN
030402301,04,23,1,0.0,GREEN
030606405,06,64,5,0.0,GREEN
030102904,01,29,4,0.0,GREEN
030804203,08,42,3,0.0,GREEN
030402103,04,21,3,0.0,GREEN
030603400,06,34,0,200.0,RED
030603304,06,33,4,0.0,GREEN
030806502,08,65,2,0.0,GREEN
031605705,16,57,5,100.0,RED
034605502,46,55,2,0.0,GREEN
030902203,09,22,3,0.0,GREEN
030703503,07,35,3,0.0,GREEN
031107005,11,70,5,0.0,GREEN
031700701,17,7,1,300.0,RED
030301505,03,15,5,0.0,GREEN
032802806,28,28,6,0.0,GREEN
031604802,16,48,2,100.0,RED
030602001,06,20,1,0.0,GREEN
031007002,10,70,2,0.0,GREEN
030800703,08,7,3,0.0,GREEN
030700905,07,9,5,0.0,GREEN
030901004,09,10,4,0.0,GREEN
032106001,21,60,1,100.0,RED
032807101,28,71,1,100.0,RED
032900605,29,6,5,0.0,GREEN
031704300,17,43,0,100.0,RED
032006401,20,64,1,100.0,RED
031002600,10,26,0,200.0,RED
031505902,15,59,2,0.0,GREEN
032003901,20,39,1,100.0,RED
032002806,20,28,6,0.0,GREEN
032103501,21,35,1,100.0,RED
032304206,23,42,6,100.0,RED
030801703,08,17,3,0.0,GREEN
032206404,22,64,4,100.0,RED
032704605,27,46,5,100.0,RED
030905903,09,59,3,0.0,GREEN
032705301,27,53,1,100.0,RED
032805104,28,51,4,0.0,GREEN
032907401,29,74,1,100.0,RED
031206503,12,65,3,0.0,GREEN
032407202,24,72,2,100.0,RED
030801410,08,14,10,0.0,GREEN
032905403,29,54,3,100.0,RED
030901203,09,12,3,0.0,GREEN
031005905,10,59,5,0.0,GREEN
030903302,09,33,2,0.0,GREEN
030903701,09,37,1,0.0,GREEN
030700706,07,7,6,0.0,GREEN
030707006,07,70,6,0.0,GREEN
030503000,05,30,0,200.0,RED
032707004,27,70,4,100.0,RED
031605700,16,57,0,100.0,RED
034801301,48,13,1,0.0,GREEN
032507706,25,77,6,0.0,GREEN
032803503,28,35,3,100.0,RED
031202801,12,28,1,0.0,GREEN
030803405,08,34,5,0.0,GREEN
031906903,19,69,3,100.0,RED
032005603,20,56,3,100.0,RED
032103801,21,38,1,100.0,RED
032703802,27,38,2,0.0,GREEN
031903502,19,35,2,100.0,RED
032003202,20,32,2,100.0,RED
032007201,20,72,1,0.0,GREEN
032102302,21,23,2,0.0,GREEN
032304405,23,44,5,100.0,RED
032506102,25,61,2,100.0,RED
032002811,20,28,11,100.0,RED
032305810,23,58,10,0.0,GREEN
032604801,26,48,1,100.0,RED
032202404,22,24,4,0.0,GREEN
032202901,22,29,1,100.0,RED
031002604,10,26,4,0.0,GREEN
031001603,10,16,3,0.0,GREEN
031000206,10,2,6,0.0,GREEN
031106802,11,68,2,0.0,GREEN
030201903,02,19,3,0.0,GREEN
030905103,09,51,3,0.0,GREEN
030201704,02,17,4,0.0,GREEN
032101406,21,14,6,100.0,RED
031300103,13,1,3,0.0,GREEN
030604003,06,40,3,0.0,GREEN
031100203,11,2,3,0.0,GREEN
031304804,13,48,4,0.0,GREEN
032702604,27,26,4,0.0,GREEN
032902205,29,22,5,100.0,RED
031105304,11,53,4,0.0,GREEN
031405605,14,56,5,100.0,RED
031500706,15,7,6,0.0,GREEN
032906704,29,67,4,100.0,RED
032206002,22,60,2,200.0,RED
032106106,21,61,6,0.0,GREEN
032306506,23,65,6,0.0,GREEN
032502001,25,20,1,100.0,RED
032005005,20,50,5,100.0,RED
032501505,25,15,5,100.0,RED
032805903,28,59,3,100.0,RED
032603503,26,35,3,100.0,RED
031902502,19,25,2,100.0,RED
032201706,22,17,6,0.0,GREEN
032902103,29,21,3,0.0,GREEN
032202005,22,20,5,100.0,RED
032901202,29,12,2,100.0,RED
032205704,22,57,4,100.0,RED
032206502,22,65,2,0.0,GREEN
030602705,06,27,5,0.0,GREEN
030402405,04,24,5,0.0,GREEN
031602602,16,26,2,0.0,GREEN
031501002,15,10,2,200.0,RED
030603105,06,31,5,0.0,GREEN
030704905,07,49,5,0.0,GREEN
030401400,04,14,0,100.0,RED
030806605,08,66,5,0.0,GREEN
031900805,19,8,5,100.0,RED
032600806,26,8,6,0.0,GREEN
032101906,21,19,6,0.0,GREEN
030705400,07,54,0,100.0,RED
030606603,06,66,3,0.0,GREEN
031601102,16,11,2,0.0,GREEN
030403406,04,34,6,0.0,GREEN
030503001,05,30,1,0.0,GREEN
031102803,11,28,3,0.0,GREEN
031901903,19,19,3,100.0,RED
030402102,04,21,2,0.0,GREEN
030806905,08,69,5,0.0,GREEN
032906803,29,68,3,0.0,GREEN
032903501,29,35,1,100.0,RED
031705202,17,52,2,0.0,GREEN
031000804,10,8,4,0.0,GREEN
031502404,15,24,4,0.0,GREEN
030904406,09,44,6,0.0,GREEN
031603205,16,32,5,0.0,GREEN
031504403,15,44,3,100.0,RED
031002906,10,29,6,0.0,GREEN
031007006,10,70,6,0.0,GREEN
032000703,20,7,3,100.0,RED
031304205,13,42,5,0.0,GREEN
030803205,08,32,5,0.0,GREEN
032204302,22,43,2,100.0,RED
031504100,15,41,0,100.0,RED
030500406,05,4,6,0.0,GREEN
030200704,02,7,4,0.0,GREEN
031705201,17,52,1,100.0,RED
032404701,24,47,1,0.0,GREEN
030806205,08,62,5,0.0,GREEN
031405500,14,55,0,100.0,RED
032404502,24,45,2,100.0,RED
031804501,18,45,1,100.0,RED
032400502,24,5,2,100.0,RED
030300905,03,9,5,0.0,GREEN
032701803,27,18,3,100.0,RED
032707601,27,76,1,100.0,RED
032600906,26,9,6,0.0,GREEN
030900205,09,2,5,0.0,GREEN
031306303,13,63,3,0.0,GREEN
031705001,17,50,1,0.0,GREEN
030703901,07,39,1,0.0,GREEN
030606001,06,60,1,0.0,GREEN
031702701,17,27,1,0.0,GREEN
032608305,26,83,5,100.0,RED
032608205,26,82,5,100.0,RED
030804101,08,41,1,0.0,GREEN
032608105,26,81,5,100.0,RED
031502301,15,23,1,0.0,GREEN
031806300,18,63,0,100.0,RED
031706300,17,63,0,100.0,RED
030202204,02,22,4,0.0,GREEN
031205304,12,53,4,0.0,GREEN
031602002,16,20,2,100.0,RED
032005102,20,51,2,100.0,RED
032005806,20,58,6,100.0,RED
032901103,29,11,3,100.0,RED
031903205,19,32,5,0.0,GREEN
031903604,19,36,4,100.0,RED
032103705,21,37,5,100.0,RED
034803700,48,37,0,0.0,GREEN
031506102,15,61,2,0.0,GREEN
032505303,25,53,3,100.0,RED
032602906,26,29,6,0.0,GREEN
031706600,17,66,0,100.0,RED
032405704,24,57,4,100.0,RED
031104103,11,41,3,0.0,GREEN
031606505,16,65,5,100.0,RED
032004704,20,47,4,100.0,RED
030602402,06,24,2,0.0,GREEN
031103002,11,30,2,0.0,GREEN
030606706,06,67,6,0.0,GREEN
031203902,12,39,2,0.0,GREEN
032803200,28,32,0,100.0,RED
031903101,19,31,1,100.0,RED
032204703,22,47,3,100.0,RED
032205803,22,58,3,100.0,RED
032007204,20,72,4,0.0,GREEN
032007302,20,73,2,0.0,GREEN
032007303,20,73,3,0.0,GREEN
031903802,19,38,2,100.0,RED
032302410,23,24,10,0.0,GREEN
032103204,21,32,4,100.0,RED
032203706,22,37,6,100.0,RED
032707403,27,74,3,0.0,GREEN
032307303,23,73,3,100.0,RED
032204401,22,44,1,100.0,RED
032104302,21,43,2,100.0,RED
032604201,26,42,1,100.0,RED
032905205,29,52,5,0.0,GREEN
032102603,21,26,3,0.0,GREEN
032005705,20,57,5,0.0,GREEN
032102703,21,27,3,0.0,GREEN
032102704,21,27,4,100.0,RED
032303004,23,30,4,100.0,RED
032003302,20,33,2,100.0,RED
032506302,25,63,2,100.0,RED
032204901,22,49,1,100.0,RED
032500905,25,9,5,100.0,RED
032204200,22,42,0,100.0,RED
031307003,13,70,3,100.0,RED
030705500,07,55,0,100.0,RED
031106106,11,61,6,0.0,GREEN
032507404,25,74,4,0.0,GREEN
031600703,16,7,3,0.0,GREEN
031704800,17,48,0,100.0,RED
032607306,26,73,6,0.0,GREEN
032906604,29,66,4,0.0,GREEN
032906605,29,66,5,0.0,GREEN
032906705,29,67,5,0.0,GREEN
032906804,29,68,4,0.0,GREEN
032906505,29,65,5,0.0,GREEN
032906504,29,65,4,100.0,RED
032906204,29,62,4,0.0,GREEN
032906205,29,62,5,0.0,GREEN
032906304,29,63,4,0.0,GREEN
032803103,28,31,3,100.0,RED
032803305,28,33,5,0.0,GREEN
032102003,21,20,3,100.0,RED
032100503,21,5,3,100.0,RED
032805703,28,57,3,0.0,GREEN
032005905,20,59,5,100.0,RED
032303603,23,36,3,100.0,RED
032303904,23,39,4,100.0,RED
032509003,25,90,3,100.0,RED
032204702,22,47,2,100.0,RED
032708601,27,86,1,100.0,RED
032909203,29,92,3,100.0,RED
032908604,29,86,4,0.0,GREEN
030202401,02,24,1,0.0,GREEN
032907505,29,75,5,0.0,GREEN
031104004,11,40,4,0.0,GREEN
034300101,43,1,1,0.0,GREEN
030805605,08,56,5,0.0,GREEN
032607404,26,74,4,100.0,RED
031601502,16,15,2,200.0,RED
032004005,20,40,5,100.0,RED
031404605,14,46,5,100.0,RED
032303203,23,32,3,100.0,RED
032507704,25,77,4,100.0,RED
032406305,24,63,5,100.0,RED
032406502,24,65,2,100.0,RED
032607504,26,75,4,100.0,RED
031703301,17,33,1,100.0,RED
032708405,27,84,5,100.0,RED
032506505,25,65,5,100.0,RED
032502302,25,23,2,100.0,RED
032508801,25,88,1,100.0,RED
032506305,25,63,5,100.0,RED
032606205,26,62,5,0.0,GREEN
031900902,19,9,2,100.0,RED
032606805,26,68,5,0.0,GREEN
031901404,19,14,4,100.0,RED
031806802,18,68,2,0.0,GREEN
031806202,18,62,2,0.0,GREEN
032607204,26,72,4,100.0,RED
032507405,25,74,5,0.0,GREEN
032606305,26,63,5,100.0,RED
032506905,25,69,5,100.0,RED
030702404,07,24,4,0.0,GREEN
032607604,26,76,4,0.0,GREEN
031006606,10,66,6,0.0,GREEN
032607005,26,70,5,0.0,GREEN
032607305,26,73,5,0.0,GREEN
031006004,10,60,4,0.0,GREEN
032508504,25,85,4,0.0,GREEN
032607106,26,71,6,100.0,RED
031905400,19,54,0,100.0,RED
032305402,23,54,2,100.0,RED
031105005,11,50,5,0.0,GREEN
032103601,21,36,1,100.0,RED
030802505,08,25,5,0.0,GREEN
032405100,24,51,0,100.0,RED
032002304,20,23,4,100.0,RED
030905201,09,52,1,0.0,GREEN
032002402,20,24,2,100.0,RED
031405001,14,50,1,100.0,RED
031503103,15,31,3,100.0,RED
032205701,22,57,1,100.0,RED
031502703,15,27,3,0.0,GREEN
030702405,07,24,5,0.0,GREEN
031500102,15,1,2,0.0,GREEN
030802004,08,20,4,0.0,GREEN
031103701,11,37,1,0.0,GREEN
030703604,07,36,4,0.0,GREEN
031301504,13,15,4,0.0,GREEN
032706106,27,61,6,100.0,RED
030904204,09,42,4,0.0,GREEN
032802805,28,28,5,100.0,RED
032400503,24,5,3,0.0,GREEN
032803403,28,34,3,0.0,GREEN
032601103,26,11,3,100.0,RED
030103004,01,30,4,0.0,GREEN
032605100,26,51,0,100.0,RED
030301006,03,10,6,0.0,GREEN
032605901,26,59,1,100.0,RED
034812312,48,123,12,0.0,GREEN
034812513,48,125,13,0.0,GREEN
034812811,48,128,11,100.0,RED
031403705,14,37,5,0.0,GREEN
032908106,29,81,6,100.0,RED
031003902,10,39,2,0.0,GREEN
032906806,29,68,6,0.0,GREEN
030605706,06,57,6,0.0,GREEN
032906506,29,65,6,0.0,GREEN
031100304,11,3,4,0.0,GREEN
032908506,29,85,6,0.0,GREEN
032908806,29,88,6,100.0,RED
032909106,29,91,6,0.0,GREEN
031806903,18,69,3,0.0,GREEN
030301501,03,15,1,0.0,GREEN
030603101,06,31,1,0.0,GREEN
031503206,15,32,6,0.0,GREEN
032902605,29,26,5,0.0,GREEN
032902706,29,27,6,0.0,GREEN
030907405,09,74,5,0.0,GREEN
031605905,16,59,5,100.0,RED
032304404,23,44,4,100.0,RED
031100503,11,5,3,0.0,GREEN
030101304,01,13,4,100.0,RED
031103702,11,37,2,0.0,GREEN
030701905,07,19,5,0.0,GREEN
031103706,11,37,6,0.0,GREEN
032402710,24,27,10,0.0,GREEN
030700804,07,8,4,0.0,GREEN
034801002,48,10,2,0.0,GREEN
034801001,48,10,1,0.0,GREEN
031404505,14,45,5,100.0,RED
031403805,14,38,5,0.0,GREEN
030805506,08,55,6,0.0,GREEN
032303710,23,37,10,0.0,GREEN
031204303,12,43,3,0.0,GREEN
032502206,25,22,6,100.0,RED
030201604,02,16,4,0.0,GREEN
030704500,07,45,0,200.0,RED
032608605,26,86,5,100.0,RED
031304803,13,48,3,0.0,GREEN
032902505,29,25,5,0.0,GREEN
032502106,25,21,6,100.0,RED
030601506,06,15,6,0.0,GREEN
032508004,25,80,4,0.0,GREEN
031600904,16,9,4,0.0,GREEN
030402300,04,23,0,100.0,RED
031600802,16,8,2,0.0,GREEN
030800304,08,3,4,0.0,GREEN
030703003,07,30,3,0.0,GREEN
030600805,06,8,5,0.0,GREEN
030805601,08,56,1,0.0,GREEN
030603903,06,39,3,0.0,GREEN
032004401,20,44,1,100.0,RED
030801102,08,11,2,0.0,GREEN
034803903,48,39,3,100.0,RED
032205001,22,50,1,100.0,RED
032503302,25,33,2,100.0,RED
032503701,25,37,1,100.0,RED
032305301,23,53,1,100.0,RED
032503404,25,34,4,100.0,RED
032808202,28,82,2,100.0,RED
032306806,23,68,6,0.0,GREEN
032704305,27,43,5,0.0,GREEN
030705801,07,58,1,0.0,GREEN
032204105,22,41,5,0.0,GREEN
030203400,02,34,0,100.0,RED
031301306,13,13,6,0.0,GREEN
032405502,24,55,2,100.0,RED
031602302,16,23,2,200.0,RED
032307001,23,70,1,100.0,RED
032302206,23,22,6,0.0,GREEN
032203506,22,35,6,0.0,GREEN
030100900,01,9,0,100.0,RED
030703704,07,37,4,0.0,GREEN
030804406,08,44,6,0.0,GREEN
032808302,28,83,2,100.0,RED
030605006,06,50,6,0.0,GREEN
034707003,47,70,3,100.0,RED
030905406,09,54,6,0.0,GREEN
034804804,48,48,4,0.0,GREEN
031303500,13,35,0,100.0,RED
032004705,20,47,5,100.0,RED
032806103,28,61,3,0.0,GREEN
032804702,28,47,2,100.0,RED
032807305,28,73,5,100.0,RED
030604404,06,44,4,0.0,GREEN
030203200,02,32,0,100.0,RED
030203201,02,32,1,0.0,GREEN
031305203,13,52,3,0.0,GREEN
030402201,04,22,1,0.0,GREEN
031502702,15,27,2,0.0,GREEN
031300104,13,1,4,0.0,GREEN
032001804,20,18,4,100.0,RED
032201304,22,13,4,0.0,GREEN
032405102,24,51,2,100.0,RED
032102710,21,27,10,0.0,GREEN
032203602,22,36,2,100.0,RED
032006306,20,63,6,100.0,RED
032906301,29,63,1,100.0,RED
032501702,25,17,2,100.0,RED
032201803,22,18,3,100.0,RED
032605401,26,54,1,100.0,RED
032705200,27,52,0,100.0,RED
031902404,19,24,4,100.0,RED
032506801,25,68,1,100.0,RED
032201801,22,18,1,100.0,RED
030904005,09,40,5,0.0,GREEN
031603704,16,37,4,0.0,GREEN
031405903,14,59,3,100.0,RED
030604605,06,46,5,0.0,GREEN
030602405,06,24,5,0.0,GREEN
031204402,12,44,2,0.0,GREEN
030403203,04,32,3,0.0,GREEN
032201804,22,18,4,0.0,GREEN
034706703,47,67,3,100.0,RED
034706603,47,66,3,0.0,GREEN
034705504,47,55,4,0.0,GREEN
031005202,10,52,2,0.0,GREEN
030804805,08,48,5,0.0,GREEN
034807201,48,72,1,100.0,RED
034807003,48,70,3,0.0,GREEN
032406805,24,68,5,100.0,RED
032406803,24,68,3,100.0,RED
032202002,22,20,2,100.0,RED
032801803,28,18,3,100.0,RED
032201802,22,18,2,100.0,RED
032509005,25,90,5,0.0,GREEN
032909004,29,90,4,100.0,RED
031602906,16,29,6,0.0,GREEN
031305206,13,52,6,0.0,GREEN
030903306,09,33,6,0.0,GREEN
034806602,48,66,2,100.0,RED
034807103,48,71,3,0.0,GREEN
032906405,29,64,5,0.0,GREEN
032605502,26,55,2,100.0,RED
032803203,28,32,3,100.0,RED
031006602,10,66,2,0.0,GREEN
031604205,16,42,5,0.0,GREEN
034806403,48,64,3,100.0,RED
034805902,48,59,2,0.0,GREEN
032305803,23,58,3,100.0,RED
034805702,48,57,2,0.0,GREEN
031304906,13,49,6,0.0,GREEN
034806605,48,66,5,0.0,GREEN
034802701,48,27,1,0.0,GREEN
034802202,48,22,2,0.0,GREEN
031801100,18,11,0,100.0,RED
031506101,15,61,1,100.0,RED
031204502,12,45,2,0.0,GREEN
032100604,21,6,4,0.0,GREEN
030601503,06,15,3,0.0,GREEN
031001004,10,10,4,0.0,GREEN
030605004,06,50,4,0.0,GREEN
030706704,07,67,4,0.0,GREEN
030903704,09,37,4,0.0,GREEN
031304600,13,46,0,100.0,RED
031705300,17,53,0,100.0,RED
030200600,02,6,0,0.0,GREEN
030401805,04,18,5,0.0,GREEN
031205506,12,55,6,0.0,GREEN
031103302,11,33,2,0.0,GREEN
032004901,20,49,1,100.0,RED
031906501,19,65,1,100.0,RED
031001804,10,18,4,0.0,GREEN
031305801,13,58,1,0.0,GREEN
031506303,15,63,3,0.0,GREEN
030401101,04,11,1,0.0,GREEN
032103005,21,30,5,100.0,RED
031605103,16,51,3,0.0,GREEN
031606305,16,63,5,100.0,RED
031206605,12,66,5,0.0,GREEN
031300902,13,9,2,0.0,GREEN
031206002,12,60,2,0.0,GREEN
030400504,04,5,4,0.0,GREEN
032205603,22,56,3,100.0,RED
030706005,07,60,5,0.0,GREEN
031704802,17,48,2,0.0,GREEN
031704801,17,48,1,100.0,RED
031703900,17,39,0,100.0,RED
030303406,03,34,6,0.0,GREEN
032406302,24,63,2,100.0,RED
032801705,28,17,5,0.0,GREEN
031900504,19,5,4,100.0,RED
031902106,19,21,6,100.0,RED
030706605,07,66,5,0.0,GREEN
031904202,19,42,2,100.0,RED
031002905,10,29,5,0.0,GREEN
031904902,19,49,2,100.0,RED
030905700,09,57,0,200.0,RED
030905605,09,56,5,0.0,GREEN
030905705,09,57,5,0.0,GREEN
031607002,16,70,2,200.0,RED
031205302,12,53,2,0.0,GREEN
031304004,13,40,4,0.0,GREEN
031303905,13,39,5,0.0,GREEN
031206001,12,60,1,100.0,RED
030907005,09,70,5,0.0,GREEN
030500501,05,5,1,0.0,GREEN
030500705,05,7,5,0.0,GREEN
030704904,07,49,4,0.0,GREEN
032103304,21,33,4,100.0,RED
030401001,04,10,1,0.0,GREEN
032706803,27,68,3,100.0,RED
031706701,17,67,1,100.0,RED
032705902,27,59,2,0.0,GREEN
032101706,21,17,6,0.0,GREEN
032805402,28,54,2,100.0,RED
032707202,27,72,2,100.0,RED
031800802,18,8,2,0.0,GREEN
032902804,29,28,4,0.0,GREEN
031203402,12,34,2,0.0,GREEN
031905005,19,50,5,100.0,RED
031904506,19,45,6,0.0,GREEN
031904406,19,44,6,0.0,GREEN
031905406,19,54,6,0.0,GREEN
034705002,47,50,2,100.0,RED
030605103,06,51,3,0.0,GREEN
030400901,04,9,1,0.0,GREEN
030901305,09,13,5,0.0,GREEN
031505702,15,57,2,0.0,GREEN
030302101,03,21,1,0.0,GREEN
030302106,03,21,6,0.0,GREEN
031406100,14,61,0,100.0,RED
032802002,28,20,2,0.0,GREEN
034805703,48,57,3,0.0,GREEN
032708302,27,83,2,100.0,RED
032808903,28,89,3,100.0,RED
032809103,28,91,3,100.0,RED
032809203,28,92,3,100.0,RED
032203905,22,39,5,100.0,RED
032002803,20,28,3,0.0,GREEN
032602201,26,22,1,100.0,RED
032001002,20,10,2,100.0,RED
032406504,24,65,4,100.0,RED
032503504,25,35,4,100.0,RED
032507005,25,70,5,100.0,RED
032103905,21,39,5,100.0,RED
031902503,19,25,3,0.0,GREEN
031905006,19,50,6,0.0,GREEN
032807603,28,76,3,100.0,RED
032106201,21,62,1,100.0,RED
032303702,23,37,2,100.0,RED
032703405,27,34,5,100.0,RED
032001202,20,12,2,100.0,RED
032707602,27,76,2,100.0,RED
031703400,17,34,0,100.0,RED
030906405,09,64,5,0.0,GREEN
030901200,09,12,0,200.0,RED
031006403,10,64,3,0.0,GREEN
030605700,06,57,0,100.0,RED
030605704,06,57,4,0.0,GREEN
030102204,01,22,4,0.0,GREEN
031106202,11,62,2,100.0,RED
032000805,20,8,5,0.0,GREEN
032307306,23,73,6,100.0,RED
032301105,23,11,5,0.0,GREEN
032303403,23,34,3,100.0,RED
032808902,28,89,2,100.0,RED
032708103,27,81,3,100.0,RED
030607005,06,70,5,0.0,GREEN
030604906,06,49,6,0.0,GREEN
031605506,16,55,6,100.0,RED
032702605,27,26,5,0.0,GREEN
031603002,16,30,2,100.0,RED
031506806,15,68,6,0.0,GREEN
030902603,09,26,3,0.0,GREEN
031205305,12,53,5,0.0,GREEN
032901503,29,15,3,0.0,GREEN
030904600,09,46,0,200.0,RED
032505701,25,57,1,100.0,RED
032505304,25,53,4,100.0,RED
032003710,20,37,10,0.0,GREEN
032106606,21,66,6,100.0,RED
030906802,09,68,2,0.0,GREEN
030301506,03,15,6,0.0,GREEN
030905604,09,56,4,0.0,GREEN
031606104,16,61,4,100.0,RED
030503400,05,34,0,100.0,RED
031305200,13,52,0,100.0,RED
032705804,27,58,4,0.0,GREEN
032505603,25,56,3,100.0,RED
032301601,23,16,1,0.0,GREEN
031006604,10,66,4,0.0,GREEN
030902005,09,20,5,0.0,GREEN
032202803,22,28,3,0.0,GREEN
030705203,07,52,3,0.0,GREEN
032304506,23,45,6,0.0,GREEN
030602706,06,27,6,0.0,GREEN
032701705,27,17,5,0.0,GREEN
032107306,21,73,6,100.0,RED
032702506,27,25,6,0.0,GREEN
031704302,17,43,2,100.0,RED
030806703,08,67,3,0.0,GREEN
031206103,12,61,3,0.0,GREEN
030701103,07,11,3,0.0,GREEN
030102803,01,28,3,0.0,GREEN
031801701,18,17,1,100.0,RED
034607202,46,72,2,100.0,RED
031706802,17,68,2,100.0,RED
031505002,15,50,2,100.0,RED
031504803,15,48,3,200.0,RED
032201805,22,18,5,0.0,GREEN
032106706,21,67,6,0.0,GREEN
032206004,22,60,4,100.0,RED
032200903,22,9,3,0.0,GREEN
032901303,29,13,3,0.0,GREEN
032901405,29,14,5,0.0,GREEN
032504804,25,48,4,0.0,GREEN
032605204,26,52,4,100.0,RED
032503802,25,38,2,100.0,RED
031005903,10,59,3,0.0,GREEN
030102804,01,28,4,0.0,GREEN
031204603,12,46,3,0.0,GREEN
030503401,05,34,1,0.0,GREEN
031202404,12,24,4,0.0,GREEN
030501705,05,17,5,0.0,GREEN
030904800,09,48,0,0.0,GREEN
031000603,10,6,3,0.0,GREEN
031902303,19,23,3,100.0,RED
031905004,19,50,4,0.0,GREEN
031902504,19,25,4,100.0,RED
030605403,06,54,3,0.0,GREEN
030905100,09,51,0,200.0,RED
031905905,19,59,5,100.0,RED
032507805,25,78,5,100.0,RED
032507605,25,76,5,0.0,GREEN
032709101,27,91,1,100.0,RED
031102601,11,26,1,0.0,GREEN
030302606,03,26,6,0.0,GREEN
032708705,27,87,5,100.0,RED
031702603,17,26,3,100.0,RED
032405110,24,51,10,0.0,GREEN
030402904,04,29,4,0.0,GREEN
030904403,09,44,3,0.0,GREEN
032607605,26,76,5,100.0,RED
032803905,28,39,5,0.0,GREEN
032708205,27,82,5,100.0,RED
030401705,04,17,5,0.0,GREEN
032901002,29,10,2,0.0,GREEN
032606005,26,60,5,100.0,RED
032306102,23,61,2,100.0,RED
032307106,23,71,6,0.0,GREEN
030900103,09,1,3,0.0,GREEN
032307206,23,72,6,100.0,RED
032406903,24,69,3,100.0,RED
032406905,24,69,5,100.0,RED
031905604,19,56,4,100.0,RED
031905802,19,58,2,100.0,RED
031905804,19,58,4,100.0,RED
031906005,19,60,5,100.0,RED
031906105,19,61,5,0.0,GREEN
030201403,02,14,3,0.0,GREEN
030200905,02,9,5,0.0,GREEN
031201803,12,18,3,0.0,GREEN
031203406,12,34,6,0.0,GREEN
031502203,15,22,3,0.0,GREEN
031503303,15,33,3,0.0,GREEN
031902403,19,24,3,100.0,RED
032002405,20,24,5,100.0,RED
032303803,23,38,3,100.0,RED
032803804,28,38,4,0.0,GREEN
031902302,19,23,2,100.0,RED
032903106,29,31,6,0.0,GREEN
031906605,19,66,5,100.0,RED
032602405,26,24,5,0.0,GREEN
032204305,22,43,5,0.0,GREEN
032703506,27,35,6,100.0,RED
032205306,22,53,6,100.0,RED
032607401,26,74,1,100.0,RED
032601306,26,13,6,0.0,GREEN
032101304,21,13,4,0.0,GREEN
031904305,19,43,5,100.0,RED
032107301,21,73,1,100.0,RED
031906206,19,62,6,0.0,GREEN
032604202,26,42,2,100.0,RED
032205304,22,53,4,100.0,RED
031902505,19,25,5,0.0,GREEN
032107001,21,70,1,0.0,GREEN
032804202,28,42,2,100.0,RED
032606103,26,61,3,100.0,RED
032300601,23,6,1,0.0,GREEN
031904200,19,42,0,100.0,RED
032900703,29,7,3,100.0,RED
031904204,19,42,4,100.0,RED
034707002,47,70,2,100.0,RED
031804001,18,40,1,100.0,RED
031802401,18,24,1,100.0,RED
030501001,05,10,1,0.0,GREEN
032004402,20,44,2,100.0,RED
032101205,21,12,5,0.0,GREEN
031303904,13,39,4,0.0,GREEN
031301604,13,16,4,0.0,GREEN
032202104,22,21,4,0.0,GREEN
030805906,08,59,6,0.0,GREEN
030800206,08,2,6,0.0,GREEN
032908605,29,86,5,100.0,RED
030601702,06,17,2,0.0,GREEN
032303302,23,33,2,100.0,RED
032202105,22,21,5,100.0,RED
030602206,06,22,6,0.0,GREEN
032003706,20,37,6,100.0,RED
032205901,22,59,1,100.0,RED
032000804,20,8,4,100.0,RED
032508404,25,84,4,100.0,RED
032901805,29,18,5,0.0,GREEN
031300904,13,9,4,0.0,GREEN
030502304,05,23,4,0.0,GREEN
030202803,02,28,3,0.0,GREEN
030800306,08,3,6,0.0,GREEN
030706806,07,68,6,0.0,GREEN
031405305,14,53,5,0.0,GREEN
031406705,14,67,5,0.0,GREEN
030203303,02,33,3,0.0,GREEN
031705102,17,51,2,0.0,GREEN
030102702,01,27,2,100.0,RED
030202806,02,28,6,0.0,GREEN
031800502,18,5,2,100.0,RED
030501506,05,15,6,0.0,GREEN
030605302,06,53,2,0.0,GREEN
032406202,24,62,2,100.0,RED
034812512,48,125,12,0.0,GREEN
031803901,18,39,1,100.0,RED
031305804,13,58,4,100.0,RED
032402103,24,21,3,100.0,RED
031404706,14,47,6,0.0,GREEN
031204806,12,48,6,0.0,GREEN
034802305,48,23,5,0.0,GREEN
031903902,19,39,2,100.0,RED
030801006,08,10,6,0.0,GREEN
030202304,02,23,4,0.0,GREEN
031007005,10,70,5,0.0,GREEN
030705003,07,50,3,0.0,GREEN
031305504,13,55,4,0.0,GREEN
031203601,12,36,1,0.0,GREEN
032605306,26,53,6,0.0,GREEN
032807501,28,75,1,100.0,RED
031500504,15,5,4,100.0,RED
034605105,46,51,5,0.0,GREEN
034800100,48,1,0,0.0,GREEN
034800700,48,7,0,0.0,GREEN
031501802,15,18,2,0.0,GREEN
031301305,13,13,5,0.0,GREEN
032102405,21,24,5,100.0,RED
030804104,08,41,4,0.0,GREEN
030605503,06,55,3,0.0,GREEN
032508705,25,87,5,100.0,RED
031106402,11,64,2,0.0,GREEN
031206603,12,66,3,100.0,RED
032909005,29,90,5,100.0,RED
030604705,06,47,5,0.0,GREEN
032909105,29,91,5,0.0,GREEN
030900206,09,2,6,0.0,GREEN
031506802,15,68,2,100.0,RED
031107004,11,70,4,0.0,GREEN
031505606,15,56,6,0.0,GREEN
031206806,12,68,6,0.0,GREEN
030501402,05,14,2,0.0,GREEN
031705401,17,54,1,100.0,RED
031702401,17,24,1,0.0,GREEN
030601804,06,18,4,0.0,GREEN
030203205,02,32,5,0.0,GREEN
030604905,06,49,5,0.0,GREEN
030903605,09,36,5,0.0,GREEN
031505602,15,56,2,0.0,GREEN
031402104,14,21,4,0.0,GREEN
031703002,17,30,2,100.0,RED
032708605,27,86,5,0.0,GREEN
030902806,09,28,6,0.0,GREEN
031803202,18,32,2,0.0,GREEN
032908705,29,87,5,100.0,RED
031005102,10,51,2,0.0,GREEN
030801005,08,10,5,0.0,GREEN
031106004,11,60,4,0.0,GREEN
030303206,03,32,6,0.0,GREEN
032807605,28,76,5,0.0,GREEN
030804801,08,48,1,0.0,GREEN
032708505,27,85,5,100.0,RED
032708105,27,81,5,100.0,RED
030502904,05,29,4,0.0,GREEN
030300702,03,7,2,0.0,GREEN
032607505,26,75,5,0.0,GREEN
032607405,26,74,5,100.0,RED
032706205,27,62,5,0.0,GREEN
031306902,13,69,2,100.0,RED
032606605,26,66,5,0.0,GREEN
032606705,26,67,5,0.0,GREEN
032606905,26,69,5,100.0,RED
032007002,20,70,2,100.0,RED
031303906,13,39,6,0.0,GREEN
032905505,29,55,5,0.0,GREEN
032707105,27,71,5,100.0,RED
032707605,27,76,5,0.0,GREEN
032501403,25,14,3,100.0,RED
031106102,11,61,2,100.0,RED
031900903,19,9,3,100.0,RED
031304503,13,45,3,0.0,GREEN
031104305,11,43,5,0.0,GREEN
032104404,21,44,4,100.0,RED
032003704,20,37,4,100.0,RED
030903303,09,33,3,0.0,GREEN
030801806,08,18,6,0.0,GREEN
030702706,07,27,6,0.0,GREEN
032707505,27,75,5,0.0,GREEN
030702606,07,26,6,0.0,GREEN
032905905,29,59,5,100.0,RED
032906305,29,63,5,0.0,GREEN
030500804,05,8,4,0.0,GREEN
032907605,29,76,5,100.0,RED
031202905,12,29,5,0.0,GREEN
030501303,05,13,3,0.0,GREEN
030100102,01,1,2,100.0,RED
032501006,25,10,6,100.0,RED
031902103,19,21,3,0.0,GREEN
032203401,22,34,1,100.0,RED
031804900,18,49,0,100.0,RED
032704506,27,45,6,0.0,GREEN
032301702,23,17,2,100.0,RED
032907303,29,73,3,100.0,RED
034805304,48,53,4,0.0,GREEN
032105101,21,51,1,100.0,RED
032601805,26,18,5,0.0,GREEN
032706604,27,66,4,0.0,GREEN
032304203,23,42,3,100.0,RED
032807503,28,75,3,100.0,RED
032702305,27,23,5,0.0,GREEN
030802906,08,29,6,0.0,GREEN
032002404,20,24,4,0.0,GREEN
032001204,20,12,4,100.0,RED
032503902,25,39,2,100.0,RED
032905803,29,58,3,0.0,GREEN
032709104,27,91,4,100.0,RED
032907604,29,76,4,0.0,GREEN
032908405,29,84,5,100.0,RED
032708903,27,89,3,100.0,RED
032901003,29,10,3,100.0,RED
032803705,28,37,5,100.0,RED
032805805,28,58,5,0.0,GREEN
031703102,17,31,2,0.0,GREEN
031102604,11,26,4,0.0,GREEN
030203405,02,34,5,0.0,GREEN
030401904,04,19,4,0.0,GREEN
030402003,04,20,3,0.0,GREEN
030606004,06,60,4,0.0,GREEN
030606502,06,65,2,0.0,GREEN
031601903,16,19,3,0.0,GREEN
032604806,26,48,6,0.0,GREEN
030801502,08,15,2,0.0,GREEN
031905203,19,52,3,100.0,RED
030706003,07,60,3,0.0,GREEN
030706406,07,64,6,0.0,GREEN
032305706,23,57,6,0.0,GREEN
031705200,17,52,0,100.0,RED
032801704,28,17,4,0.0,GREEN
031303400,13,34,0,100.0,RED
031105605,11,56,5,0.0,GREEN
031503305,15,33,5,100.0,RED
031006103,10,61,3,0.0,GREEN
030905006,09,50,6,0.0,GREEN
032805106,28,51,6,0.0,GREEN
031301404,13,14,4,0.0,GREEN
031401304,14,13,4,0.0,GREEN
032705606,27,56,6,100.0,RED
031400806,14,8,6,0.0,GREEN
034201403,42,14,3,0.0,GREEN
034201501,42,15,1,0.0,GREEN
034201502,42,15,2,0.0,GREEN
034201503,42,15,3,0.0,GREEN
034201601,42,16,1,0.0,GREEN
034201602,42,16,2,0.0,GREEN
034201603,42,16,3,0.0,GREEN
034201701,42,17,1,0.0,GREEN
034201702,42,17,2,0.0,GREEN
034201703,42,17,3,0.0,GREEN
034201801,42,18,1,0.0,GREEN
034201802,42,18,2,0.0,GREEN
034201803,42,18,3,0.0,GREEN
034201901,42,19,1,0.0,GREEN
034201902,42,19,2,0.0,GREEN
034201903,42,19,3,0.0,GREEN
034202001,42,20,1,0.0,GREEN
034202002,42,20,2,0.0,GREEN
034202003,42,20,3,0.0,GREEN
034202101,42,21,1,0.0,GREEN
034202102,42,21,2,0.0,GREEN
034202103,42,21,3,0.0,GREEN
034202201,42,22,1,0.0,GREEN
034202202,42,22,2,0.0,GREEN
032004204,20,42,4,0.0,GREEN
032604405,26,44,5,0.0,GREEN
032803104,28,31,4,0.0,GREEN
031906504,19,65,4,100.0,RED
034707103,47,71,3,100.0,RED
034707102,47,71,2,100.0,RED
031904205,19,42,5,100.0,RED
032604003,26,40,3,100.0,RED
032106504,21,65,4,100.0,RED
032503304,25,33,4,100.0,RED
032508702,25,87,2,100.0,RED
034803504,48,35,4,0.0,GREEN
032006904,20,69,4,100.0,RED
032003403,20,34,3,100.0,RED
032204106,22,41,6,0.0,GREEN
032204006,22,40,6,0.0,GREEN
032203906,22,39,6,0.0,GREEN
032204403,22,44,3,100.0,RED
032204306,22,43,6,100.0,RED
032204205,22,42,5,0.0,GREEN
030702502,07,25,2,0.0,GREEN
032206306,22,63,6,100.0,RED
032205604,22,56,4,100.0,RED
032205402,22,54,2,100.0,RED
032300706,23,7,6,100.0,RED
032206506,22,65,6,100.0,RED
032204504,22,45,4,100.0,RED
032305406,23,54,6,0.0,GREEN
032305304,23,53,4,0.0,GREEN
032304504,23,45,4,100.0,RED
032306702,23,67,2,100.0,RED
032306106,23,61,6,0.0,GREEN
032306006,23,60,6,0.0,GREEN
032307006,23,70,6,100.0,RED
032306906,23,69,6,0.0,GREEN
032306905,23,69,5,0.0,GREEN
031000105,10,1,5,0.0,GREEN
032407206,24,72,6,100.0,RED
032407106,24,71,6,100.0,RED
032405105,24,51,5,0.0,GREEN
032805906,28,59,6,0.0,GREEN
031305604,13,56,4,100.0,RED
032904104,29,41,4,0.0,GREEN
032705004,27,50,4,100.0,RED
030200801,02,8,1,0.0,GREEN
032606902,26,69,2,100.0,RED
030201505,02,15,5,0.0,GREEN
032508803,25,88,3,100.0,RED
030605306,06,53,6,0.0,GREEN
032003103,20,31,3,100.0,RED
032101903,21,19,3,100.0,RED
030301401,03,14,1,0.0,GREEN
030301703,03,17,3,0.0,GREEN
030704903,07,49,3,0.0,GREEN
030706505,07,65,5,0.0,GREEN
034707201,47,72,1,100.0,RED
031005506,10,55,6,0.0,GREEN
032502204,25,22,4,100.0,RED
031701500,17,15,0,100.0,RED
031202306,12,23,6,0.0,GREEN
032902305,29,23,5,0.0,GREEN
030602102,06,21,2,0.0,GREEN
030601900,06,19,0,100.0,RED
030702406,07,24,6,0.0,GREEN
030500304,05,3,4,0.0,GREEN
032402003,24,20,3,100.0,RED
030604203,06,42,3,0.0,GREEN
032402203,24,22,3,100.0,RED
030400802,04,8,2,0.0,GREEN
031903601,19,36,1,100.0,RED
031406805,14,68,5,0.0,GREEN
030702700,07,27,0,0.0,GREEN
032501704,25,17,4,100.0,RED
031101906,11,19,6,0.0,GREEN
030400404,04,4,4,0.0,GREEN
030302201,03,22,1,0.0,GREEN
030303001,03,30,1,0.0,GREEN
030501603,05,16,3,0.0,GREEN
031306606,13,66,6,0.0,GREEN
031002602,10,26,2,0.0,GREEN
031303601,13,36,1,0.0,GREEN
031603406,16,34,6,0.0,GREEN
031000406,10,4,6,0.0,GREEN
030302400,03,24,0,200.0,RED
032203303,22,33,3,0.0,GREEN
031604204,16,42,4,0.0,GREEN
031703101,17,31,1,0.0,GREEN
032706705,27,67,5,0.0,GREEN
031204304,12,43,4,0.0,GREEN
032407003,24,70,3,100.0,RED
030401701,04,17,1,0.0,GREEN
031203803,12,38,3,0.0,GREEN
031206703,12,67,3,100.0,RED
031603402,16,34,2,100.0,RED
030906205,09,62,5,0.0,GREEN
032000103,20,1,3,100.0,RED
031504504,15,45,4,100.0,RED
031604004,16,40,4,0.0,GREEN
032603201,26,32,1,100.0,RED
030802502,08,25,2,0.0,GREEN
030804904,08,49,4,0.0,GREEN
032601104,26,11,4,0.0,GREEN
031603303,16,33,3,100.0,RED
032900502,29,5,2,100.0,RED
031205106,12,51,6,0.0,GREEN
030700306,07,3,6,0.0,GREEN
034807202,48,72,2,0.0,GREEN
031806601,18,66,1,100.0,RED
032301101,23,11,1,0.0,GREEN
032105801,21,58,1,100.0,RED
032003906,20,39,6,0.0,GREEN
032205006,22,50,6,0.0,GREEN
032306205,23,62,5,0.0,GREEN
030403304,04,33,4,0.0,GREEN
030503201,05,32,1,0.0,GREEN
030501600,05,16,0,200.0,RED
030501503,05,15,3,0.0,GREEN
030702503,07,25,3,0.0,GREEN
030704305,07,43,5,0.0,GREEN
034804404,48,44,4,0.0,GREEN
032706404,27,64,4,0.0,GREEN
030602904,06,29,4,0.0,GREEN
032607205,26,72,5,0.0,GREEN
030203203,02,32,3,0.0,GREEN
030300603,03,6,3,0.0,GREEN
032707205,27,72,5,0.0,GREEN
030905703,09,57,3,0.0,GREEN
032707305,27,73,5,100.0,RED
032101703,21,17,3,0.0,GREEN
030402204,04,22,4,0.0,GREEN
032707405,27,74,5,0.0,GREEN
032106403,21,64,3,100.0,RED
030302302,03,23,2,0.0,GREEN
032806206,28,62,6,0.0,GREEN
030301303,03,13,3,0.0,GREEN
032806306,28,63,6,0.0,GREEN
032806406,28,64,6,0.0,GREEN
030804006,08,40,6,0.0,GREEN
030300305,03,3,5,0.0,GREEN
030102703,01,27,3,0.0,GREEN
031002703,10,27,3,0.0,GREEN
031105206,11,52,6,0.0,GREEN
031804402,18,44,2,200.0,RED
031001505,10,15,5,0.0,GREEN
032307105,23,71,5,100.0,RED
031303205,13,32,5,0.0,GREEN
034804304,48,43,4,0.0,GREEN
032305704,23,57,4,100.0,RED
032005403,20,54,3,100.0,RED
032303902,23,39,2,100.0,RED
032503403,25,34,3,100.0,RED
032803803,28,38,3,100.0,RED
032804803,28,48,3,0.0,GREEN
032900805,29,8,5,0.0,GREEN
032901604,29,16,4,0.0,GREEN
031905304,19,53,4,100.0,RED
032005903,20,59,3,100.0,RED
032006802,20,68,2,100.0,RED
032101305,21,13,5,100.0,RED
032104602,21,46,2,0.0,GREEN
032105702,21,57,2,100.0,RED
032002104,20,21,4,100.0,RED
034803305,48,33,5,0.0,GREEN
032104203,21,42,3,100.0,RED
032406901,24,69,1,100.0,RED
032607501,26,75,1,100.0,RED
032203705,22,37,5,0.0,GREEN
032604403,26,44,3,100.0,RED
032005904,20,59,4,100.0,RED
031902405,19,24,5,0.0,GREEN
032105605,21,56,5,0.0,GREEN
032405503,24,55,3,100.0,RED
031903701,19,37,1,100.0,RED
030704004,07,40,4,0.0,GREEN
031804301,18,43,1,100.0,RED
031103005,11,30,5,0.0,GREEN
030300505,03,5,5,0.0,GREEN
031301905,13,19,5,0.0,GREEN
031501003,15,10,3,0.0,GREEN
030502703,05,27,3,0.0,GREEN
031205606,12,56,6,0.0,GREEN
030200803,02,8,3,0.0,GREEN
034707301,47,73,1,100.0,RED
031702002,17,20,2,200.0,RED
030703206,07,32,6,0.0,GREEN
032201106,22,11,6,0.0,GREEN
032206906,22,69,6,0.0,GREEN
032303404,23,34,4,100.0,RED
031304904,13,49,4,0.0,GREEN
030401905,04,19,5,0.0,GREEN
031603805,16,38,5,0.0,GREEN
031702001,17,20,1,100.0,RED
032902906,29,29,6,100.0,RED
034801005,48,10,5,0.0,GREEN
032502506,25,25,6,100.0,RED
031901405,19,14,5,100.0,RED
032508304,25,83,4,100.0,RED
030904301,09,43,1,0.0,GREEN
030906903,09,69,3,0.0,GREEN
031606005,16,60,5,100.0,RED
032103403,21,34,3,100.0,RED
031406304,14,63,4,0.0,GREEN
030703005,07,30,5,0.0,GREEN
030706905,07,69,5,0.0,GREEN
032300906,23,9,6,100.0,RED
031306804,13,68,4,0.0,GREEN
030402100,04,21,0,200.0,RED
030401102,04,11,2,0.0,GREEN
031505306,15,53,6,0.0,GREEN
030303303,03,33,3,0.0,GREEN
030301804,03,18,4,0.0,GREEN
031101706,11,17,6,0.0,GREEN
031603806,16,38,6,0.0,GREEN
031004001,10,40,1,0.0,GREEN
030604603,06,46,3,0.0,GREEN
031403004,14,30,4,0.0,GREEN
034300102,43,1,2,0.0,GREEN
034300103,43,1,3,0.0,GREEN
030701706,07,17,6,0.0,GREEN
030805201,08,52,1,0.0,GREEN
031901400,19,14,0,100.0,RED
030806505,08,65,5,0.0,GREEN
031403401,14,34,1,100.0,RED
031602003,16,20,3,0.0,GREEN
030603406,06,34,6,0.0,GREEN
031102903,11,29,3,0.0,GREEN
031303704,13,37,4,0.0,GREEN
030401302,04,13,2,0.0,GREEN
030606406,06,64,6,0.0,GREEN
034802804,48,28,4,0.0,GREEN
030706602,07,66,2,0.0,GREEN
031602804,16,28,4,0.0,GREEN
031105100,11,51,0,200.0,RED
030704104,07,41,4,0.0,GREEN
030704103,07,41,3,0.0,GREEN
030904405,09,44,5,0.0,GREEN
030703501,07,35,1,0.0,GREEN
032506402,25,64,2,100.0,RED
030905102,09,51,2,0.0,GREEN
032702103,27,21,3,100.0,RED
032004006,20,40,6,100.0,RED
032203903,22,39,3,0.0,GREEN
032302503,23,25,3,0.0,GREEN
030101303,01,13,3,100.0,RED
032907905,29,79,5,0.0,GREEN
032000702,20,7,2,100.0,RED
031905303,19,53,3,100.0,RED
032300903,23,9,3,0.0,GREEN
030502303,05,23,3,0.0,GREEN
031204205,12,42,5,0.0,GREEN
031902903,19,29,3,0.0,GREEN
032302402,23,24,2,0.0,GREEN
032104301,21,43,1,100.0,RED
032407203,24,72,3,100.0,RED
032106102,21,61,2,100.0,RED
032206101,22,61,1,100.0,RED
031903001,19,30,1,100.0,RED
032003402,20,34,2,100.0,RED
032704301,27,43,1,100.0,RED
032705005,27,50,5,0.0,GREEN
032705501,27,55,1,100.0,RED
032707501,27,75,1,100.0,RED
034706702,47,67,2,100.0,RED
032104006,21,40,6,0.0,GREEN
032704800,27,48,0,100.0,RED
032406902,24,69,2,100.0,RED
032004706,20,47,6,100.0,RED
032200502,22,5,2,100.0,RED
032205801,22,58,1,100.0,RED
034804505,48,45,5,0.0,GREEN
031500806,15,8,6,0.0,GREEN
031606103,16,61,3,100.0,RED
030806804,08,68,4,0.0,GREEN
031303305,13,33,5,0.0,GREEN
030604706,06,47,6,0.0,GREEN
031005306,10,53,6,0.0,GREEN
031004201,10,42,1,0.0,GREEN
031706202,17,62,2,100.0,RED
032304002,23,40,2,100.0,RED
032001503,20,15,3,100.0,RED
032407103,24,71,3,100.0,RED
032200706,22,7,6,0.0,GREEN
032304603,23,46,3,100.0,RED
032809002,28,90,2,100.0,RED
032808901,28,89,1,100.0,RED
030906402,09,64,2,0.0,GREEN
031906602,19,66,2,100.0,RED
031502604,15,26,4,100.0,RED
031004203,10,42,3,0.0,GREEN
032304810,23,48,10,0.0,GREEN
032207305,22,73,5,100.0,RED
032605603,26,56,3,100.0,RED
032606002,26,60,2,100.0,RED
032502101,25,21,1,100.0,RED
032307302,23,73,2,100.0,RED
031104104,11,41,4,0.0,GREEN
032202101,22,21,1,100.0,RED
031902406,19,24,6,0.0,GREEN
030200703,02,7,3,0.0,GREEN
030801405,08,14,5,0.0,GREEN
031503106,15,31,6,0.0,GREEN
031001506,10,15,6,0.0,GREEN
031205406,12,54,6,0.0,GREEN
030802306,08,23,6,0.0,GREEN
031004602,10,46,2,0.0,GREEN
031404506,14,45,6,0.0,GREEN
032100902,21,9,2,100.0,RED
032203801,22,38,1,100.0,RED
032602401,26,24,1,100.0,RED
032702206,27,22,6,0.0,GREEN
030401204,04,12,4,0.0,GREEN
030402304,04,23,4,0.0,GREEN
030303004,03,30,4,0.0,GREEN
031904004,19,40,4,100.0,RED
031105804,11,58,4,0.0,GREEN
031602706,16,27,6,0.0,GREEN
031402206,14,22,6,0.0,GREEN
031403304,14,33,4,100.0,RED
034805400,48,54,0,0.0,GREEN
032201004,22,10,4,100.0,RED
031304505,13,45,5,0.0,GREEN
031606506,16,65,6,100.0,RED
031604706,16,47,6,100.0,RED
031605306,16,53,6,100.0,RED
031405306,14,53,6,0.0,GREEN
030905204,09,52,4,0.0,GREEN
030905603,09,56,3,0.0,GREEN
032908102,29,81,2,100.0,RED
031204903,12,49,3,0.0,GREEN
031603605,16,36,5,0.0,GREEN
032605004,26,50,4,100.0,RED
030100600,01,6,0,0.0,GREEN
032706002,27,60,2,100.0,RED
030703902,07,39,2,0.0,GREEN
032202003,22,20,3,100.0,RED
031900906,19,9,6,0.0,GREEN
031201806,12,18,6,0.0,GREEN
030200603,02,6,3,0.0,GREEN
031605706,16,57,6,100.0,RED
031404001,14,40,1,0.0,GREEN
032508305,25,83,5,100.0,RED
030606705,06,67,5,0.0,GREEN
031005403,10,54,3,0.0,GREEN
031605104,16,51,4,100.0,RED
030201703,02,17,3,0.0,GREEN
030902204,09,22,4,0.0,GREEN
030705310,07,53,10,0.0,GREEN
031602206,16,22,6,100.0,RED
031601206,16,12,6,0.0,GREEN
031905805,19,58,5,0.0,GREEN
031906303,19,63,3,100.0,RED
031906305,19,63,5,100.0,RED
031906403,19,64,3,100.0,RED
031906405,19,64,5,0.0,GREEN
031906404,19,64,4,100.0,RED
031906506,19,65,6,100.0,RED
031906702,19,67,2,100.0,RED
031906706,19,67,6,100.0,RED
031906803,19,68,3,100.0,RED
034605002,46,50,2,100.0,RED
034605302,46,53,2,100.0,RED
034605701,46,57,1,0.0,GREEN
034606602,46,66,2,100.0,RED
030705004,07,50,4,0.0,GREEN
034607201,46,72,1,100.0,RED
034705601,47,56,1,0.0,GREEN
034705701,47,57,1,100.0,RED
031306305,13,63,5,0.0,GREEN
034705902,47,59,2,100.0,RED
031505603,15,56,3,0.0,GREEN
032001706,20,17,6,100.0,RED
032305201,23,52,1,100.0,RED
030704510,07,45,10,0.0,GREEN
031002303,10,23,3,0.0,GREEN
031404803,14,48,3,0.0,GREEN
031604306,16,43,6,0.0,GREEN
030102901,01,29,1,0.0,GREEN
030202106,02,21,6,0.0,GREEN
030905404,09,54,4,0.0,GREEN
030706805,07,68,5,0.0,GREEN
031400404,14,4,4,0.0,GREEN
032501206,25,12,6,100.0,RED
031101404,11,14,4,0.0,GREEN
031006205,10,62,5,0.0,GREEN
030900505,09,5,5,0.0,GREEN
032502002,25,20,2,0.0,GREEN
032505002,25,50,2,100.0,RED
030602103,06,21,3,0.0,GREEN
031101406,11,14,6,0.0,GREEN
032603001,26,30,1,100.0,RED
030901705,09,17,5,0.0,GREEN
030802705,08,27,5,0.0,GREEN
032702504,27,25,4,100.0,RED
032705003,27,50,3,0.0,GREEN
031302204,13,22,4,0.0,GREEN
032204102,22,41,2,100.0,RED
034800903,48,9,3,0.0,GREEN
031901004,19,10,4,100.0,RED
034706102,47,61,2,100.0,RED
032305303,23,53,3,100.0,RED
031906802,19,68,2,100.0,RED
032105202,21,52,2,100.0,RED
032206705,22,67,5,100.0,RED
031901303,19,13,3,100.0,RED
032002403,20,24,3,100.0,RED
032503503,25,35,3,100.0,RED
032505003,25,50,3,0.0,GREEN
032506206,25,62,6,0.0,GREEN
032601603,26,16,3,100.0,RED
032903805,29,38,5,100.0,RED
032903703,29,37,3,0.0,GREEN
034802503,48,25,3,0.0,GREEN
032002102,20,21,2,100.0,RED
032201402,22,14,2,100.0,RED
032400101,24,1,1,0.0,GREEN
030202105,02,21,5,0.0,GREEN
031103004,11,30,4,0.0,GREEN
031206403,12,64,3,100.0,RED
030103104,01,31,4,0.0,GREEN
030200203,02,2,3,0.0,GREEN
031200100,12,1,0,0.0,GREEN
031401906,14,19,6,0.0,GREEN
032102303,21,23,3,0.0,GREEN
030702103,07,21,3,0.0,GREEN
030501902,05,19,2,0.0,GREEN
030702703,07,27,3,0.0,GREEN
032501703,25,17,3,100.0,RED
030607002,06,70,2,0.0,GREEN
032908201,29,82,1,100.0,RED
030901805,09,18,5,0.0,GREEN
031102002,11,20,2,0.0,GREEN
031501503,15,15,3,0.0,GREEN
030402905,04,29,5,0.0,GREEN
031503803,15,38,3,0.0,GREEN
030904906,09,49,6,0.0,GREEN
030901803,09,18,3,0.0,GREEN
030602104,06,21,4,0.0,GREEN
032500303,25,3,3,0.0,GREEN
031002404,10,24,4,0.0,GREEN
031601405,16,14,5,0.0,GREEN
031106904,11,69,4,100.0,RED
030704606,07,46,6,0.0,GREEN
030903405,09,34,5,0.0,GREEN
031902101,19,21,1,100.0,RED
031001604,10,16,4,0.0,GREEN
031904804,19,48,4,100.0,RED
032405802,24,58,2,100.0,RED
031701902,17,19,2,300.0,RED
032604005,26,40,5,100.0,RED
031702902,17,29,2,100.0,RED
030703202,07,32,2,0.0,GREEN
031402704,14,27,4,0.0,GREEN
032204701,22,47,1,100.0,RED
032507505,25,75,5,0.0,GREEN
031305704,13,57,4,100.0,RED
032304601,23,46,1,100.0,RED
034300201,43,2,1,0.0,GREEN
031700702,17,7,2,200.0,RED
031201303,12,13,3,0.0,GREEN
030905205,09,52,5,0.0,GREEN
031103304,11,33,4,0.0,GREEN
031805100,18,51,0,100.0,RED
031805101,18,51,1,100.0,RED
032405106,24,51,6,0.0,GREEN
030704300,07,43,0,0.0,GREEN
031303204,13,32,4,0.0,GREEN
031602502,16,25,2,100.0,RED
031804601,18,46,1,100.0,RED
030902904,09,29,4,0.0,GREEN
030803305,08,33,5,0.0,GREEN
030805103,08,51,3,0.0,GREEN
031405402,14,54,2,100.0,RED
030402002,04,20,2,0.0,GREEN
032206305,22,63,5,0.0,GREEN
031205103,12,51,3,0.0,GREEN
032701905,27,19,5,100.0,RED
032905704,29,57,4,100.0,RED
032908005,29,80,5,0.0,GREEN
031303803,13,38,3,0.0,GREEN
031802000,18,20,0,100.0,RED
030303000,03,30,0,0.0,GREEN
034604104,46,41,4,0.0,GREEN
031200502,12,5,2,0.0,GREEN
031504601,15,46,1,0.0,GREEN
034604302,46,43,2,0.0,GREEN
031203703,12,37,3,0.0,GREEN
034202203,42,22,3,0.0,GREEN
034202301,42,23,1,0.0,GREEN
034202302,42,23,2,0.0,GREEN
034202303,42,23,3,0.0,GREEN
034202401,42,24,1,0.0,GREEN
034202402,42,24,2,0.0,GREEN
034202403,42,24,3,0.0,GREEN
034202501,42,25,1,0.0,GREEN
034202502,42,25,2,0.0,GREEN
034202503,42,25,3,0.0,GREEN
034202601,42,26,1,0.0,GREEN
034202602,42,26,2,0.0,GREEN
034202603,42,26,3,0.0,GREEN
034202701,42,27,1,0.0,GREEN
034202702,42,27,2,0.0,GREEN
034202703,42,27,3,0.0,GREEN
034300602,43,7,2,0.0,GREEN
034300701,43,8,1,0.0,GREEN
034300702,43,8,2,0.0,GREEN
034300703,43,8,3,0.0,GREEN
034300802,43,9,2,0.0,GREEN
034300901,43,10,1,0.0,GREEN
034300902,43,10,2,0.0,GREEN
034300903,43,10,3,0.0,GREEN
034301001,43,11,1,0.0,GREEN
034301002,43,11,2,0.0,GREEN
034301003,43,11,3,0.0,GREEN
034301101,43,12,1,0.0,GREEN
034301102,43,12,2,0.0,GREEN
034301103,43,12,3,0.0,GREEN
034300502,43,14,2,0.0,GREEN
034300503,43,14,3,0.0,GREEN
034301402,43,15,2,0.0,GREEN
034301403,43,15,3,0.0,GREEN
034301502,43,16,2,0.0,GREEN
034301503,43,16,3,0.0,GREEN
034301901,43,19,1,0.0,GREEN
034301903,43,19,3,0.0,GREEN
034302001,43,20,1,0.0,GREEN
034302002,43,20,2,0.0,GREEN
034302003,43,20,3,0.0,GREEN
034100304,41,3,4,0.0,GREEN
034100404,41,4,4,0.0,GREEN
034100504,41,5,4,0.0,GREEN
034100604,41,6,4,0.0,GREEN
034100704,41,7,4,0.0,GREEN
034100804,41,8,4,0.0,GREEN
034100904,41,9,4,0.0,GREEN
030701202,07,12,2,0.0,GREEN
031303505,13,35,5,100.0,RED
032706302,27,63,2,100.0,RED
030605200,06,52,0,200.0,RED
030303003,03,30,3,0.0,GREEN
030200904,02,9,4,0.0,GREEN
031105604,11,56,4,0.0,GREEN
030606103,06,61,3,0.0,GREEN
030606704,06,67,4,0.0,GREEN
030400104,04,1,4,0.0,GREEN
031405100,14,51,0,100.0,RED
031405104,14,51,4,0.0,GREEN
031506406,15,64,6,100.0,RED
031203305,12,33,5,0.0,GREEN
031401703,14,17,3,0.0,GREEN
031102505,11,25,5,0.0,GREEN
031001206,10,12,6,0.0,GREEN
031503005,15,30,5,0.0,GREEN
031302203,13,22,3,0.0,GREEN
031401503,14,15,3,0.0,GREEN
031404804,14,48,4,0.0,GREEN
030806005,08,60,5,0.0,GREEN
032702306,27,23,6,100.0,RED
032405205,24,52,5,0.0,GREEN
032604702,26,47,2,100.0,RED
032205205,22,52,5,0.0,GREEN
032306302,23,63,2,0.0,GREEN
032806501,28,65,1,100.0,RED
032806803,28,68,3,100.0,RED
032100903,21,9,3,100.0,RED
032105102,21,51,2,100.0,RED
034800500,48,5,0,0.0,GREEN
031901106,19,11,6,100.0,RED
032603801,26,38,1,100.0,RED
032303901,23,39,1,100.0,RED
031504105,15,41,5,0.0,GREEN
031601705,16,17,5,0.0,GREEN
031503306,15,33,6,0.0,GREEN
030604406,06,44,6,0.0,GREEN
032900904,29,9,4,0.0,GREEN
031700902,17,9,2,0.0,GREEN
032001903,20,19,3,100.0,RED
034801102,48,11,2,0.0,GREEN
031201603,12,16,3,0.0,GREEN
031805902,18,59,2,100.0,RED
034811510,48,115,10,0.0,GREEN
034812210,48,122,10,0.0,GREEN
032707704,27,77,4,100.0,RED
032609106,26,91,6,0.0,GREEN
032608906,26,89,6,100.0,RED
032303705,23,37,5,0.0,GREEN
032608706,26,87,6,0.0,GREEN
031206704,12,67,4,0.0,GREEN
032102906,21,29,6,100.0,RED
032205105,22,51,5,0.0,GREEN
031902305,19,23,5,100.0,RED
032606206,26,62,6,0.0,GREEN
032502504,25,25,4,100.0,RED
031106003,11,60,3,0.0,GREEN
032201104,22,11,4,100.0,RED
032600802,26,8,2,100.0,RED
030903706,09,37,6,0.0,GREEN
032809105,28,91,5,100.0,RED
032709103,27,91,3,100.0,RED
032305202,23,52,2,100.0,RED
032408801,24,88,1,0.0,GREEN
032408701,24,87,1,0.0,GREEN
032408601,24,86,1,0.0,GREEN
032408501,24,85,1,0.0,GREEN
032408401,24,84,1,0.0,GREEN
032408301,24,83,1,0.0,GREEN
032408201,24,82,1,0.0,GREEN
032408101,24,81,1,0.0,GREEN
032408001,24,80,1,0.0,GREEN
032407901,24,79,1,0.0,GREEN
032408002,24,80,2,0.0,GREEN
032408102,24,81,2,0.0,GREEN
032408202,24,82,2,0.0,GREEN
032407801,24,78,1,0.0,GREEN
034700306,47,3,6,0.0,GREEN
032407701,24,77,1,0.0,GREEN
032407401,24,74,1,0.0,GREEN
032407402,24,74,2,0.0,GREEN
032403801,24,38,1,0.0,GREEN
032407602,24,76,2,100.0,RED
032407603,24,76,3,100.0,RED
032407604,24,76,4,100.0,RED
032903004,29,30,4,0.0,GREEN
032707102,27,71,2,100.0,RED
034804904,48,49,4,0.0,GREEN
032903302,29,33,2,0.0,GREEN
030906705,09,67,5,0.0,GREEN
032303802,23,38,2,100.0,RED
032908902,29,89,2,100.0,RED
034801602,48,16,2,100.0,RED
034801703,48,17,3,0.0,GREEN
031400602,14,6,2,100.0,RED
030907601,09,76,1,0.0,GREEN
031201304,12,13,4,0.0,GREEN
031404802,14,48,2,100.0,RED
031406003,14,60,3,100.0,RED
030905806,09,58,6,0.0,GREEN
030703803,07,38,3,0.0,GREEN
032104805,21,48,5,0.0,GREEN
031804302,18,43,2,100.0,RED
032306706,23,67,6,0.0,GREEN
032406703,24,67,3,100.0,RED
032905005,29,50,5,0.0,GREEN
032002504,20,25,4,100.0,RED
030401104,04,11,4,0.0,GREEN
032203904,22,39,4,0.0,GREEN
032204301,22,43,1,100.0,RED
032004404,20,44,4,100.0,RED
032004504,20,45,4,0.0,GREEN
030200906,02,9,6,0.0,GREEN
032006806,20,68,6,100.0,RED
032506705,25,67,5,0.0,GREEN
032006906,20,69,6,0.0,GREEN
030906104,09,61,4,0.0,GREEN
031205600,12,56,0,100.0,RED
031205802,12,58,2,0.0,GREEN
032305906,23,59,6,0.0,GREEN
034801403,48,14,3,0.0,GREEN
032603106,26,31,6,0.0,GREEN
032205805,22,58,5,100.0,RED
031902005,19,20,5,100.0,RED
032702501,27,25,1,0.0,GREEN
032605302,26,53,2,100.0,RED
032204705,22,47,5,0.0,GREEN
032601804,26,18,4,100.0,RED
032602003,26,20,3,100.0,RED
032704702,27,47,2,100.0,RED
032504702,25,47,2,100.0,RED
032504802,25,48,2,100.0,RED
032101104,21,11,4,0.0,GREEN
032204004,22,40,4,100.0,RED
032206901,22,69,1,100.0,RED
032106003,21,60,3,100.0,RED
032405305,24,53,5,100.0,RED
031003605,10,36,5,0.0,GREEN
030801505,08,15,5,0.0,GREEN
032602506,26,25,6,0.0,GREEN
031101405,11,14,5,0.0,GREEN
031202305,12,23,5,0.0,GREEN
031404000,14,40,0,100.0,RED
031401203,14,12,3,0.0,GREEN
030904805,09,48,5,0.0,GREEN
032203406,22,34,6,0.0,GREEN
032901106,29,11,6,0.0,GREEN
032505001,25,50,1,100.0,RED
032307004,23,70,4,100.0,RED
032006701,20,67,1,100.0,RED
032103806,21,38,6,100.0,RED
032205601,22,56,1,100.0,RED
034706402,47,64,2,100.0,RED
034706303,47,63,3,100.0,RED
032601904,26,19,4,0.0,GREEN
032502402,25,24,2,100.0,RED
034606101,46,61,1,0.0,GREEN
032705603,27,56,3,100.0,RED
032003806,20,38,6,0.0,GREEN
032106905,21,69,5,0.0,GREEN
032101204,21,12,4,100.0,RED
032506903,25,69,3,100.0,RED
032601403,26,14,3,100.0,RED
032805003,28,50,3,100.0,RED
032101805,21,18,5,0.0,GREEN
032105402,21,54,2,100.0,RED
032106204,21,62,4,100.0,RED
031203903,12,39,3,0.0,GREEN
032304904,23,49,4,100.0,RED
030500204,05,2,4,0.0,GREEN
030600204,06,2,4,0.0,GREEN
032506602,25,66,2,100.0,RED
031001003,10,10,3,0.0,GREEN
030802605,08,26,5,0.0,GREEN
032908901,29,89,1,100.0,RED
030904004,09,40,4,0.0,GREEN
031702102,17,21,2,100.0,RED
030401702,04,17,2,0.0,GREEN
031303805,13,38,5,0.0,GREEN
031404604,14,46,4,0.0,GREEN
030604306,06,43,6,0.0,GREEN
030706203,07,62,3,0.0,GREEN
031106804,11,68,4,0.0,GREEN
032502202,25,22,2,100.0,RED
032503401,25,34,1,100.0,RED
032602501,26,25,1,100.0,RED
032500404,25,4,4,0.0,GREEN
030904404,09,44,4,0.0,GREEN
031206405,12,64,5,0.0,GREEN
032604501,26,45,1,100.0,RED
032605002,26,50,2,100.0,RED
031403404,14,34,4,100.0,RED
032605101,26,51,1,100.0,RED
031603106,16,31,6,0.0,GREEN
032605701,26,57,1,100.0,RED
032702402,27,24,2,0.0,GREEN
032706601,27,66,1,100.0,RED
032706901,27,69,1,100.0,RED
030403000,04,30,0,0.0,GREEN
032805802,28,58,2,100.0,RED
032908501,29,85,1,0.0,GREEN
031701502,17,15,2,100.0,RED
031504510,15,45,10,0.0,GREEN
031400606,14,6,6,0.0,GREEN
031203405,12,34,5,0.0,GREEN
031203804,12,38,4,0.0,GREEN
030805003,08,50,3,0.0,GREEN
030400705,04,7,5,0.0,GREEN
031605305,16,53,5,100.0,RED
030201304,02,13,4,0.0,GREEN
030806504,08,65,4,0.0,GREEN
031306004,13,60,4,0.0,GREEN
032305703,23,57,3,100.0,RED
034812013,48,120,13,0.0,GREEN
034812110,48,121,10,0.0,GREEN
032501301,25,13,1,100.0,RED
032101904,21,19,4,100.0,RED
031801202,18,12,2,100.0,RED
032005004,20,50,4,100.0,RED
031307005,13,70,5,100.0,RED
030807002,08,70,2,0.0,GREEN
031103802,11,38,2,0.0,GREEN
031402105,14,21,5,0.0,GREEN
032403110,24,31,10,0.0,GREEN
032402010,24,20,10,0.0,GREEN
032401710,24,17,10,0.0,GREEN
032401610,24,16,10,0.0,GREEN
032401310,24,13,10,0.0,GREEN
031200505,12,5,5,0.0,GREEN
032401010,24,10,10,0.0,GREEN
034802704,48,27,4,0.0,GREEN
030800102,08,1,2,0.0,GREEN
030700305,07,3,5,0.0,GREEN
031503304,15,33,4,0.0,GREEN
032005003,20,50,3,100.0,RED
031201702,12,17,2,0.0,GREEN
034811612,48,116,12,0.0,GREEN
034407101,44,71,1,0.0,GREEN
034705803,47,58,3,100.0,RED
031903501,19,35,1,100.0,RED
030602300,06,23,0,300.0,RED
031501603,15,16,3,0.0,GREEN
030502705,05,27,5,0.0,GREEN
030600504,06,5,4,0.0,GREEN
032300605,23,6,5,100.0,RED
032103405,21,34,5,0.0,GREEN
032703406,27,34,6,100.0,RED
031103401,11,34,1,0.0,GREEN
031103202,11,32,2,0.0,GREEN
032003701,20,37,1,100.0,RED
032802503,28,25,3,0.0,GREEN
031502603,15,26,3,0.0,GREEN
032301106,23,11,6,0.0,GREEN
032702806,27,28,6,0.0,GREEN
032405803,24,58,3,100.0,RED
032806403,28,64,3,100.0,RED
032105810,21,58,10,0.0,GREEN
032202302,22,23,2,100.0,RED
032300806,23,8,6,0.0,GREEN
031901502,19,15,2,100.0,RED
032802400,28,24,0,100.0,RED
034605503,46,55,3,100.0,RED
032302902,23,29,2,100.0,RED
031306403,13,64,3,100.0,RED
030800502,08,5,2,0.0,GREEN
031601103,16,11,3,0.0,GREEN
032908203,29,82,3,100.0,RED
032605706,26,57,6,0.0,GREEN
032504605,25,46,5,0.0,GREEN
032703605,27,36,5,100.0,RED
032903505,29,35,5,0.0,GREEN
032603306,26,33,6,0.0,GREEN
032907405,29,74,5,0.0,GREEN
030301700,03,17,0,100.0,RED
034606705,46,67,5,0.0,GREEN
031202605,12,26,5,0.0,GREEN
031506803,15,68,3,0.0,GREEN
031606606,16,66,6,100.0,RED
032602002,26,20,2,100.0,RED
030806705,08,67,5,0.0,GREEN
031701601,17,16,1,0.0,GREEN
031801801,18,18,1,100.0,RED
031606905,16,69,5,100.0,RED
031901005,19,10,5,0.0,GREEN
032001602,20,16,2,100.0,RED
032101803,21,18,3,0.0,GREEN
032201502,22,15,2,100.0,RED
032203101,22,31,1,100.0,RED
032809205,28,92,5,0.0,GREEN
032903905,29,39,5,0.0,GREEN
032907002,29,70,2,0.0,GREEN
032908904,29,89,4,0.0,GREEN
031003205,10,32,5,0.0,GREEN
031603003,16,30,3,0.0,GREEN
032200705,22,7,5,100.0,RED
032202502,22,25,2,100.0,RED
032205103,22,51,3,100.0,RED
032407102,24,71,2,200.0,RED
032302005,23,20,5,100.0,RED
032706402,27,64,2,100.0,RED
030802810,08,28,10,0.0,GREEN
032704603,27,46,3,0.0,GREEN
031904704,19,47,4,100.0,RED
030604005,06,40,5,0.0,GREEN
031701802,17,18,2,100.0,RED
031300802,13,8,2,0.0,GREEN
032206102,22,61,2,100.0,RED
032005704,20,57,4,100.0,RED
032601201,26,12,1,100.0,RED
031304304,13,43,4,0.0,GREEN
030502801,05,28,1,0.0,GREEN
030701900,07,19,0,0.0,GREEN
031803800,18,38,0,100.0,RED
031803802,18,38,2,0.0,GREEN
032802106,28,21,6,0.0,GREEN
032601101,26,11,1,100.0,RED
032805300,28,53,0,0.0,GREEN
031301002,13,10,2,100.0,RED
032501100,25,11,0,100.0,RED
030601003,06,10,3,0.0,GREEN
030800902,08,9,2,0.0,GREEN
030702003,07,20,3,0.0,GREEN
032101610,21,16,10,0.0,GREEN
030401303,04,13,3,0.0,GREEN
031201504,12,15,4,0.0,GREEN
031302003,13,20,3,0.0,GREEN
031803201,18,32,1,0.0,GREEN
034605904,46,59,4,0.0,GREEN
032702900,27,29,0,100.0,RED
031404103,14,41,3,100.0,RED
032105903,21,59,3,100.0,RED
030503306,05,33,6,0.0,GREEN
030705703,07,57,3,0.0,GREEN
032105304,21,53,4,0.0,GREEN
032004605,20,46,5,100.0,RED
031300203,13,2,3,0.0,GREEN
031301004,13,10,4,0.0,GREEN
031601703,16,17,3,0.0,GREEN
032901005,29,10,5,0.0,GREEN
031300404,13,4,4,0.0,GREEN
030804506,08,45,6,0.0,GREEN
031104704,11,47,4,0.0,GREEN
031105802,11,58,2,0.0,GREEN
030604701,06,47,1,0.0,GREEN
031603706,16,37,6,0.0,GREEN
030701503,07,15,3,0.0,GREEN
032206504,22,65,4,100.0,RED
032506805,25,68,5,0.0,GREEN
032507001,25,70,1,100.0,RED
032605504,26,55,4,100.0,RED
032204603,22,46,3,100.0,RED
032502304,25,23,4,100.0,RED
032400403,24,4,3,0.0,GREEN
034806601,48,66,1,100.0,RED
034705202,47,52,2,100.0,RED
034706202,47,62,2,100.0,RED
031500705,15,7,5,100.0,RED
031503506,15,35,6,0.0,GREEN
031604002,16,40,2,0.0,GREEN
031802100,18,21,0,100.0,RED
032202501,22,25,1,100.0,RED
032503901,25,39,1,100.0,RED
032601705,26,17,5,100.0,RED
032908302,29,83,2,100.0,RED
034804401,48,44,1,0.0,GREEN
032007203,20,72,3,0.0,GREEN
034604603,46,46,3,100.0,RED
032508601,25,86,1,100.0,RED
032001805,20,18,5,0.0,GREEN
032101503,21,15,3,100.0,RED
032006503,20,65,3,100.0,RED
032905102,29,51,2,0.0,GREEN
032203806,22,38,6,0.0,GREEN
032808702,28,87,2,100.0,RED
032605503,26,55,3,0.0,GREEN
032307204,23,72,4,100.0,RED
034607204,46,72,4,100.0,RED
034607304,46,73,4,100.0,RED
032903306,29,33,6,0.0,GREEN
032207102,22,71,2,100.0,RED
030807004,08,70,4,0.0,GREEN
031500903,15,9,3,0.0,GREEN
034604804,46,48,4,0.0,GREEN
032206203,22,62,3,100.0,RED
034604904,46,49,4,100.0,RED
030900604,09,6,4,0.0,GREEN
034605204,46,52,4,0.0,GREEN
034605003,46,50,3,100.0,RED
034605103,46,51,3,100.0,RED
032604302,26,43,2,100.0,RED
031804502,18,45,2,100.0,RED
030100601,01,6,1,0.0,GREEN
034605304,46,53,4,0.0,GREEN
031503001,15,30,1,0.0,GREEN
034605504,46,55,4,0.0,GREEN
034605303,46,53,3,100.0,RED
031605003,16,50,3,0.0,GREEN
031106905,11,69,5,0.0,GREEN
031603505,16,35,5,100.0,RED
034605804,46,58,4,0.0,GREEN
032702301,27,23,1,100.0,RED
031604506,16,45,6,0.0,GREEN
031206802,12,68,2,0.0,GREEN
034705604,47,56,4,0.0,GREEN
032704304,27,43,4,100.0,RED
032302305,23,23,5,0.0,GREEN
034706302,47,63,2,100.0,RED
032306103,23,61,3,100.0,RED
032701901,27,19,1,100.0,RED
032905004,29,50,4,0.0,GREEN
032203203,22,32,3,100.0,RED
032500304,25,3,4,0.0,GREEN
032500502,25,5,2,0.0,GREEN
031305103,13,51,3,0.0,GREEN
031002403,10,24,3,0.0,GREEN
030503005,05,30,5,0.0,GREEN
030202005,02,20,5,0.0,GREEN
032004803,20,48,3,100.0,RED
030500600,05,6,0,200.0,RED
030702602,07,26,2,0.0,GREEN
030101201,01,12,1,0.0,GREEN
031101605,11,16,5,0.0,GREEN
031100904,11,9,4,0.0,GREEN
034606803,46,68,3,100.0,RED
034607003,46,70,3,0.0,GREEN
031604102,16,41,2,0.0,GREEN
034705704,47,57,4,0.0,GREEN
032301010,23,10,10,0.0,GREEN
034705804,47,58,4,0.0,GREEN
032301310,23,13,10,0.0,GREEN
031501806,15,18,6,0.0,GREEN
032301610,23,16,10,0.0,GREEN
032301710,23,17,10,0.0,GREEN
032302010,23,20,10,0.0,GREEN
031503505,15,35,5,0.0,GREEN
032303010,23,30,10,0.0,GREEN
031304606,13,46,6,0.0,GREEN
031006803,10,68,3,0.0,GREEN
030803705,08,37,5,0.0,GREEN
030607006,06,70,6,0.0,GREEN
032303810,23,38,10,0.0,GREEN
032304110,23,41,10,0.0,GREEN
032304410,23,44,10,0.0,GREEN
032304510,23,45,10,0.0,GREEN
034806805,48,68,5,100.0,RED
034806905,48,69,5,0.0,GREEN
032305110,23,51,10,0.0,GREEN
032305210,23,52,10,0.0,GREEN
032305510,23,55,10,0.0,GREEN
034806305,48,63,5,0.0,GREEN
032205210,22,52,10,0.0,GREEN
032205110,22,51,10,0.0,GREEN
032204810,22,48,10,0.0,GREEN
032204510,22,45,10,0.0,GREEN
031001704,10,17,4,0.0,GREEN
034804405,48,44,5,100.0,RED
032205810,22,58,10,0.0,GREEN
032204110,22,41,10,0.0,GREEN
032203810,22,38,10,0.0,GREEN
032203710,22,37,10,0.0,GREEN
032203410,22,34,10,0.0,GREEN
034804205,48,42,5,0.0,GREEN
034804805,48,48,5,0.0,GREEN
031306703,13,67,3,100.0,RED
030705902,07,59,2,0.0,GREEN
034804705,48,47,5,100.0,RED
034805105,48,51,5,100.0,RED
032202710,22,27,10,0.0,GREEN
032202410,22,24,10,0.0,GREEN
032202310,22,23,10,0.0,GREEN
032202010,22,20,10,0.0,GREEN
032201710,22,17,10,0.0,GREEN
032201610,22,16,10,0.0,GREEN
032201310,22,13,10,0.0,GREEN
032201010,22,10,10,0.0,GREEN
030303005,03,30,5,0.0,GREEN
032101710,21,17,10,0.0,GREEN
032102010,21,20,10,0.0,GREEN
030702205,07,22,5,0.0,GREEN
032102310,21,23,10,0.0,GREEN
031006306,10,63,6,0.0,GREEN
031402903,14,29,3,100.0,RED
031205403,12,54,3,100.0,RED
031103105,11,31,5,0.0,GREEN
030702104,07,21,4,0.0,GREEN
031702703,17,27,3,0.0,GREEN
032708803,27,88,3,100.0,RED
032203005,22,30,5,0.0,GREEN
030905305,09,53,5,0.0,GREEN
031600505,16,5,5,100.0,RED
031200104,12,1,4,0.0,GREEN
031405503,14,55,3,0.0,GREEN
030706102,07,61,2,0.0,GREEN
031705502,17,55,2,0.0,GREEN
031106205,11,62,5,0.0,GREEN
031100206,11,2,6,0.0,GREEN
032305405,23,54,5,0.0,GREEN
030301503,03,15,3,0.0,GREEN
031404703,14,47,3,0.0,GREEN
031502304,15,23,4,0.0,GREEN
030705504,07,55,4,0.0,GREEN
031504802,15,48,2,100.0,RED
031304202,13,42,2,0.0,GREEN
031304802,13,48,2,100.0,RED
031305102,13,51,2,0.0,GREEN
031302402,13,24,2,0.0,GREEN
031302702,13,27,2,0.0,GREEN
031403602,14,36,2,0.0,GREEN
031405102,14,51,2,100.0,RED
031301802,13,18,2,0.0,GREEN
031302102,13,21,2,100.0,RED
031406902,14,69,2,0.0,GREEN
031500602,15,6,2,100.0,RED
032705001,27,50,1,100.0,RED
032201105,22,11,5,0.0,GREEN
032601102,26,11,2,100.0,RED
032001006,20,10,6,0.0,GREEN
032605102,26,51,2,100.0,RED
032603305,26,33,5,100.0,RED
032104205,21,42,5,100.0,RED
030202104,02,21,4,0.0,GREEN
032501902,25,19,2,100.0,RED
032405605,24,56,5,0.0,GREEN
032504405,25,44,5,100.0,RED
032406606,24,66,6,100.0,RED
032901004,29,10,4,0.0,GREEN
032605904,26,59,4,100.0,RED
030901406,09,14,6,0.0,GREEN
031601603,16,16,3,0.0,GREEN
030805501,08,55,1,0.0,GREEN
031401504,14,15,4,0.0,GREEN
030402104,04,21,4,0.0,GREEN
031202204,12,22,4,0.0,GREEN
032206304,22,63,4,100.0,RED
032102803,21,28,3,0.0,GREEN
032102806,21,28,6,0.0,GREEN
032001506,20,15,6,100.0,RED
032205204,22,52,4,100.0,RED
032405904,24,59,4,100.0,RED
032407006,24,70,6,100.0,RED
032909201,29,92,1,100.0,RED
031900804,19,8,4,100.0,RED
032203501,22,35,1,100.0,RED
031301303,13,13,3,100.0,RED
032304502,23,45,2,100.0,RED
031705403,17,54,3,100.0,RED
032402402,24,24,2,100.0,RED
031606906,16,69,6,100.0,RED
031705302,17,53,2,100.0,RED
030101401,01,14,1,100.0,RED
032803805,28,38,5,0.0,GREEN
030101903,01,19,3,100.0,RED
030100702,01,7,2,0.0,GREEN
031101705,11,17,5,0.0,GREEN
030906806,09,68,6,0.0,GREEN
031004206,10,42,6,0.0,GREEN
032405103,24,51,3,100.0,RED
032808503,28,85,3,100.0,RED
032101001,21,10,1,100.0,RED
030901403,09,14,3,0.0,GREEN
030606403,06,64,3,0.0,GREEN
030606404,06,64,4,0.0,GREEN
030705103,07,51,3,0.0,GREEN
030706706,07,67,6,0.0,GREEN
030302903,03,29,3,0.0,GREEN
030302005,03,20,5,0.0,GREEN
030604703,06,47,3,0.0,GREEN
031501205,15,12,5,0.0,GREEN
030400503,04,5,3,0.0,GREEN
030300705,03,7,5,0.0,GREEN
030806604,08,66,4,0.0,GREEN
030300105,03,1,5,0.0,GREEN
031906505,19,65,5,0.0,GREEN
030806405,08,64,5,0.0,GREEN
031503804,15,38,4,0.0,GREEN
031504001,15,40,1,100.0,RED
031405404,14,54,4,100.0,RED
032305002,23,50,2,100.0,RED
032304103,23,41,3,0.0,GREEN
030900805,09,8,5,0.0,GREEN
031302206,13,22,6,0.0,GREEN
030705805,07,58,5,0.0,GREEN
032505703,25,57,3,100.0,RED
030303002,03,30,2,0.0,GREEN
031102304,11,23,4,0.0,GREEN
031304203,13,42,3,0.0,GREEN
031702302,17,23,2,100.0,RED
032805502,28,55,2,0.0,GREEN
032900704,29,7,4,0.0,GREEN
032908204,29,82,4,100.0,RED
032100606,21,6,6,0.0,GREEN
032106202,21,62,2,0.0,GREEN
032200606,22,6,6,100.0,RED
032303306,23,33,6,0.0,GREEN
032301202,23,12,2,100.0,RED
031901104,19,11,4,100.0,RED
032003306,20,33,6,0.0,GREEN
032603904,26,39,4,100.0,RED
030603006,06,30,6,0.0,GREEN
030300706,03,7,6,0.0,GREEN
030703806,07,38,6,0.0,GREEN
031405004,14,50,4,100.0,RED
030802706,08,27,6,0.0,GREEN
030705603,07,56,3,0.0,GREEN
031305906,13,59,6,0.0,GREEN
031406706,14,67,6,0.0,GREEN
034805301,48,53,1,100.0,RED
032503704,25,37,4,0.0,GREEN
032201306,22,13,6,0.0,GREEN
032006602,20,66,2,100.0,RED
034706201,47,62,1,100.0,RED
031102202,11,22,2,0.0,GREEN
032508502,25,85,2,100.0,RED
030200606,02,6,6,0.0,GREEN
030300205,03,2,5,0.0,GREEN
030603404,06,34,4,0.0,GREEN
030303006,03,30,6,0.0,GREEN
032402302,24,23,2,0.0,GREEN
034507101,45,71,1,0.0,GREEN
031305601,13,56,1,0.0,GREEN
034805005,48,50,5,100.0,RED
032401803,24,18,3,0.0,GREEN
032402301,24,23,1,100.0,RED
034805205,48,52,5,100.0,RED
030706504,07,65,4,0.0,GREEN
032402501,24,25,1,100.0,RED
034804905,48,49,5,100.0,RED
032402401,24,24,1,100.0,RED
032400201,24,2,1,0.0,GREEN
030901505,09,15,5,0.0,GREEN
032400801,24,8,1,100.0,RED
032401001,24,10,1,100.0,RED
030400902,04,9,2,0.0,GREEN
032400302,24,3,2,0.0,GREEN
032401503,24,15,3,100.0,RED
032400202,24,2,2,0.0,GREEN
031102705,11,27,5,0.0,GREEN
031206205,12,62,5,0.0,GREEN
032508806,25,88,6,0.0,GREEN
031306704,13,67,4,0.0,GREEN
030902606,09,26,6,0.0,GREEN
031100902,11,9,2,0.0,GREEN
032607502,26,75,2,0.0,GREEN
031106302,11,63,2,0.0,GREEN
034800603,48,6,3,100.0,RED
032801805,28,18,5,0.0,GREEN
032402403,24,24,3,0.0,GREEN
034505601,45,56,1,0.0,GREEN
034505901,45,59,1,100.0,RED
034801101,48,11,1,100.0,RED
034506001,45,60,1,0.0,GREEN
031304006,13,40,6,0.0,GREEN
034800205,48,2,5,0.0,GREEN
034800206,48,2,6,0.0,GREEN
032900603,29,6,3,100.0,RED
032504700,25,47,0,100.0,RED
030201805,02,18,5,0.0,GREEN
031604600,16,46,0,100.0,RED
031304000,13,40,0,100.0,RED
030302803,03,28,3,0.0,GREEN
034506101,45,61,1,0.0,GREEN
034800704,48,7,4,0.0,GREEN
034506002,45,60,2,0.0,GREEN
034800305,48,3,5,0.0,GREEN
034505902,45,59,2,0.0,GREEN
031005205,10,52,5,0.0,GREEN
031506706,15,67,6,100.0,RED
030501401,05,14,1,0.0,GREEN
031004204,10,42,4,0.0,GREEN
030903502,09,35,2,0.0,GREEN
030200802,02,8,2,0.0,GREEN
034801103,48,11,3,0.0,GREEN
032909205,29,92,5,0.0,GREEN
030300503,03,5,3,0.0,GREEN
031100103,11,1,3,0.0,GREEN
030605105,06,51,5,0.0,GREEN
031904602,19,46,2,100.0,RED
032703300,27,33,0,100.0,RED
031203503,12,35,3,0.0,GREEN
031704303,17,43,3,100.0,RED
031502706,15,27,6,0.0,GREEN
031500103,15,1,3,0.0,GREEN
031400405,14,4,5,0.0,GREEN
030802105,08,21,5,0.0,GREEN
031302503,13,25,3,0.0,GREEN
030100104,01,1,4,100.0,RED
031000602,10,6,2,0.0,GREEN
031205601,12,56,1,0.0,GREEN
034704101,47,41,1,200.0,RED
032004403,20,44,3,100.0,RED
032106803,21,68,3,0.0,GREEN
032203703,22,37,3,100.0,RED
030704910,07,49,10,0.0,GREEN
034802000,48,20,0,0.0,GREEN
032003201,20,32,1,100.0,RED
034803000,48,30,0,0.0,GREEN
032602004,26,20,4,100.0,RED
032001606,20,16,6,100.0,RED
030605106,06,51,6,0.0,GREEN
031104903,11,49,3,0.0,GREEN
030704505,07,45,5,0.0,GREEN
032104704,21,47,4,0.0,GREEN
032303006,23,30,6,0.0,GREEN
032004105,20,41,5,100.0,RED
032206303,22,63,3,100.0,RED
032902504,29,25,4,0.0,GREEN
032901804,29,18,4,0.0,GREEN
032708301,27,83,1,100.0,RED
032106404,21,64,4,100.0,RED
032303301,23,33,1,100.0,RED
030902304,09,23,4,0.0,GREEN
034812713,48,127,13,0.0,GREEN
031302505,13,25,5,0.0,GREEN
032404400,24,44,0,100.0,RED
031206805,12,68,5,0.0,GREEN
031305005,13,50,5,0.0,GREEN
031403305,14,33,5,0.0,GREEN
031606306,16,63,6,100.0,RED
032605104,26,51,4,0.0,GREEN
031505005,15,50,5,0.0,GREEN
030403306,04,33,6,0.0,GREEN
031002706,10,27,6,0.0,GREEN
031803902,18,39,2,100.0,RED
031805102,18,51,2,100.0,RED
032104503,21,45,3,100.0,RED
031804902,18,49,2,100.0,RED
032804805,28,48,5,0.0,GREEN
031705602,17,56,2,0.0,GREEN
030906304,09,63,4,0.0,GREEN
032406004,24,60,4,100.0,RED
030906702,09,67,2,0.0,GREEN
032508503,25,85,3,100.0,RED
031002305,10,23,5,0.0,GREEN
030903902,09,39,2,0.0,GREEN
031602305,16,23,5,0.0,GREEN
031501403,15,14,3,0.0,GREEN
031402400,14,24,0,100.0,RED
030701806,07,18,6,0.0,GREEN
031901801,19,18,1,100.0,RED
032100701,21,7,1,0.0,GREEN
031503205,15,32,5,0.0,GREEN
030801903,08,19,3,0.0,GREEN
032808802,28,88,2,100.0,RED
030704803,07,48,3,0.0,GREEN
030201601,02,16,1,0.0,GREEN
030500806,05,8,6,0.0,GREEN
031205104,12,51,4,0.0,GREEN
032103410,21,34,10,0.0,GREEN
032103710,21,37,10,0.0,GREEN
032104110,21,41,10,0.0,GREEN
032104510,21,45,10,0.0,GREEN
032104810,21,48,10,0.0,GREEN
032105110,21,51,10,0.0,GREEN
032105210,21,52,10,0.0,GREEN
032105510,21,55,10,0.0,GREEN
032005810,20,58,10,0.0,GREEN
032005210,20,52,10,0.0,GREEN
031004305,10,43,5,0.0,GREEN
032005110,20,51,10,0.0,GREEN
032004510,20,45,10,0.0,GREEN
032004410,20,44,10,0.0,GREEN
032004110,20,41,10,0.0,GREEN
032003810,20,38,10,0.0,GREEN
030904704,09,47,4,0.0,GREEN
032003110,20,31,10,0.0,GREEN
032002410,20,24,10,0.0,GREEN
032002010,20,20,10,0.0,GREEN
032001710,20,17,10,0.0,GREEN
032001310,20,13,10,0.0,GREEN
032001010,20,10,10,100.0,RED
032206602,22,66,2,0.0,GREEN
032905906,29,59,6,0.0,GREEN
032306603,23,66,3,100.0,RED
032903200,29,32,0,100.0,RED
032306904,23,69,4,100.0,RED
032504603,25,46,3,100.0,RED
032509203,25,92,3,100.0,RED
030800106,08,1,6,0.0,GREEN
031504703,15,47,3,100.0,RED
031606105,16,61,5,100.0,RED
031105406,11,54,6,0.0,GREEN
031605006,16,50,6,100.0,RED
031902902,19,29,2,100.0,RED
031907002,19,70,2,100.0,RED
031902904,19,29,4,0.0,GREEN
031903003,19,30,3,100.0,RED
031903102,19,31,2,100.0,RED
031903103,19,31,3,0.0,GREEN
031903402,19,34,2,100.0,RED
032306303,23,63,3,100.0,RED
031903203,19,32,3,100.0,RED
031903303,19,33,3,100.0,RED
030706106,07,61,6,0.0,GREEN
031904003,19,40,3,100.0,RED
031904404,19,44,4,0.0,GREEN
031904402,19,44,2,100.0,RED
031904505,19,45,5,0.0,GREEN
031904801,19,48,1,100.0,RED
031905606,19,56,6,0.0,GREEN
034604701,46,47,1,100.0,RED
034604901,46,49,1,100.0,RED
030600602,06,6,2,0.0,GREEN
030605405,06,54,5,0.0,GREEN
031303503,13,35,3,0.0,GREEN
031203606,12,36,6,0.0,GREEN
034804305,48,43,5,0.0,GREEN
031106403,11,64,3,100.0,RED
031604904,16,49,4,0.0,GREEN
031601202,16,12,2,100.0,RED
031301406,13,14,6,0.0,GREEN
030500505,05,5,5,0.0,GREEN
031906904,19,69,4,0.0,GREEN
031906705,19,67,5,100.0,RED
031506405,15,64,5,100.0,RED
031002205,10,22,5,0.0,GREEN
031904001,19,40,1,100.0,RED
030801202,08,12,2,0.0,GREEN
030102603,01,26,3,0.0,GREEN
030901804,09,18,4,0.0,GREEN
030402702,04,27,2,0.0,GREEN
031004804,10,48,4,0.0,GREEN
031400704,14,7,4,0.0,GREEN
031501404,15,14,4,100.0,RED
031603405,16,34,5,0.0,GREEN
031400503,14,5,3,100.0,RED
030804102,08,41,2,0.0,GREEN
031902205,19,22,5,100.0,RED
032102306,21,23,6,100.0,RED
032103805,21,38,5,100.0,RED
032106303,21,63,3,100.0,RED
032200804,22,8,4,0.0,GREEN
032400803,24,8,3,100.0,RED
032807202,28,72,2,100.0,RED
032306403,23,64,3,100.0,RED
034607002,46,70,2,0.0,GREEN
032405202,24,52,2,100.0,RED
034606902,46,69,2,100.0,RED
034606701,46,67,1,100.0,RED
034606401,46,64,1,100.0,RED
032701801,27,18,1,100.0,RED
034606301,46,63,1,100.0,RED
032406506,24,65,6,100.0,RED
034605401,46,54,1,100.0,RED
032501803,25,18,3,100.0,RED
034605501,46,55,1,100.0,RED
034607101,46,71,1,100.0,RED
032502404,25,24,4,100.0,RED
032508804,25,88,4,100.0,RED
030601306,06,13,6,0.0,GREEN
032206805,22,68,5,100.0,RED
031503002,15,30,2,0.0,GREEN
032509204,25,92,4,100.0,RED
031906402,19,64,2,100.0,RED
030604204,06,42,4,0.0,GREEN
030801603,08,16,3,0.0,GREEN
032603803,26,38,3,0.0,GREEN
031906102,19,61,2,100.0,RED
031906103,19,61,3,100.0,RED
032604805,26,48,5,0.0,GREEN
031906003,19,60,3,100.0,RED
030805802,08,58,2,0.0,GREEN
031906002,19,60,2,100.0,RED
031905902,19,59,2,100.0,RED
032605703,26,57,3,100.0,RED
031905702,19,57,2,100.0,RED
031905504,19,55,4,100.0,RED
032904404,29,44,4,0.0,GREEN
030402606,04,26,6,0.0,GREEN
034800801,48,8,1,100.0,RED
034800901,48,9,1,0.0,GREEN
034800501,48,5,1,0.0,GREEN
034801104,48,11,4,0.0,GREEN
034800201,48,2,1,0.0,GREEN
034800301,48,3,1,0.0,GREEN
034800601,48,6,1,0.0,GREEN
034800701,48,7,1,0.0,GREEN
034100102,41,1,2,0.0,GREEN
031903302,19,33,2,100.0,RED
031903504,19,35,4,100.0,RED
032806903,28,69,3,100.0,RED
031904002,19,40,2,100.0,RED
031905002,19,50,2,100.0,RED
032808402,28,84,2,100.0,RED
031905503,19,55,3,100.0,RED
030303302,03,33,2,0.0,GREEN
031905405,19,54,5,100.0,RED
032909104,29,91,4,100.0,RED
031905404,19,54,4,100.0,RED
031905403,19,54,3,100.0,RED
031905302,19,53,2,100.0,RED
031905402,19,54,2,100.0,RED
032404810,24,48,10,0.0,GREEN
031905102,19,51,2,100.0,RED
031905204,19,52,4,100.0,RED
031905103,19,51,3,100.0,RED
031905202,19,52,2,100.0,RED
031606300,16,63,0,100.0,RED
032404510,24,45,10,0.0,GREEN
032402410,24,24,10,0.0,GREEN
031005302,10,53,2,0.0,GREEN
031405905,14,59,5,0.0,GREEN
030904006,09,40,6,0.0,GREEN
030904806,09,48,6,0.0,GREEN
032805403,28,54,3,100.0,RED
030804303,08,43,3,0.0,GREEN
031003903,10,39,3,0.0,GREEN
030101302,01,13,2,100.0,RED
031306001,13,60,1,0.0,GREEN
030602205,06,22,5,0.0,GREEN
032106805,21,68,5,0.0,GREEN
031800701,18,7,1,0.0,GREEN
030400701,04,7,1,0.0,GREEN
030703504,07,35,4,0.0,GREEN
031105704,11,57,4,0.0,GREEN
031001103,10,11,3,0.0,GREEN
031105403,11,54,3,0.0,GREEN
031504905,15,49,5,0.0,GREEN
030501502,05,15,2,0.0,GREEN
031605303,16,53,3,100.0,RED
031206604,12,66,4,100.0,RED
032205002,22,50,2,100.0,RED
031600604,16,6,4,0.0,GREEN
031605106,16,51,6,0.0,GREEN
031201206,12,12,6,0.0,GREEN
031101506,11,15,6,0.0,GREEN
032803402,28,34,2,100.0,RED
031105706,11,57,6,0.0,GREEN
030603805,06,38,5,0.0,GREEN
031404903,14,49,3,100.0,RED
032103502,21,35,2,100.0,RED
031603905,16,39,5,0.0,GREEN
030601302,06,13,2,0.0,GREEN
030806105,08,61,5,0.0,GREEN
031105801,11,58,1,0.0,GREEN
031504506,15,45,6,0.0,GREEN
030603405,06,34,5,0.0,GREEN
031105502,11,55,2,0.0,GREEN
031204104,12,41,4,0.0,GREEN
032202406,22,24,6,0.0,GREEN
032702102,27,21,2,100.0,RED
032203103,22,31,3,100.0,RED
032405001,24,50,1,100.0,RED
032200504,22,5,4,0.0,GREEN
031902002,19,20,2,100.0,RED
032201601,22,16,1,100.0,RED
030501000,05,10,0,100.0,RED
031604005,16,40,5,0.0,GREEN
031403603,14,36,3,100.0,RED
031300503,13,5,3,0.0,GREEN
032406604,24,66,4,100.0,RED
032502006,25,20,6,100.0,RED
031502902,15,29,2,0.0,GREEN
030101702,01,17,2,100.0,RED
030600205,06,2,5,0.0,GREEN
031501704,15,17,4,100.0,RED
031201705,12,17,5,0.0,GREEN
031506305,15,63,5,100.0,RED
030803904,08,39,4,0.0,GREEN
030100502,01,5,2,0.0,GREEN
031702301,17,23,1,100.0,RED
031001102,10,11,2,0.0,GREEN
031804603,18,46,3,100.0,RED
031502403,15,24,3,0.0,GREEN
030803802,08,38,2,0.0,GREEN
031503102,15,31,2,0.0,GREEN
031604103,16,41,3,0.0,GREEN
030904702,09,47,2,0.0,GREEN
032900406,29,4,6,0.0,GREEN
032900306,29,3,6,0.0,GREEN
032600304,26,3,4,0.0,GREEN
032600405,26,4,5,0.0,GREEN
032700405,27,4,5,0.0,GREEN
032700304,27,3,4,0.0,GREEN
032800405,28,4,5,0.0,GREEN
032800304,28,3,4,0.0,GREEN
032800305,28,3,5,0.0,GREEN
032700104,27,1,4,0.0,GREEN
032800406,28,4,6,0.0,GREEN
032700305,27,3,5,0.0,GREEN
032700404,27,4,4,0.0,GREEN
032800404,28,4,4,100.0,RED
032600404,26,4,4,0.0,GREEN
031400105,14,1,5,0.0,GREEN
031104503,11,45,3,0.0,GREEN
030700205,07,2,5,0.0,GREEN
031501006,15,10,6,0.0,GREEN
030301404,03,14,4,0.0,GREEN
032202300,22,23,0,0.0,GREEN
030202802,02,28,2,0.0,GREEN
032605405,26,54,5,0.0,GREEN
030402303,04,23,3,0.0,GREEN
031400104,14,1,4,0.0,GREEN
030500506,05,5,6,0.0,GREEN
030402005,04,20,5,0.0,GREEN
030803402,08,34,2,0.0,GREEN
030805502,08,55,2,0.0,GREEN
031003704,10,37,4,0.0,GREEN
031004506,10,45,6,0.0,GREEN
031406903,14,69,3,100.0,RED
030601001,06,10,1,0.0,GREEN
031401003,14,10,3,100.0,RED
030706305,07,63,5,0.0,GREEN
030402306,04,23,6,0.0,GREEN
032206202,22,62,2,100.0,RED
032604804,26,48,4,100.0,RED
032100906,21,9,6,100.0,RED
032508204,25,82,4,0.0,GREEN
032808502,28,85,2,100.0,RED
031403002,14,30,2,0.0,GREEN
030601805,06,18,5,0.0,GREEN
031300805,13,8,5,0.0,GREEN
032701701,27,17,1,100.0,RED
031303903,13,39,3,100.0,RED
032401003,24,10,3,100.0,RED
032400903,24,9,3,100.0,RED
031800102,18,1,2,0.0,GREEN
030802702,08,27,2,0.0,GREEN
030603703,06,37,3,0.0,GREEN
030103003,01,30,3,0.0,GREEN
030603206,06,32,6,0.0,GREEN
031605903,16,59,3,200.0,RED
031701702,17,17,2,300.0,RED
030806010,08,60,10,0.0,GREEN
031103403,11,34,3,0.0,GREEN
031204005,12,40,5,0.0,GREEN
032608306,26,83,6,0.0,GREEN
032608106,26,81,6,0.0,GREEN
031304502,13,45,2,100.0,RED
031304501,13,45,1,0.0,GREEN
031903706,19,37,6,0.0,GREEN
031302601,13,26,1,0.0,GREEN
030302504,03,25,4,0.0,GREEN
031103804,11,38,4,0.0,GREEN
031503806,15,38,6,0.0,GREEN
031202902,12,29,2,0.0,GREEN
030703905,07,39,5,0.0,GREEN
030703705,07,37,5,0.0,GREEN
032702202,27,22,2,100.0,RED
032904405,29,44,5,0.0,GREEN
032609006,26,90,6,0.0,GREEN
032106603,21,66,3,100.0,RED
030603603,06,36,3,0.0,GREEN
031505706,15,57,6,0.0,GREEN
031603906,16,39,6,100.0,RED
030806902,08,69,2,0.0,GREEN
031406305,14,63,5,0.0,GREEN
031402904,14,29,4,100.0,RED
031103502,11,35,2,0.0,GREEN
030905904,09,59,4,0.0,GREEN
030805606,08,56,6,0.0,GREEN
030503106,05,31,6,0.0,GREEN
031902105,19,21,5,0.0,GREEN
032204001,22,40,1,100.0,RED
031003102,10,31,2,0.0,GREEN
030806304,08,63,4,0.0,GREEN
031401305,14,13,5,0.0,GREEN
030301305,03,13,5,0.0,GREEN
030301705,03,17,5,0.0,GREEN
031705801,17,58,1,100.0,RED
032602504,26,25,4,100.0,RED
032101306,21,13,6,0.0,GREEN
032306705,23,67,5,100.0,RED
032201806,22,18,6,0.0,GREEN
032508403,25,84,3,100.0,RED
032709105,27,91,5,0.0,GREEN
030700902,07,9,2,0.0,GREEN
031202002,12,20,2,0.0,GREEN
032303106,23,31,6,100.0,RED
032603806,26,38,6,0.0,GREEN
031005703,10,57,3,0.0,GREEN
031301003,13,10,3,0.0,GREEN
030502505,05,25,5,0.0,GREEN
032401700,24,17,0,0.0,GREEN
032505606,25,56,6,0.0,GREEN
032201406,22,14,6,0.0,GREEN
030706205,07,62,5,0.0,GREEN
031705303,17,53,3,0.0,GREEN
032808706,28,87,6,0.0,GREEN
032808806,28,88,6,0.0,GREEN
032808906,28,89,6,100.0,RED
032808506,28,85,6,0.0,GREEN
032808606,28,86,6,100.0,RED
032807606,28,76,6,0.0,GREEN
032807506,28,75,6,0.0,GREEN
032807306,28,73,6,0.0,GREEN
032807406,28,74,6,0.0,GREEN
032806806,28,68,6,100.0,RED
032809006,28,90,6,0.0,GREEN
032809106,28,91,6,0.0,GREEN
032809206,28,92,6,0.0,GREEN
030303205,03,32,5,0.0,GREEN
032607606,26,76,6,0.0,GREEN
032607506,26,75,6,100.0,RED
032607406,26,74,6,100.0,RED
032607206,26,72,6,0.0,GREEN
032607006,26,70,6,100.0,RED
032003010,20,30,10,0.0,GREEN
032606906,26,69,6,0.0,GREEN
032606806,26,68,6,0.0,GREEN
031805900,18,59,0,100.0,RED
032606706,26,67,6,0.0,GREEN
032606606,26,66,6,0.0,GREEN
032606306,26,63,6,0.0,GREEN
032605106,26,51,6,100.0,RED
032202303,22,23,3,100.0,RED
031604104,16,41,4,0.0,GREEN
032206103,22,61,3,0.0,GREEN
030703305,07,33,5,0.0,GREEN
032301405,23,14,5,0.0,GREEN
030602503,06,25,3,0.0,GREEN
030101104,01,11,4,100.0,RED
031500502,15,5,2,100.0,RED
031501105,15,11,5,0.0,GREEN
034301902,43,19,2,0.0,GREEN
032407403,24,74,3,0.0,GREEN
030802403,08,24,3,0.0,GREEN
030300804,03,8,4,0.0,GREEN
032407404,24,74,4,0.0,GREEN
030200900,02,9,0,0.0,GREEN
034707101,47,71,1,100.0,RED
032605301,26,53,1,100.0,RED
034802802,48,28,2,100.0,RED
030202300,02,23,0,0.0,GREEN
031104604,11,46,4,0.0,GREEN
032307205,23,72,5,100.0,RED
031706601,17,66,1,100.0,RED
032501700,25,17,0,0.0,GREEN
031104702,11,47,2,0.0,GREEN
032304303,23,43,3,100.0,RED
032303704,23,37,4,100.0,RED
031402804,14,28,4,0.0,GREEN
032206003,22,60,3,100.0,RED
031407005,14,70,5,0.0,GREEN
032405606,24,56,6,0.0,GREEN
032002302,20,23,2,100.0,RED
030701902,07,19,2,0.0,GREEN
030903101,09,31,1,0.0,GREEN
032107304,21,73,4,100.0,RED
030803700,08,37,0,0.0,GREEN
031003005,10,30,5,0.0,GREEN
032002503,20,25,3,100.0,RED
034707001,47,70,1,100.0,RED
030101404,01,14,4,100.0,RED
032001005,20,10,5,100.0,RED
031300504,13,5,4,0.0,GREEN
032201503,22,15,3,0.0,GREEN
032206104,22,61,4,100.0,RED
032302304,23,23,4,0.0,GREEN
034804202,48,42,2,0.0,GREEN
032705105,27,51,5,0.0,GREEN
032005006,20,50,6,100.0,RED
034802605,48,26,5,0.0,GREEN
032306504,23,65,4,0.0,GREEN
032909102,29,91,2,100.0,RED
032709201,27,92,1,100.0,RED
031903106,19,31,6,100.0,RED
032205606,22,56,6,100.0,RED
032602404,26,24,4,0.0,GREEN
032600702,26,7,2,0.0,GREEN
031205000,12,50,0,0.0,GREEN
030704204,07,42,4,0.0,GREEN
031003303,10,33,3,0.0,GREEN
031605202,16,52,2,0.0,GREEN
030300502,03,5,2,0.0,GREEN
030303104,03,31,4,0.0,GREEN
031607001,16,70,1,0.0,GREEN
031603304,16,33,4,0.0,GREEN
032001610,20,16,10,0.0,GREEN
030201802,02,18,2,0.0,GREEN
032704104,27,41,4,100.0,RED
032705805,27,58,5,100.0,RED
032304202,23,42,2,100.0,RED
030202000,02,20,0,0.0,GREEN
031600803,16,8,3,200.0,RED
030606304,06,63,4,0.0,GREEN
031103805,11,38,5,0.0,GREEN
030803903,08,39,3,0.0,GREEN
031606800,16,68,0,100.0,RED
030707002,07,70,2,0.0,GREEN
031505104,15,51,4,100.0,RED
030301802,03,18,2,0.0,GREEN
031104203,11,42,3,0.0,GREEN
031204202,12,42,2,0.0,GREEN
031900806,19,8,6,0.0,GREEN
030705202,07,52,2,0.0,GREEN
030800105,08,1,5,0.0,GREEN
031404202,14,42,2,0.0,GREEN
032105902,21,59,2,0.0,GREEN
031501405,15,14,5,0.0,GREEN
032304001,23,40,1,100.0,RED
031503903,15,39,3,100.0,RED
030904502,09,45,2,0.0,GREEN
031305703,13,57,3,0.0,GREEN
032203404,22,34,4,0.0,GREEN
030700702,07,7,2,0.0,GREEN
030603702,06,37,2,0.0,GREEN
031701401,17,14,1,100.0,RED
032207003,22,70,3,100.0,RED
032501502,25,15,2,100.0,RED
034807101,48,71,1,0.0,GREEN
032806202,28,62,2,100.0,RED
032904000,29,40,0,100.0,RED
030704603,07,46,3,0.0,GREEN
030202201,02,22,1,0.0,GREEN
030201305,02,13,5,0.0,GREEN
030800803,08,8,3,0.0,GREEN
031301204,13,12,4,0.0,GREEN
031705603,17,56,3,0.0,GREEN
031101606,11,16,6,0.0,GREEN
032907205,29,72,5,100.0,RED
032907105,29,71,5,0.0,GREEN
032906805,29,68,5,0.0,GREEN
031902003,19,20,3,100.0,RED
032102406,21,24,6,100.0,RED
032200806,22,8,6,0.0,GREEN
032806706,28,67,6,0.0,GREEN
030100503,01,5,3,0.0,GREEN
032003102,20,31,2,100.0,RED
030603004,06,30,4,0.0,GREEN
031002805,10,28,5,0.0,GREEN
031503204,15,32,4,100.0,RED
032202006,22,20,6,0.0,GREEN
030905002,09,50,2,0.0,GREEN
034806803,48,68,3,0.0,GREEN
031602703,16,27,3,0.0,GREEN
031703001,17,30,1,100.0,RED
031402402,14,24,2,100.0,RED
030202302,02,23,2,0.0,GREEN
031504202,15,42,2,100.0,RED
030605804,06,58,4,0.0,GREEN
032707301,27,73,1,100.0,RED
034800102,48,1,2,0.0,GREEN
030103000,01,30,0,100.0,RED
031801500,18,15,0,100.0,RED
030101400,01,14,0,0.0,GREEN
031501202,15,12,2,100.0,RED
031601902,16,19,2,100.0,RED
030301606,03,16,6,0.0,GREEN
032201903,22,19,3,100.0,RED
034706403,47,64,3,100.0,RED
030303105,03,31,5,0.0,GREEN
031504303,15,43,3,0.0,GREEN
032205802,22,58,2,100.0,RED
030605202,06,52,2,0.0,GREEN
030806904,08,69,4,0.0,GREEN
032406904,24,69,4,100.0,RED
032601105,26,11,5,0.0,GREEN
032601305,26,13,5,100.0,RED
032601402,26,14,2,100.0,RED
032601406,26,14,6,0.0,GREEN
032601505,26,15,5,0.0,GREEN
030601704,06,17,4,0.0,GREEN
032605906,26,59,6,0.0,GREEN
030807003,08,70,3,0.0,GREEN
032606006,26,60,6,0.0,GREEN
032701806,27,18,6,0.0,GREEN
034812712,48,127,12,100.0,RED
032003001,20,30,1,100.0,RED
030501006,05,10,6,0.0,GREEN
032107305,21,73,5,100.0,RED
034806005,48,60,5,0.0,GREEN
032704806,27,48,6,100.0,RED
032801706,28,17,6,0.0,GREEN
032801804,28,18,4,0.0,GREEN
032801806,28,18,6,0.0,GREEN
032802006,28,20,6,0.0,GREEN
032802203,28,22,3,100.0,RED
032802905,28,29,5,0.0,GREEN
032803005,28,30,5,0.0,GREEN
032803006,28,30,6,0.0,GREEN
032903203,29,32,3,0.0,GREEN
032904505,29,45,5,0.0,GREEN
032904504,29,45,4,0.0,GREEN
032904906,29,49,6,0.0,GREEN
032905203,29,52,3,0.0,GREEN
032905204,29,52,4,0.0,GREEN
034705502,47,55,2,100.0,RED
034705801,47,58,1,0.0,GREEN
034705903,47,59,3,100.0,RED
034705904,47,59,4,0.0,GREEN
034706003,47,60,3,100.0,RED
032104305,21,43,5,100.0,RED
032202205,22,22,5,0.0,GREEN
032206204,22,62,4,100.0,RED
032806901,28,69,1,100.0,RED
032003002,20,30,2,100.0,RED
034705602,47,56,2,100.0,RED
034706502,47,65,2,100.0,RED
034706602,47,66,2,100.0,RED
034706601,47,66,1,100.0,RED
034706701,47,67,1,100.0,RED
034606703,46,67,3,100.0,RED
034606603,46,66,3,100.0,RED
032703102,27,31,2,100.0,RED
031900104,19,1,4,0.0,GREEN
030400306,04,3,6,0.0,GREEN
032801906,28,19,6,0.0,GREEN
034803902,48,39,2,100.0,RED
034800202,48,2,2,0.0,GREEN
030900306,09,3,6,0.0,GREEN
031205903,12,59,3,0.0,GREEN
031705203,17,52,3,0.0,GREEN
034812810,48,128,10,0.0,GREEN
030906706,09,67,6,0.0,GREEN
031404104,14,41,4,100.0,RED
031504006,15,40,6,0.0,GREEN
030201501,02,15,1,0.0,GREEN
034804703,48,47,3,0.0,GREEN
034804803,48,48,3,0.0,GREEN
034804903,48,49,3,0.0,GREEN
032705802,27,58,2,100.0,RED
031803503,18,35,3,0.0,GREEN
030902704,09,27,4,0.0,GREEN
031205303,12,53,3,0.0,GREEN
030102000,01,20,0,0.0,GREEN
030802510,08,25,10,0.0,GREEN
032909206,29,92,6,0.0,GREEN
032909006,29,90,6,0.0,GREEN
032908906,29,89,6,0.0,GREEN
030200505,02,5,5,0.0,GREEN
030906305,09,63,5,0.0,GREEN
032908706,29,87,6,0.0,GREEN
032908606,29,86,6,0.0,GREEN
032908406,29,84,6,0.0,GREEN
032908306,29,83,6,0.0,GREEN
032908206,29,82,6,0.0,GREEN
032907606,29,76,6,0.0,GREEN
032907506,29,75,6,100.0,RED
032907406,29,74,6,100.0,RED
032907306,29,73,6,0.0,GREEN
032903105,29,31,5,0.0,GREEN
032509006,25,90,6,0.0,GREEN
032509106,25,91,6,100.0,RED
031101305,11,13,5,0.0,GREEN
030501806,05,18,6,0.0,GREEN
032903605,29,36,5,0.0,GREEN
032806606,28,66,6,100.0,RED
032508706,25,87,6,0.0,GREEN
032806506,28,65,6,100.0,RED
032508906,25,89,6,0.0,GREEN
031801501,18,15,1,100.0,RED
031001702,10,17,2,0.0,GREEN
031500503,15,5,3,0.0,GREEN
031006704,10,67,4,0.0,GREEN
030303306,03,33,6,0.0,GREEN
031106603,11,66,3,0.0,GREEN
031704501,17,45,1,0.0,GREEN
031206203,12,62,3,100.0,RED
032803205,28,32,5,0.0,GREEN
031601506,16,15,6,0.0,GREEN
032407506,24,75,6,0.0,GREEN
031502704,15,27,4,0.0,GREEN
030100302,01,3,2,0.0,GREEN
030501300,05,13,0,0.0,GREEN
031204403,12,44,3,0.0,GREEN
031104804,11,48,4,0.0,GREEN
032204103,22,41,3,100.0,RED
031006203,10,62,3,0.0,GREEN
030902705,09,27,5,0.0,GREEN
031004806,10,48,6,0.0,GREEN
032305503,23,55,3,0.0,GREEN
031406004,14,60,4,0.0,GREEN
030403005,04,30,5,0.0,GREEN
030905106,09,51,6,0.0,GREEN
031301104,13,11,4,0.0,GREEN
032505101,25,51,1,100.0,RED
032101605,21,16,5,0.0,GREEN
032307304,23,73,4,100.0,RED
032605602,26,56,2,100.0,RED
032802005,28,20,5,0.0,GREEN
032101004,21,10,4,100.0,RED
031606801,16,68,1,0.0,GREEN
032301706,23,17,6,100.0,RED
031500702,15,7,2,0.0,GREEN
031500506,15,5,6,0.0,GREEN
032508002,25,80,2,100.0,RED
032501305,25,13,5,100.0,RED
031501506,15,15,6,0.0,GREEN
031505303,15,53,3,100.0,RED
032304306,23,43,6,0.0,GREEN
032802304,28,23,4,0.0,GREEN
032704306,27,43,6,0.0,GREEN
034706901,47,69,1,100.0,RED
031401905,14,19,5,0.0,GREEN
032805005,28,50,5,0.0,GREEN
032901304,29,13,4,0.0,GREEN
031306405,13,64,5,100.0,RED
032709206,27,92,6,0.0,GREEN
032709106,27,91,6,0.0,GREEN
030704805,07,48,5,0.0,GREEN
032709006,27,90,6,0.0,GREEN
032708906,27,89,6,100.0,RED
032708806,27,88,6,0.0,GREEN
032708706,27,87,6,0.0,GREEN
032708606,27,86,6,0.0,GREEN
032708506,27,85,6,0.0,GREEN
032708406,27,84,6,0.0,GREEN
032708306,27,83,6,0.0,GREEN
032805904,28,59,4,100.0,RED
030602003,06,20,3,0.0,GREEN
032103103,21,31,3,100.0,RED
031304003,13,40,3,0.0,GREEN
032205202,22,52,2,100.0,RED
032504003,25,40,3,100.0,RED
032508205,25,82,5,0.0,GREEN
032806703,28,67,3,100.0,RED
030702303,07,23,3,0.0,GREEN
030401806,04,18,6,0.0,GREEN
032404903,24,49,3,0.0,GREEN
030607004,06,70,4,0.0,GREEN
032903402,29,34,2,100.0,RED
030801204,08,12,4,0.0,GREEN
032201602,22,16,2,100.0,RED
031702702,17,27,2,0.0,GREEN
032405003,24,50,3,100.0,RED
031203204,12,32,4,0.0,GREEN
031402403,14,24,3,0.0,GREEN
031001703,10,17,3,0.0,GREEN
030903404,09,34,4,0.0,GREEN
032906906,29,69,6,100.0,RED
031103600,11,36,0,100.0,RED
030502802,05,28,2,0.0,GREEN
031202610,12,26,10,0.0,GREEN
032708206,27,82,6,0.0,GREEN
032708106,27,81,6,0.0,GREEN
032707606,27,76,6,0.0,GREEN
030806110,08,61,10,0.0,GREEN
030502506,05,25,6,0.0,GREEN
030906302,09,63,2,0.0,GREEN
031001405,10,14,5,0.0,GREEN
031303002,13,30,2,0.0,GREEN
030903002,09,30,2,0.0,GREEN
031402702,14,27,2,0.0,GREEN
031300906,13,9,6,0.0,GREEN
032303706,23,37,6,0.0,GREEN
030402601,04,26,1,0.0,GREEN
032303606,23,36,6,0.0,GREEN
031104905,11,49,5,0.0,GREEN
032703404,27,34,4,0.0,GREEN
032104002,21,40,2,100.0,RED
030902102,09,21,2,0.0,GREEN
031401603,14,16,3,0.0,GREEN
032005605,20,56,5,100.0,RED
032005201,20,52,1,100.0,RED
031606302,16,63,2,100.0,RED
030606202,06,62,2,0.0,GREEN
032802003,28,20,3,100.0,RED
034803100,48,31,0,0.0,GREEN
030401902,04,19,2,0.0,GREEN
030302802,03,28,2,0.0,GREEN
030605803,06,58,3,0.0,GREEN
030804004,08,40,4,0.0,GREEN
030900104,09,1,4,0.0,GREEN
031005505,10,55,5,0.0,GREEN
031303303,13,33,3,0.0,GREEN
032203302,22,33,2,100.0,RED
034806504,48,65,4,0.0,GREEN
031401502,14,15,2,0.0,GREEN
030801506,08,15,6,0.0,GREEN
030801902,08,19,2,0.0,GREEN
030705206,07,52,6,0.0,GREEN
032300606,23,6,6,0.0,GREEN
030300806,03,8,6,0.0,GREEN
031604804,16,48,4,0.0,GREEN
031305805,13,58,5,0.0,GREEN
031604404,16,44,4,0.0,GREEN
032503405,25,34,5,100.0,RED
034806603,48,66,3,0.0,GREEN
032709202,27,92,2,100.0,RED
032708502,27,85,2,100.0,RED
030800305,08,3,5,0.0,GREEN
030302402,03,24,2,0.0,GREEN
031306503,13,65,3,0.0,GREEN
031105401,11,54,1,0.0,GREEN
031802901,18,29,1,100.0,RED
031801601,18,16,1,200.0,RED
031802501,18,25,1,100.0,RED
031801802,18,18,2,200.0,RED
031801702,18,17,2,200.0,RED
031803102,18,31,2,100.0,RED
031803103,18,31,3,100.0,RED
031802503,18,25,3,0.0,GREEN
031802502,18,25,2,0.0,GREEN
032705602,27,56,2,100.0,RED
031802203,18,22,3,100.0,RED
031802202,18,22,2,100.0,RED
031002502,10,25,2,0.0,GREEN
030303304,03,33,4,0.0,GREEN
032501406,25,14,6,100.0,RED
031000405,10,4,5,0.0,GREEN
034505801,45,58,1,100.0,RED
032907206,29,72,6,100.0,RED
032907106,29,71,6,0.0,GREEN
032907006,29,70,6,0.0,GREEN
031302305,13,23,5,0.0,GREEN
032001703,20,17,3,100.0,RED
032201605,22,16,5,0.0,GREEN
032201606,22,16,6,0.0,GREEN
031805502,18,55,2,100.0,RED
031104001,11,40,1,0.0,GREEN
034802900,48,29,0,0.0,GREEN
031600606,16,6,6,0.0,GREEN
032508201,25,82,1,100.0,RED
031805702,18,57,2,100.0,RED
031805602,18,56,2,100.0,RED
030402206,04,22,6,0.0,GREEN
032702106,27,21,6,0.0,GREEN
032706006,27,60,6,0.0,GREEN
032706206,27,62,6,100.0,RED
032706306,27,63,6,0.0,GREEN
032706406,27,64,6,0.0,GREEN
032706506,27,65,6,0.0,GREEN
032707506,27,75,6,0.0,GREEN
032707306,27,73,6,0.0,GREEN
032707406,27,74,6,100.0,RED
032707106,27,71,6,0.0,GREEN
032707206,27,72,6,0.0,GREEN
032707006,27,70,6,0.0,GREEN
032706906,27,69,6,0.0,GREEN
030605203,06,52,3,0.0,GREEN
030903003,09,30,3,0.0,GREEN
031102703,11,27,3,0.0,GREEN
031203905,12,39,5,0.0,GREEN
031805600,18,56,0,100.0,RED
031003600,10,36,0,0.0,GREEN
032706606,27,66,6,0.0,GREEN
032706706,27,67,6,0.0,GREEN
030702206,07,22,6,0.0,GREEN
031606206,16,62,6,100.0,RED
032804806,28,48,6,0.0,GREEN
032804506,28,45,6,0.0,GREEN
031606802,16,68,2,100.0,RED
032804006,28,40,6,100.0,RED
031806302,18,63,2,100.0,RED
032903006,29,30,6,0.0,GREEN
032900806,29,8,6,100.0,RED
031405600,14,56,0,100.0,RED
032202905,22,29,5,0.0,GREEN
030906704,09,67,4,0.0,GREEN
032901606,29,16,6,0.0,GREEN
032405602,24,56,2,100.0,RED
032901706,29,17,6,100.0,RED
032901806,29,18,6,0.0,GREEN
032901906,29,19,6,0.0,GREEN
032902506,29,25,6,0.0,GREEN
032903506,29,35,6,0.0,GREEN
032706806,27,68,6,0.0,GREEN
031806101,18,61,1,100.0,RED
031204906,12,49,6,0.0,GREEN
032906006,29,60,6,0.0,GREEN
032906106,29,61,6,0.0,GREEN
032906206,29,62,6,0.0,GREEN
032906306,29,63,6,0.0,GREEN
032906406,29,64,6,0.0,GREEN
032906606,29,66,6,0.0,GREEN
030603906,06,39,6,0.0,GREEN
030702506,07,25,6,0.0,GREEN
030906406,09,64,6,0.0,GREEN
032006105,20,61,5,100.0,RED
032503606,25,36,6,0.0,GREEN
032003503,20,35,3,100.0,RED
032301901,23,19,1,0.0,GREEN
032207101,22,71,1,100.0,RED
032406505,24,65,5,100.0,RED
032602306,26,23,6,100.0,RED
032100802,21,8,2,100.0,RED
032605905,26,59,5,0.0,GREEN
032200904,22,9,4,0.0,GREEN
032902806,29,28,6,0.0,GREEN
032907603,29,76,3,100.0,RED
032501504,25,15,4,100.0,RED
032501105,25,11,5,100.0,RED
034606203,46,62,3,100.0,RED
032507204,25,72,4,100.0,RED
034606303,46,63,3,100.0,RED
032601203,26,12,3,0.0,GREEN
032703606,27,36,6,0.0,GREEN
034606801,46,68,1,100.0,RED
032806503,28,65,3,100.0,RED
032705401,27,54,1,100.0,RED
034705403,47,54,3,100.0,RED
034705703,47,57,3,100.0,RED
034803704,48,37,4,0.0,GREEN
030200702,02,7,2,0.0,GREEN
030703205,07,32,5,0.0,GREEN
031901306,19,13,6,100.0,RED
031805701,18,57,1,0.0,GREEN
031303604,13,36,4,0.0,GREEN
032302506,23,25,6,0.0,GREEN
032205404,22,54,4,100.0,RED
034803301,48,33,1,0.0,GREEN
030301904,03,19,4,0.0,GREEN
031001904,10,19,4,0.0,GREEN
030905200,09,52,0,100.0,RED
031403804,14,38,4,100.0,RED
030701700,07,17,0,0.0,GREEN
030802602,08,26,2,0.0,GREEN
031603104,16,31,4,0.0,GREEN
031902004,19,20,4,100.0,RED
031501106,15,11,6,0.0,GREEN
031400804,14,8,4,0.0,GREEN
031200904,12,9,4,0.0,GREEN
030902402,09,24,2,0.0,GREEN
030902403,09,24,3,0.0,GREEN
030401005,04,10,5,0.0,GREEN
030605204,06,52,4,0.0,GREEN
032706502,27,65,2,100.0,RED
030705306,07,53,6,0.0,GREEN
030201701,02,17,1,0.0,GREEN
030503405,05,34,5,0.0,GREEN
031306205,13,62,5,0.0,GREEN
031102205,11,22,5,0.0,GREEN
030300903,03,9,3,0.0,GREEN
030302604,03,26,4,0.0,GREEN
030500605,05,6,5,0.0,GREEN
031206606,12,66,6,0.0,GREEN
032306901,23,69,1,100.0,RED
030701306,07,13,6,0.0,GREEN
030702202,07,22,2,0.0,GREEN
030300805,03,8,5,0.0,GREEN
032000504,20,5,4,100.0,RED
031604606,16,46,6,0.0,GREEN
031202203,12,22,3,0.0,GREEN
031804003,18,40,3,100.0,RED
031900905,19,9,5,100.0,RED
034801600,48,16,0,0.0,GREEN
032002105,20,21,5,100.0,RED
032202202,22,22,2,100.0,RED
032002406,20,24,6,100.0,RED
032903702,29,37,2,100.0,RED
032904204,29,42,4,0.0,GREEN
032200103,22,1,3,0.0,GREEN
031901304,19,13,4,100.0,RED
031900703,19,7,3,100.0,RED
032601204,26,12,4,100.0,RED
032803800,28,38,0,100.0,RED
034805802,48,58,2,0.0,GREEN
030604505,06,45,5,0.0,GREEN
034607103,46,71,3,0.0,GREEN
031005704,10,57,4,0.0,GREEN
032303202,23,32,2,100.0,RED
032200203,22,2,3,0.0,GREEN
032200303,22,3,3,0.0,GREEN
032200403,22,4,3,0.0,GREEN
032202704,22,27,4,0.0,GREEN
032300103,23,1,3,0.0,GREEN
032300203,23,2,3,0.0,GREEN
032300303,23,3,3,0.0,GREEN
032300403,23,4,3,0.0,GREEN
032300404,23,4,4,0.0,GREEN
034101004,41,10,4,0.0,GREEN
034101104,41,11,4,0.0,GREEN
034101204,41,12,4,0.0,GREEN
034101504,41,15,4,0.0,GREEN
032302603,23,26,3,0.0,GREEN
034101604,41,16,4,0.0,GREEN
034101704,41,17,4,0.0,GREEN
032302703,23,27,3,0.0,GREEN
034101804,41,18,4,0.0,GREEN
034101904,41,19,4,0.0,GREEN
034102004,41,20,4,0.0,GREEN
032302705,23,27,5,0.0,GREEN
034102104,41,21,4,0.0,GREEN
034102204,41,22,4,0.0,GREEN
032302804,23,28,4,0.0,GREEN
034102304,41,23,4,0.0,GREEN
034102404,41,24,4,0.0,GREEN
034102504,41,25,4,0.0,GREEN
034102604,41,26,4,0.0,GREEN
034102704,41,27,4,0.0,GREEN
034200104,42,1,4,0.0,GREEN
034200204,42,2,4,0.0,GREEN
034200304,42,3,4,0.0,GREEN
034200404,42,4,4,0.0,GREEN
034200504,42,5,4,0.0,GREEN
034200604,42,6,4,0.0,GREEN
034200704,42,7,4,0.0,GREEN
034200804,42,8,4,0.0,GREEN
034200904,42,9,4,0.0,GREEN
034201004,42,10,4,0.0,GREEN
034201104,42,11,4,0.0,GREEN
034201204,42,12,4,0.0,GREEN
034201304,42,13,4,0.0,GREEN
034201404,42,14,4,0.0,GREEN
034201504,42,15,4,0.0,GREEN
034201704,42,17,4,0.0,GREEN
034201804,42,18,4,0.0,GREEN
034201904,42,19,4,0.0,GREEN
034202004,42,20,4,0.0,GREEN
034202104,42,21,4,0.0,GREEN
032400102,24,1,2,100.0,RED
034202204,42,22,4,0.0,GREEN
034202304,42,23,4,0.0,GREEN
034202404,42,24,4,0.0,GREEN
032400203,24,2,3,100.0,RED
032400301,24,3,1,0.0,GREEN
034202704,42,27,4,0.0,GREEN
032400303,24,3,3,0.0,GREEN
034300604,43,7,4,0.0,GREEN
034300704,43,8,4,0.0,GREEN
034300804,43,9,4,0.0,GREEN
034300904,43,10,4,0.0,GREEN
034301004,43,11,4,0.0,GREEN
034301104,43,12,4,0.0,GREEN
034301404,43,15,4,0.0,GREEN
034301504,43,16,4,0.0,GREEN
034301604,43,17,4,0.0,GREEN
032107102,21,71,2,0.0,GREEN
030900305,09,3,5,0.0,GREEN
031001202,10,12,2,0.0,GREEN
032206105,22,61,5,0.0,GREEN
032305801,23,58,1,100.0,RED
032406002,24,60,2,100.0,RED
032102002,21,20,2,100.0,RED
032406401,24,64,1,100.0,RED
031904206,19,42,6,100.0,RED
031904303,19,43,3,0.0,GREEN
031905603,19,56,3,100.0,RED
032908701,29,87,1,100.0,RED
031506506,15,65,6,0.0,GREEN
031904306,19,43,6,100.0,RED
030701606,07,16,6,0.0,GREEN
031905605,19,56,5,100.0,RED
031806301,18,63,1,100.0,RED
031305901,13,59,1,100.0,RED
030801306,08,13,6,0.0,GREEN
034507201,45,72,1,0.0,GREEN
034507301,45,73,1,0.0,GREEN
034507102,45,71,2,0.0,GREEN
034507202,45,72,2,0.0,GREEN
034507302,45,73,2,0.0,GREEN
034507103,45,71,3,0.0,GREEN
034507203,45,72,3,0.0,GREEN
031402602,14,26,2,0.0,GREEN
034507303,45,73,3,0.0,GREEN
031402802,14,28,2,0.0,GREEN
034507104,45,71,4,0.0,GREEN
031100204,11,2,4,0.0,GREEN
034507204,45,72,4,0.0,GREEN
031005605,10,56,5,0.0,GREEN
034507105,45,71,5,0.0,GREEN
034507205,45,72,5,0.0,GREEN
034507304,45,73,4,0.0,GREEN
030904105,09,41,5,0.0,GREEN
031306904,13,69,4,0.0,GREEN
032906100,29,61,0,100.0,RED
034807305,48,73,5,100.0,RED
031301103,13,11,3,0.0,GREEN
034807004,48,70,4,0.0,GREEN
034806705,48,67,5,100.0,RED
031403701,14,37,1,0.0,GREEN
031603702,16,37,2,100.0,RED
031103106,11,31,6,0.0,GREEN
030701104,07,11,4,0.0,GREEN
032305602,23,56,2,100.0,RED
031305202,13,52,2,100.0,RED
031403706,14,37,6,0.0,GREEN
031606006,16,60,6,100.0,RED
034804605,48,46,5,0.0,GREEN
031606806,16,68,6,100.0,RED
031602303,16,23,3,0.0,GREEN
031004605,10,46,5,0.0,GREEN
031104505,11,45,5,0.0,GREEN
031303506,13,35,6,0.0,GREEN
031900505,19,5,5,0.0,GREEN
034804005,48,40,5,0.0,GREEN
031605406,16,54,6,100.0,RED
031604806,16,48,6,0.0,GREEN
034506901,45,69,1,0.0,GREEN
030704006,07,40,6,0.0,GREEN
034506801,45,68,1,100.0,RED
034507002,45,70,2,0.0,GREEN
034506902,45,69,2,100.0,RED
032302203,23,22,3,100.0,RED
034506802,45,68,2,100.0,RED
034507003,45,70,3,0.0,GREEN
034506903,45,69,3,100.0,RED
034506803,45,68,3,0.0,GREEN
034507004,45,70,4,0.0,GREEN
034506904,45,69,4,0.0,GREEN
034506804,45,68,4,0.0,GREEN
031002702,10,27,2,0.0,GREEN
034506701,45,67,1,0.0,GREEN
034505701,45,57,1,100.0,RED
034506601,45,66,1,100.0,RED
034505602,45,56,2,100.0,RED
034505702,45,57,2,300.0,RED
034506501,45,65,1,100.0,RED
034506702,45,67,2,0.0,GREEN
034506602,45,66,2,0.0,GREEN
034506502,45,65,2,0.0,GREEN
031301006,13,10,6,0.0,GREEN
031306404,13,64,4,100.0,RED
031405505,14,55,5,100.0,RED
031603506,16,35,6,0.0,GREEN
034506703,45,67,3,0.0,GREEN
034506603,45,66,3,100.0,RED
031401402,14,14,2,0.0,GREEN
034506503,45,65,3,0.0,GREEN
034506504,45,65,4,0.0,GREEN
034506604,45,66,4,0.0,GREEN
034506704,45,67,4,0.0,GREEN
031401602,14,16,2,0.0,GREEN
034506401,45,64,1,0.0,GREEN
034506301,45,63,1,100.0,RED
034506201,45,62,1,0.0,GREEN
034506202,45,62,2,100.0,RED
034506302,45,63,2,100.0,RED
031602006,16,20,6,0.0,GREEN
034506402,45,64,2,100.0,RED
034506403,45,64,3,0.0,GREEN
034506303,45,63,3,0.0,GREEN
034506204,45,62,4,0.0,GREEN
034506203,45,62,3,0.0,GREEN
034506304,45,63,4,0.0,GREEN
034506404,45,64,4,0.0,GREEN
034506102,45,61,2,0.0,GREEN
030905506,09,55,6,0.0,GREEN
034505903,45,59,3,0.0,GREEN
034506003,45,60,3,0.0,GREEN
034506103,45,61,3,0.0,GREEN
034505904,45,59,4,0.0,GREEN
034506004,45,60,4,0.0,GREEN
034506104,45,61,4,0.0,GREEN
032500806,25,8,6,0.0,GREEN
034505603,45,56,3,0.0,GREEN
034505703,45,57,3,0.0,GREEN
034505803,45,58,3,0.0,GREEN
031701001,17,10,1,100.0,RED
031603306,16,33,6,0.0,GREEN
034505604,45,56,4,0.0,GREEN
034505704,45,57,4,0.0,GREEN
034505804,45,58,4,0.0,GREEN
030900106,09,1,6,0.0,GREEN
034505802,45,58,2,0.0,GREEN
032207105,22,71,5,100.0,RED
032704401,27,44,1,100.0,RED
030300500,03,5,0,100.0,RED
032807103,28,71,3,100.0,RED
031104806,11,48,6,0.0,GREEN
032001905,20,19,5,100.0,RED
030804306,08,43,6,0.0,GREEN
032707003,27,70,3,100.0,RED
030501901,05,19,1,0.0,GREEN
032104103,21,41,3,100.0,RED
032405406,24,54,6,100.0,RED
032905805,29,58,5,0.0,GREEN
032203802,22,38,2,100.0,RED
030800704,08,7,4,0.0,GREEN
030203304,02,33,4,0.0,GREEN
031906806,19,68,6,100.0,RED
031605105,16,51,5,0.0,GREEN
034707203,47,72,3,100.0,RED
034707303,47,73,3,100.0,RED
032206406,22,64,6,100.0,RED
032003006,20,30,6,0.0,GREEN
032003506,20,35,6,100.0,RED
030300605,03,6,5,0.0,GREEN
032105701,21,57,1,100.0,RED
034804602,48,46,2,200.0,RED
032206206,22,62,6,0.0,GREEN
032603103,26,31,3,100.0,RED
032801902,28,19,2,100.0,RED
032908105,29,81,5,0.0,GREEN
032001702,20,17,2,100.0,RED
032203402,22,34,2,100.0,RED
032302905,23,29,5,0.0,GREEN
032202204,22,22,4,100.0,RED
031302606,13,26,6,0.0,GREEN
032603903,26,39,3,0.0,GREEN
030501204,05,12,4,0.0,GREEN
032106105,21,61,5,0.0,GREEN
030903203,09,32,3,0.0,GREEN
032707401,27,74,1,100.0,RED
030904402,09,44,2,0.0,GREEN
031601302,16,13,2,0.0,GREEN
032705202,27,52,2,0.0,GREEN
034803204,48,32,4,0.0,GREEN
031604006,16,40,6,100.0,RED
031505505,15,55,5,100.0,RED
032300703,23,7,3,100.0,RED
031403303,14,33,3,0.0,GREEN
032509104,25,91,4,100.0,RED
031205603,12,56,3,0.0,GREEN
030601605,06,16,5,0.0,GREEN
031605806,16,58,6,100.0,RED
030602403,06,24,3,0.0,GREEN
031303006,13,30,6,0.0,GREEN
031405406,14,54,6,0.0,GREEN
031102206,11,22,6,0.0,GREEN
031100906,11,9,6,0.0,GREEN
030701303,07,13,3,0.0,GREEN
032603401,26,34,1,100.0,RED
030705704,07,57,4,0.0,GREEN
031504700,15,47,0,100.0,RED
031602606,16,26,6,100.0,RED
031705902,17,59,2,100.0,RED
031107006,11,70,6,0.0,GREEN
030701704,07,17,4,0.0,GREEN
031806801,18,68,1,100.0,RED
031202302,12,23,2,0.0,GREEN
031200903,12,9,3,0.0,GREEN
031301403,13,14,3,100.0,RED
031106906,11,69,6,0.0,GREEN
031804201,18,42,1,100.0,RED
030302902,03,29,2,0.0,GREEN
031803801,18,38,1,100.0,RED
031803803,18,38,3,0.0,GREEN
031803702,18,37,2,100.0,RED
030201001,02,10,1,0.0,GREEN
031804303,18,43,3,0.0,GREEN
031803903,18,39,3,0.0,GREEN
030906604,09,66,4,0.0,GREEN
031800702,18,7,2,0.0,GREEN
031801002,18,10,2,0.0,GREEN
031801302,18,13,2,0.0,GREEN
031401106,14,11,6,0.0,GREEN
031800603,18,6,3,0.0,GREEN
031800602,18,6,2,0.0,GREEN
031800903,18,9,3,0.0,GREEN
031504102,15,41,2,100.0,RED
031504302,15,43,2,200.0,RED
031801203,18,12,3,100.0,RED
032302306,23,23,6,100.0,RED
031202206,12,22,6,0.0,GREEN
031801503,18,15,3,100.0,RED
031801502,18,15,2,200.0,RED
032802704,28,27,4,0.0,GREEN
031004704,10,47,4,0.0,GREEN
030902004,09,20,4,0.0,GREEN
031103405,11,34,5,0.0,GREEN
031102302,11,23,2,0.0,GREEN
031604702,16,47,2,100.0,RED
031102005,11,20,5,0.0,GREEN
031105003,11,50,3,0.0,GREEN
030500206,05,2,6,0.0,GREEN
030501906,05,19,6,0.0,GREEN
032702302,27,23,2,100.0,RED
031704402,17,44,2,0.0,GREEN
031806002,18,60,2,100.0,RED
031403003,14,30,3,0.0,GREEN
030605806,06,58,6,0.0,GREEN
032304402,23,44,2,100.0,RED
031201406,12,14,6,0.0,GREEN
031302106,13,21,6,0.0,GREEN
031002903,10,29,3,0.0,GREEN
031604701,16,47,1,100.0,RED
031202904,12,29,4,0.0,GREEN
031504806,15,48,6,0.0,GREEN
031102904,11,29,4,0.0,GREEN
031900604,19,6,4,100.0,RED
031000703,10,7,3,0.0,GREEN
030602702,06,27,2,0.0,GREEN
032304702,23,47,2,100.0,RED
032306206,23,62,6,0.0,GREEN
032102902,21,29,2,100.0,RED
032406704,24,67,4,100.0,RED
032106802,21,68,2,100.0,RED
032304102,23,41,2,100.0,RED
032101302,21,13,2,0.0,GREEN
032200503,22,5,3,100.0,RED
031201305,12,13,5,0.0,GREEN
030302103,03,21,3,0.0,GREEN
030605603,06,56,3,0.0,GREEN
030604702,06,47,2,0.0,GREEN
031602402,16,24,2,100.0,RED
031701102,17,11,2,200.0,RED
032703304,27,33,4,0.0,GREEN
032104403,21,44,3,100.0,RED
032302400,23,24,0,0.0,GREEN
032004601,20,46,1,100.0,RED
032103506,21,35,6,100.0,RED
032607706,26,77,6,0.0,GREEN
032604301,26,43,1,100.0,RED
031602404,16,24,4,0.0,GREEN
031506204,15,62,4,100.0,RED
030401003,04,10,3,0.0,GREEN
030101103,01,11,3,100.0,RED
030102401,01,24,1,100.0,RED
031204904,12,49,4,0.0,GREEN
031401702,14,17,2,100.0,RED
031401802,14,18,2,0.0,GREEN
031400204,14,2,4,0.0,GREEN
031402902,14,29,2,0.0,GREEN
031401004,14,10,4,100.0,RED
031400103,14,1,3,0.0,GREEN
031400502,14,5,2,100.0,RED
031400203,14,2,3,0.0,GREEN
031302802,13,28,2,100.0,RED
030502901,05,29,1,0.0,GREEN
032500906,25,9,6,0.0,GREEN
030604802,06,48,2,0.0,GREEN
031306104,13,61,4,0.0,GREEN
030906804,09,68,4,0.0,GREEN
031303106,13,31,6,0.0,GREEN
030201103,02,11,3,0.0,GREEN
032500402,25,4,2,0.0,GREEN
030402903,04,29,3,0.0,GREEN
032500200,25,2,0,0.0,GREEN
030402205,04,22,5,0.0,GREEN
031301102,13,11,2,0.0,GREEN
030704600,07,46,0,100.0,RED
031105504,11,55,4,0.0,GREEN
030906006,09,60,6,0.0,GREEN
032106301,21,63,1,100.0,RED
031100104,11,1,4,0.0,GREEN
031203904,12,39,4,0.0,GREEN
031201606,12,16,6,0.0,GREEN
030500604,05,6,4,0.0,GREEN
030706503,07,65,3,0.0,GREEN
030302805,03,28,5,0.0,GREEN
030701506,07,15,6,0.0,GREEN
032107104,21,71,4,0.0,GREEN
032203804,22,38,4,100.0,RED
031205504,12,55,4,100.0,RED
030602506,06,25,6,0.0,GREEN
034100110,41,1,10,0.0,GREEN
034100113,41,1,13,100.0,RED
034100210,41,2,10,0.0,GREEN
034100302,41,3,2,0.0,GREEN
034100310,41,3,10,0.0,GREEN
034100402,41,4,2,0.0,GREEN
034100410,41,4,10,0.0,GREEN
034100510,41,5,10,0.0,GREEN
034100512,41,5,12,100.0,RED
034100601,41,6,1,0.0,GREEN
034100610,41,6,10,0.0,GREEN
034100710,41,7,10,0.0,GREEN
034100810,41,8,10,0.0,GREEN
034100910,41,9,10,0.0,GREEN
034100912,41,9,12,100.0,RED
034101010,41,10,10,0.0,GREEN
034101110,41,11,10,0.0,GREEN
034101210,41,12,10,0.0,GREEN
034101303,41,13,3,0.0,GREEN
034101304,41,13,4,0.0,GREEN
034101310,41,13,10,0.0,GREEN
034101401,41,14,1,0.0,GREEN
034101402,41,14,2,0.0,GREEN
034101404,41,14,4,0.0,GREEN
034101410,41,14,10,0.0,GREEN
034101510,41,15,10,0.0,GREEN
034101610,41,16,10,0.0,GREEN
034101710,41,17,10,0.0,GREEN
034101810,41,18,10,0.0,GREEN
034101910,41,19,10,0.0,GREEN
034102010,41,20,10,0.0,GREEN
034102110,41,21,10,0.0,GREEN
034102210,41,22,10,0.0,GREEN
034102310,41,23,10,0.0,GREEN
034102410,41,24,10,0.0,GREEN
034102510,41,25,10,0.0,GREEN
034102610,41,26,10,0.0,GREEN
034102710,41,27,10,0.0,GREEN
034102801,41,28,1,0.0,GREEN
034102802,41,28,2,0.0,GREEN
034102803,41,28,3,0.0,GREEN
034102810,41,28,10,0.0,GREEN
034102901,41,29,1,0.0,GREEN
034102902,41,29,2,0.0,GREEN
034102903,41,29,3,0.0,GREEN
034102910,41,29,10,0.0,GREEN
034103001,41,30,1,0.0,GREEN
034103002,41,30,2,0.0,GREEN
034103003,41,30,3,0.0,GREEN
034103010,41,30,10,0.0,GREEN
034103101,41,31,1,0.0,GREEN
034103102,41,31,2,0.0,GREEN
034103103,41,31,3,0.0,GREEN
034103110,41,31,10,0.0,GREEN
034103201,41,32,1,0.0,GREEN
034103202,41,32,2,0.0,GREEN
034103203,41,32,3,0.0,GREEN
034103210,41,32,10,0.0,GREEN
034103301,41,33,1,0.0,GREEN
034103302,41,33,2,0.0,GREEN
034103303,41,33,3,0.0,GREEN
034103310,41,33,10,0.0,GREEN
034103401,41,34,1,0.0,GREEN
034103402,41,34,2,0.0,GREEN
034103403,41,34,3,0.0,GREEN
034103410,41,34,10,0.0,GREEN
034103501,41,35,1,0.0,GREEN
034103502,41,35,2,0.0,GREEN
034103503,41,35,3,0.0,GREEN
034103510,41,35,10,0.0,GREEN
034103601,41,36,1,0.0,GREEN
034103602,41,36,2,0.0,GREEN
034103603,41,36,3,0.0,GREEN
034103610,41,36,10,0.0,GREEN
034103701,41,37,1,0.0,GREEN
034103702,41,37,2,0.0,GREEN
034103703,41,37,3,0.0,GREEN
034103710,41,37,10,0.0,GREEN
034103801,41,38,1,0.0,GREEN
034103802,41,38,2,0.0,GREEN
034103803,41,38,3,0.0,GREEN
034103810,41,38,10,0.0,GREEN
034103901,41,39,1,0.0,GREEN
034103902,41,39,2,0.0,GREEN
034103903,41,39,3,0.0,GREEN
034103910,41,39,10,0.0,GREEN
034104001,41,40,1,0.0,GREEN
034104002,41,40,2,0.0,GREEN
034104003,41,40,3,0.0,GREEN
034104010,41,40,10,0.0,GREEN
034104101,41,41,1,0.0,GREEN
034104102,41,41,2,0.0,GREEN
034104103,41,41,3,0.0,GREEN
034104110,41,41,10,0.0,GREEN
034104201,41,42,1,0.0,GREEN
034104202,41,42,2,0.0,GREEN
034104203,41,42,3,0.0,GREEN
034104210,41,42,10,0.0,GREEN
034104301,41,43,1,0.0,GREEN
034104302,41,43,2,0.0,GREEN
034104303,41,43,3,0.0,GREEN
034104310,41,43,10,0.0,GREEN
034104401,41,44,1,0.0,GREEN
034104402,41,44,2,0.0,GREEN
034104403,41,44,3,0.0,GREEN
034104410,41,44,10,0.0,GREEN
034104501,41,45,1,0.0,GREEN
034104502,41,45,2,0.0,GREEN
034104503,41,45,3,0.0,GREEN
034104510,41,45,10,0.0,GREEN
034104601,41,46,1,0.0,GREEN
034104602,41,46,2,0.0,GREEN
034104603,41,46,3,0.0,GREEN
034104610,41,46,10,0.0,GREEN
034104701,41,47,1,0.0,GREEN
034104702,41,47,2,0.0,GREEN
034104703,41,47,3,0.0,GREEN
034104710,41,47,10,0.0,GREEN
034104801,41,48,1,0.0,GREEN
034104802,41,48,2,0.0,GREEN
034104803,41,48,3,0.0,GREEN
034104810,41,48,10,0.0,GREEN
034104901,41,49,1,0.0,GREEN
034104902,41,49,2,0.0,GREEN
034104903,41,49,3,0.0,GREEN
034104910,41,49,10,0.0,GREEN
034105001,41,50,1,0.0,GREEN
034105002,41,50,2,0.0,GREEN
034105003,41,50,3,0.0,GREEN
034105010,41,50,10,0.0,GREEN
034105101,41,51,1,0.0,GREEN
034105102,41,51,2,0.0,GREEN
034105103,41,51,3,0.0,GREEN
034105110,41,51,10,0.0,GREEN
034105201,41,52,1,0.0,GREEN
034105202,41,52,2,0.0,GREEN
034105203,41,52,3,0.0,GREEN
034105210,41,52,10,0.0,GREEN
034105301,41,53,1,0.0,GREEN
034105302,41,53,2,0.0,GREEN
034105303,41,53,3,0.0,GREEN
034105310,41,53,10,0.0,GREEN
034105401,41,54,1,0.0,GREEN
034105402,41,54,2,0.0,GREEN
034105403,41,54,3,0.0,GREEN
034105410,41,54,10,0.0,GREEN
034105501,41,55,1,0.0,GREEN
034105502,41,55,2,0.0,GREEN
034105503,41,55,3,0.0,GREEN
034105510,41,55,10,0.0,GREEN
034105601,41,56,1,0.0,GREEN
034105602,41,56,2,0.0,GREEN
034105603,41,56,3,0.0,GREEN
034105610,41,56,10,0.0,GREEN
034105612,41,56,12,200.0,RED
034105701,41,57,1,0.0,GREEN
034105702,41,57,2,0.0,GREEN
034105703,41,57,3,0.0,GREEN
034105710,41,57,10,0.0,GREEN
034105801,41,58,1,0.0,GREEN
034105802,41,58,2,0.0,GREEN
034105803,41,58,3,0.0,GREEN
034105810,41,58,10,0.0,GREEN
034105813,41,58,13,100.0,RED
034105901,41,59,1,0.0,GREEN
034105902,41,59,2,0.0,GREEN
034105903,41,59,3,0.0,GREEN
034105910,41,59,10,0.0,GREEN
034106001,41,60,1,0.0,GREEN
034106002,41,60,2,0.0,GREEN
034106003,41,60,3,0.0,GREEN
034106010,41,60,10,0.0,GREEN
034106101,41,61,1,0.0,GREEN
034106102,41,61,2,0.0,GREEN
034106103,41,61,3,0.0,GREEN
034106110,41,61,10,0.0,GREEN
034106201,41,62,1,0.0,GREEN
034106202,41,62,2,0.0,GREEN
034106203,41,62,3,0.0,GREEN
034106210,41,62,10,0.0,GREEN
034106301,41,63,1,0.0,GREEN
034106302,41,63,2,0.0,GREEN
034106303,41,63,3,0.0,GREEN
034106310,41,63,10,0.0,GREEN
034106401,41,64,1,0.0,GREEN
034106402,41,64,2,0.0,GREEN
034106403,41,64,3,0.0,GREEN
034106501,41,65,1,0.0,GREEN
034106502,41,65,2,0.0,GREEN
034106503,41,65,3,0.0,GREEN
034106601,41,66,1,0.0,GREEN
034106602,41,66,2,0.0,GREEN
034106603,41,66,3,0.0,GREEN
034106701,41,67,1,0.0,GREEN
034106702,41,67,2,0.0,GREEN
034106703,41,67,3,0.0,GREEN
034106801,41,68,1,0.0,GREEN
034106802,41,68,2,0.0,GREEN
034106803,41,68,3,0.0,GREEN
034106901,41,69,1,0.0,GREEN
034106902,41,69,2,0.0,GREEN
034106903,41,69,3,0.0,GREEN
034107001,41,70,1,0.0,GREEN
034107002,41,70,2,0.0,GREEN
034107003,41,70,3,0.0,GREEN
034107101,41,71,1,0.0,GREEN
034107102,41,71,2,0.0,GREEN
034107103,41,71,3,0.0,GREEN
034107201,41,72,1,0.0,GREEN
034107202,41,72,2,0.0,GREEN
034107203,41,72,3,0.0,GREEN
034107301,41,73,1,0.0,GREEN
034107302,41,73,2,0.0,GREEN
034107303,41,73,3,0.0,GREEN
034200110,42,1,10,0.0,GREEN
034200210,42,2,10,0.0,GREEN
034200310,42,3,10,0.0,GREEN
034200410,42,4,10,0.0,GREEN
034200510,42,5,10,0.0,GREEN
034200610,42,6,10,0.0,GREEN
034200710,42,7,10,0.0,GREEN
034200810,42,8,10,0.0,GREEN
034200813,42,8,13,100.0,RED
034200910,42,9,10,0.0,GREEN
034201010,42,10,10,0.0,GREEN
034201110,42,11,10,0.0,GREEN
034201210,42,12,10,0.0,GREEN
034201310,42,13,10,0.0,GREEN
034201410,42,14,10,0.0,GREEN
034201510,42,15,10,0.0,GREEN
034201604,42,16,4,0.0,GREEN
034201610,42,16,10,0.0,GREEN
034201710,42,17,10,0.0,GREEN
034201810,42,18,10,0.0,GREEN
034201910,42,19,10,0.0,GREEN
034202010,42,20,10,0.0,GREEN
034202110,42,21,10,0.0,GREEN
034202210,42,22,10,0.0,GREEN
034202310,42,23,10,0.0,GREEN
034202410,42,24,10,0.0,GREEN
034202504,42,25,4,0.0,GREEN
034202510,42,25,10,0.0,GREEN
034202604,42,26,4,0.0,GREEN
034202610,42,26,10,0.0,GREEN
034202710,42,27,10,0.0,GREEN
034202801,42,28,1,0.0,GREEN
034202802,42,28,2,0.0,GREEN
034202803,42,28,3,0.0,GREEN
034202810,42,28,10,0.0,GREEN
034202901,42,29,1,0.0,GREEN
034202902,42,29,2,0.0,GREEN
034202903,42,29,3,0.0,GREEN
034202910,42,29,10,0.0,GREEN
034203001,42,30,1,0.0,GREEN
034203002,42,30,2,0.0,GREEN
034203003,42,30,3,0.0,GREEN
034203010,42,30,10,0.0,GREEN
034203101,42,31,1,0.0,GREEN
034203102,42,31,2,0.0,GREEN
034203103,42,31,3,0.0,GREEN
034203110,42,31,10,0.0,GREEN
034203201,42,32,1,0.0,GREEN
034203202,42,32,2,0.0,GREEN
034203203,42,32,3,0.0,GREEN
034203210,42,32,10,0.0,GREEN
034203301,42,33,1,0.0,GREEN
034203302,42,33,2,0.0,GREEN
034203303,42,33,3,0.0,GREEN
034203310,42,33,10,0.0,GREEN
034203401,42,34,1,0.0,GREEN
034203402,42,34,2,0.0,GREEN
034203403,42,34,3,0.0,GREEN
034203410,42,34,10,0.0,GREEN
034203501,42,35,1,0.0,GREEN
034203502,42,35,2,0.0,GREEN
034203503,42,35,3,0.0,GREEN
034203510,42,35,10,0.0,GREEN
034203601,42,36,1,0.0,GREEN
034203602,42,36,2,0.0,GREEN
034203603,42,36,3,0.0,GREEN
034203610,42,36,10,0.0,GREEN
034203701,42,37,1,0.0,GREEN
034203702,42,37,2,0.0,GREEN
034203703,42,37,3,0.0,GREEN
034203710,42,37,10,0.0,GREEN
034203801,42,38,1,0.0,GREEN
034203802,42,38,2,0.0,GREEN
034203803,42,38,3,0.0,GREEN
034203810,42,38,10,0.0,GREEN
034203901,42,39,1,0.0,GREEN
034203902,42,39,2,0.0,GREEN
034203903,42,39,3,0.0,GREEN
034203910,42,39,10,0.0,GREEN
034204001,42,40,1,0.0,GREEN
034204002,42,40,2,0.0,GREEN
034204003,42,40,3,0.0,GREEN
034204010,42,40,10,0.0,GREEN
034204101,42,41,1,0.0,GREEN
034204102,42,41,2,0.0,GREEN
034204103,42,41,3,0.0,GREEN
034204110,42,41,10,0.0,GREEN
034204201,42,42,1,0.0,GREEN
034204202,42,42,2,0.0,GREEN
034204203,42,42,3,0.0,GREEN
034204210,42,42,10,0.0,GREEN
034204301,42,43,1,0.0,GREEN
034204302,42,43,2,0.0,GREEN
034204303,42,43,3,0.0,GREEN
034204310,42,43,10,0.0,GREEN
034204401,42,44,1,0.0,GREEN
034204402,42,44,2,0.0,GREEN
034204403,42,44,3,0.0,GREEN
034204410,42,44,10,0.0,GREEN
034204501,42,45,1,0.0,GREEN
034204502,42,45,2,0.0,GREEN
034204503,42,45,3,0.0,GREEN
034204510,42,45,10,0.0,GREEN
034204601,42,46,1,0.0,GREEN
034204602,42,46,2,0.0,GREEN
034204603,42,46,3,0.0,GREEN
034204610,42,46,10,0.0,GREEN
034204701,42,47,1,0.0,GREEN
034204702,42,47,2,0.0,GREEN
034204703,42,47,3,0.0,GREEN
034204710,42,47,10,0.0,GREEN
034204801,42,48,1,0.0,GREEN
034204802,42,48,2,0.0,GREEN
034204803,42,48,3,0.0,GREEN
034204810,42,48,10,0.0,GREEN
034204901,42,49,1,0.0,GREEN
034204902,42,49,2,0.0,GREEN
034204903,42,49,3,0.0,GREEN
034205001,42,50,1,0.0,GREEN
034205002,42,50,2,0.0,GREEN
034205003,42,50,3,0.0,GREEN
034205010,42,50,10,0.0,GREEN
034205101,42,51,1,0.0,GREEN
034205102,42,51,2,0.0,GREEN
034205103,42,51,3,0.0,GREEN
034205110,42,51,10,0.0,GREEN
034205201,42,52,1,0.0,GREEN
034205202,42,52,2,0.0,GREEN
034205203,42,52,3,0.0,GREEN
034205210,42,52,10,0.0,GREEN
034205301,42,53,1,0.0,GREEN
034205302,42,53,2,0.0,GREEN
034205303,42,53,3,0.0,GREEN
034205310,42,53,10,0.0,GREEN
034205401,42,54,1,0.0,GREEN
034205402,42,54,2,0.0,GREEN
034205403,42,54,3,0.0,GREEN
034205410,42,54,10,0.0,GREEN
034205501,42,55,1,0.0,GREEN
034205502,42,55,2,0.0,GREEN
034205503,42,55,3,0.0,GREEN
034205510,42,55,10,0.0,GREEN
034205601,42,56,1,0.0,GREEN
034205602,42,56,2,0.0,GREEN
034205603,42,56,3,0.0,GREEN
034205610,42,56,10,0.0,GREEN
034205701,42,57,1,0.0,GREEN
034205702,42,57,2,0.0,GREEN
034205703,42,57,3,0.0,GREEN
034205710,42,57,10,0.0,GREEN
034205801,42,58,1,0.0,GREEN
034205802,42,58,2,0.0,GREEN
034205803,42,58,3,0.0,GREEN
034205810,42,58,10,0.0,GREEN
034205901,42,59,1,0.0,GREEN
034205902,42,59,2,0.0,GREEN
034205903,42,59,3,0.0,GREEN
034205910,42,59,10,0.0,GREEN
034206001,42,60,1,0.0,GREEN
034206002,42,60,2,0.0,GREEN
034206003,42,60,3,0.0,GREEN
034206010,42,60,10,0.0,GREEN
034206101,42,61,1,0.0,GREEN
034206102,42,61,2,0.0,GREEN
034206103,42,61,3,0.0,GREEN
034206110,42,61,10,0.0,GREEN
034206201,42,62,1,0.0,GREEN
034206202,42,62,2,0.0,GREEN
034206203,42,62,3,0.0,GREEN
034206210,42,62,10,0.0,GREEN
034206213,42,62,13,100.0,RED
034206301,42,63,1,0.0,GREEN
034206302,42,63,2,0.0,GREEN
034206303,42,63,3,0.0,GREEN
034206310,42,63,10,0.0,GREEN
034206401,42,64,1,0.0,GREEN
034206402,42,64,2,0.0,GREEN
034206403,42,64,3,0.0,GREEN
034206501,42,65,1,0.0,GREEN
034206502,42,65,2,0.0,GREEN
034206503,42,65,3,0.0,GREEN
034206601,42,66,1,0.0,GREEN
034206602,42,66,2,0.0,GREEN
034206603,42,66,3,0.0,GREEN
034206701,42,67,1,0.0,GREEN
034206702,42,67,2,0.0,GREEN
034206703,42,67,3,0.0,GREEN
034206801,42,68,1,0.0,GREEN
034206802,42,68,2,0.0,GREEN
034206803,42,68,3,0.0,GREEN
034206901,42,69,1,0.0,GREEN
034206902,42,69,2,0.0,GREEN
034206903,42,69,3,0.0,GREEN
034207001,42,70,1,0.0,GREEN
034207002,42,70,2,0.0,GREEN
034207003,42,70,3,0.0,GREEN
034207101,42,71,1,0.0,GREEN
034207102,42,71,2,0.0,GREEN
034207103,42,71,3,0.0,GREEN
034207201,42,72,1,0.0,GREEN
034207202,42,72,2,0.0,GREEN
034207203,42,72,3,0.0,GREEN
034207301,42,73,1,0.0,GREEN
034207302,42,73,2,0.0,GREEN
034207303,42,73,3,0.0,GREEN
034300110,43,1,10,0.0,GREEN
034300111,43,1,11,200.0,RED
034300202,43,2,2,0.0,GREEN
034300203,43,2,3,0.0,GREEN
034300210,43,2,10,0.0,GREEN
034300301,43,3,1,0.0,GREEN
034300302,43,3,2,0.0,GREEN
034300303,43,3,3,0.0,GREEN
034300310,43,3,10,0.0,GREEN
034300410,43,4,10,0.0,GREEN
034300510,43,5,10,0.0,GREEN
034300610,43,6,10,0.0,GREEN
034300601,43,7,1,0.0,GREEN
034300603,43,7,3,0.0,GREEN
034300710,43,7,10,0.0,GREEN
034300810,43,8,10,0.0,GREEN
034300801,43,9,1,0.0,GREEN
034300803,43,9,3,0.0,GREEN
034300910,43,9,10,0.0,GREEN
034301010,43,10,10,0.0,GREEN
034301110,43,11,10,0.0,GREEN
034301210,43,12,10,0.0,GREEN
034300401,43,13,1,0.0,GREEN
034300402,43,13,2,0.0,GREEN
034300403,43,13,3,0.0,GREEN
034300404,43,13,4,0.0,GREEN
034300501,43,14,1,0.0,GREEN
034300504,43,14,4,0.0,GREEN
034301401,43,15,1,0.0,GREEN
034301310,43,15,10,0.0,GREEN
034301501,43,16,1,0.0,GREEN
034301410,43,16,10,0.0,GREEN
034301601,43,17,1,0.0,GREEN
034301603,43,17,3,0.0,GREEN
034301510,43,17,10,0.0,GREEN
034301801,43,18,1,0.0,GREEN
034301802,43,18,2,0.0,GREEN
034301803,43,18,3,0.0,GREEN
034301704,43,18,4,0.0,GREEN
034301610,43,18,10,0.0,GREEN
034301904,43,19,4,300.0,RED
034301710,43,19,10,0.0,GREEN
034302004,43,20,4,0.0,GREEN
034302101,43,21,1,0.0,GREEN
034302102,43,21,2,0.0,GREEN
034302103,43,21,3,0.0,GREEN
034301910,43,21,10,0.0,GREEN
034302201,43,22,1,0.0,GREEN
034302202,43,22,2,0.0,GREEN
034302203,43,22,3,0.0,GREEN
034302010,43,22,10,0.0,GREEN
034302301,43,23,1,0.0,GREEN
034302302,43,23,2,0.0,GREEN
034302303,43,23,3,0.0,GREEN
034302110,43,23,10,0.0,GREEN
034302401,43,24,1,0.0,GREEN
034302402,43,24,2,0.0,GREEN
034302403,43,24,3,0.0,GREEN
034302210,43,24,10,0.0,GREEN
034302501,43,25,1,0.0,GREEN
034302502,43,25,2,0.0,GREEN
034302503,43,25,3,0.0,GREEN
034302310,43,25,10,0.0,GREEN
034302601,43,26,1,0.0,GREEN
034302602,43,26,2,0.0,GREEN
034302603,43,26,3,0.0,GREEN
034302410,43,26,10,0.0,GREEN
034302701,43,27,1,0.0,GREEN
034302702,43,27,2,0.0,GREEN
034302703,43,27,3,0.0,GREEN
034302510,43,27,10,0.0,GREEN
034302801,43,28,1,0.0,GREEN
034302802,43,28,2,0.0,GREEN
034302803,43,28,3,0.0,GREEN
034302610,43,28,10,0.0,GREEN
034302901,43,29,1,0.0,GREEN
034302902,43,29,2,0.0,GREEN
034302903,43,29,3,0.0,GREEN
034302710,43,29,10,0.0,GREEN
034303001,43,30,1,0.0,GREEN
034303002,43,30,2,0.0,GREEN
034303003,43,30,3,0.0,GREEN
034302810,43,30,10,0.0,GREEN
034302811,43,30,11,100.0,RED
034303101,43,31,1,0.0,GREEN
034303102,43,31,2,0.0,GREEN
034303103,43,31,3,0.0,GREEN
034302910,43,31,10,0.0,GREEN
034303201,43,32,1,0.0,GREEN
034303202,43,32,2,0.0,GREEN
034303203,43,32,3,0.0,GREEN
034303010,43,32,10,0.0,GREEN
034303011,43,32,11,100.0,RED
034303012,43,32,12,100.0,RED
034303301,43,33,1,0.0,GREEN
034303302,43,33,2,0.0,GREEN
034303303,43,33,3,0.0,GREEN
034303110,43,33,10,0.0,GREEN
034303111,43,33,11,200.0,RED
034303112,43,33,12,100.0,RED
034303401,43,34,1,0.0,GREEN
034303402,43,34,2,0.0,GREEN
034303403,43,34,3,0.0,GREEN
034303210,43,34,10,0.0,GREEN
034303501,43,35,1,0.0,GREEN
034303502,43,35,2,0.0,GREEN
034303503,43,35,3,0.0,GREEN
034303310,43,35,10,0.0,GREEN
034303601,43,36,1,0.0,GREEN
034303602,43,36,2,0.0,GREEN
034303603,43,36,3,0.0,GREEN
034303410,43,36,10,0.0,GREEN
034303701,43,37,1,0.0,GREEN
034303702,43,37,2,0.0,GREEN
034303703,43,37,3,0.0,GREEN
034303510,43,37,10,0.0,GREEN
034303801,43,38,1,0.0,GREEN
034303802,43,38,2,0.0,GREEN
034303803,43,38,3,0.0,GREEN
034303610,43,38,10,0.0,GREEN
034303611,43,38,11,100.0,RED
034303901,43,39,1,0.0,GREEN
034303902,43,39,2,0.0,GREEN
034303903,43,39,3,0.0,GREEN
034303710,43,39,10,0.0,GREEN
034304001,43,40,1,0.0,GREEN
034304002,43,40,2,0.0,GREEN
034304003,43,40,3,0.0,GREEN
034303810,43,40,10,0.0,GREEN
034304101,43,41,1,0.0,GREEN
034304102,43,41,2,0.0,GREEN
034304103,43,41,3,0.0,GREEN
034303910,43,41,10,0.0,GREEN
034304201,43,42,1,0.0,GREEN
034304202,43,42,2,0.0,GREEN
034304203,43,42,3,0.0,GREEN
034304010,43,42,10,0.0,GREEN
034304301,43,43,1,0.0,GREEN
034304302,43,43,2,0.0,GREEN
034304303,43,43,3,0.0,GREEN
034304110,43,43,10,0.0,GREEN
034304401,43,44,1,0.0,GREEN
034304402,43,44,2,0.0,GREEN
034304403,43,44,3,0.0,GREEN
034304410,43,44,10,0.0,GREEN
034304501,43,45,1,0.0,GREEN
034304502,43,45,2,0.0,GREEN
034304503,43,45,3,0.0,GREEN
034304510,43,45,10,0.0,GREEN
034304601,43,46,1,0.0,GREEN
034304602,43,46,2,0.0,GREEN
034304603,43,46,3,0.0,GREEN
034304610,43,46,10,0.0,GREEN
034304701,43,47,1,0.0,GREEN
034304702,43,47,2,0.0,GREEN
034304703,43,47,3,0.0,GREEN
034304710,43,47,10,0.0,GREEN
034304801,43,48,1,0.0,GREEN
034304802,43,48,2,0.0,GREEN
034304803,43,48,3,0.0,GREEN
034304810,43,48,10,0.0,GREEN
034304901,43,49,1,0.0,GREEN
034304902,43,49,2,0.0,GREEN
034304903,43,49,3,0.0,GREEN
034305001,43,50,1,0.0,GREEN
034305002,43,50,2,0.0,GREEN
034305003,43,50,3,0.0,GREEN
034305101,43,51,1,0.0,GREEN
034305102,43,51,2,0.0,GREEN
034305103,43,51,3,0.0,GREEN
034305201,43,52,1,0.0,GREEN
034305202,43,52,2,0.0,GREEN
034305203,43,52,3,0.0,GREEN
034305301,43,53,1,0.0,GREEN
034305302,43,53,2,0.0,GREEN
034305303,43,53,3,0.0,GREEN
034305401,43,54,1,0.0,GREEN
034305402,43,54,2,0.0,GREEN
034305403,43,54,3,0.0,GREEN
034305501,43,55,1,0.0,GREEN
034305502,43,55,2,0.0,GREEN
034305503,43,55,3,0.0,GREEN
034305601,43,56,1,0.0,GREEN
034305602,43,56,2,0.0,GREEN
034305603,43,56,3,0.0,GREEN
034305701,43,57,1,0.0,GREEN
034305702,43,57,2,0.0,GREEN
034305703,43,57,3,0.0,GREEN
034305801,43,58,1,0.0,GREEN
034305802,43,58,2,0.0,GREEN
034305803,43,58,3,0.0,GREEN
034305901,43,59,1,0.0,GREEN
034305902,43,59,2,0.0,GREEN
034305903,43,59,3,0.0,GREEN
034306001,43,60,1,0.0,GREEN
034306002,43,60,2,0.0,GREEN
034306003,43,60,3,0.0,GREEN
034306101,43,61,1,0.0,GREEN
034306102,43,61,2,0.0,GREEN
034306103,43,61,3,0.0,GREEN
034306201,43,62,1,0.0,GREEN
034306202,43,62,2,0.0,GREEN
034306203,43,62,3,0.0,GREEN
034306301,43,63,1,0.0,GREEN
034306302,43,63,2,0.0,GREEN
034306303,43,63,3,0.0,GREEN
034306401,43,64,1,0.0,GREEN
034306402,43,64,2,0.0,GREEN
034306403,43,64,3,0.0,GREEN
034306501,43,65,1,0.0,GREEN
034306502,43,65,2,0.0,GREEN
034306503,43,65,3,0.0,GREEN
034306601,43,66,1,0.0,GREEN
034306602,43,66,2,0.0,GREEN
034306603,43,66,3,0.0,GREEN
034306701,43,67,1,0.0,GREEN
034306702,43,67,2,0.0,GREEN
034306703,43,67,3,0.0,GREEN
034306801,43,68,1,0.0,GREEN
034306802,43,68,2,0.0,GREEN
034306803,43,68,3,0.0,GREEN
034306901,43,69,1,0.0,GREEN
034306902,43,69,2,0.0,GREEN
034306903,43,69,3,0.0,GREEN
034307001,43,70,1,0.0,GREEN
034307002,43,70,2,0.0,GREEN
034307003,43,70,3,0.0,GREEN
034307101,43,71,1,0.0,GREEN
034307102,43,71,2,0.0,GREEN
034307103,43,71,3,0.0,GREEN
034307201,43,72,1,0.0,GREEN
034307202,43,72,2,0.0,GREEN
034307203,43,72,3,0.0,GREEN
034307301,43,73,1,0.0,GREEN
034307302,43,73,2,0.0,GREEN
034307303,43,73,3,0.0,GREEN
032603206,26,32,6,0.0,GREEN
030707003,07,70,3,0.0,GREEN
031106504,11,65,4,0.0,GREEN
030701804,07,18,4,0.0,GREEN
030701504,07,15,4,0.0,GREEN
031204703,12,47,3,100.0,RED
030904903,09,49,3,0.0,GREEN
030901202,09,12,2,0.0,GREEN
031600706,16,7,6,0.0,GREEN
031002802,10,28,2,0.0,GREEN
030902802,09,28,2,0.0,GREEN
032000502,20,5,2,100.0,RED
032006203,20,62,3,100.0,RED
032006204,20,62,4,100.0,RED
032101504,21,15,4,100.0,RED
032101704,21,17,4,0.0,GREEN
031602401,16,24,1,0.0,GREEN
032200702,22,7,2,100.0,RED
032200703,22,7,3,100.0,RED
032506503,25,65,3,100.0,RED
032508703,25,87,3,100.0,RED
032508904,25,89,4,100.0,RED
032604303,26,43,3,100.0,RED
032803703,28,37,3,0.0,GREEN
032907001,29,70,1,100.0,RED
034801303,48,13,3,100.0,RED
032806303,28,63,3,100.0,RED
032704703,27,47,3,100.0,RED
032202603,22,26,3,100.0,RED
034505605,45,56,5,0.0,GREEN
034505705,45,57,5,0.0,GREEN
034505805,45,58,5,0.0,GREEN
034505905,45,59,5,0.0,GREEN
034506005,45,60,5,0.0,GREEN
034506105,45,61,5,0.0,GREEN
034506205,45,62,5,0.0,GREEN
034506305,45,63,5,0.0,GREEN
034506405,45,64,5,0.0,GREEN
034506505,45,65,5,0.0,GREEN
034506605,45,66,5,0.0,GREEN
034506705,45,67,5,0.0,GREEN
034506805,45,68,5,0.0,GREEN
034506905,45,69,5,0.0,GREEN
034507005,45,70,5,100.0,RED
034507305,45,73,5,0.0,GREEN
034605705,46,57,5,0.0,GREEN
034605805,46,58,5,0.0,GREEN
034605905,46,59,5,0.0,GREEN
034606005,46,60,5,0.0,GREEN
034606605,46,66,5,0.0,GREEN
034606805,46,68,5,100.0,RED
034705605,47,56,5,100.0,RED
034705705,47,57,5,0.0,GREEN
034705805,47,58,5,0.0,GREEN
034705905,47,59,5,0.0,GREEN
034706005,47,60,5,100.0,RED
034706105,47,61,5,0.0,GREEN
034706205,47,62,5,0.0,GREEN
034706305,47,63,5,0.0,GREEN
034706405,47,64,5,100.0,RED
034706505,47,65,5,100.0,RED
034707205,47,72,5,0.0,GREEN
034707305,47,73,5,100.0,RED
034805705,48,57,5,100.0,RED
034805805,48,58,5,200.0,RED
034806205,48,62,5,100.0,RED
034806405,48,64,5,100.0,RED
034706004,47,60,4,0.0,GREEN
034706104,47,61,4,0.0,GREEN
034706304,47,63,4,0.0,GREEN
034706404,47,64,4,0.0,GREEN
034706503,47,65,3,100.0,RED
034706504,47,65,4,0.0,GREEN
034706704,47,67,4,0.0,GREEN
034706804,47,68,4,0.0,GREEN
034706904,47,69,4,0.0,GREEN
034707004,47,70,4,0.0,GREEN
034707104,47,71,4,0.0,GREEN
034707204,47,72,4,0.0,GREEN
032401102,24,11,2,100.0,RED
032401403,24,14,3,0.0,GREEN
032401501,24,15,1,100.0,RED
032401603,24,16,3,100.0,RED
032401703,24,17,3,0.0,GREEN
032401903,24,19,3,0.0,GREEN
032402002,24,20,2,100.0,RED
032402202,24,22,2,100.0,RED
032402303,24,23,3,100.0,RED
032306204,23,62,4,100.0,RED
032501802,25,18,2,100.0,RED
032907502,29,75,2,0.0,GREEN
032001704,20,17,4,100.0,RED
034805203,48,52,3,0.0,GREEN
032202402,22,24,2,100.0,RED
032905705,29,57,5,0.0,GREEN
032905804,29,58,4,0.0,GREEN
031206004,12,60,4,0.0,GREEN
031206506,12,65,6,0.0,GREEN
030605905,06,59,5,0.0,GREEN
031306005,13,60,5,0.0,GREEN
030803704,08,37,4,0.0,GREEN
031104906,11,49,6,0.0,GREEN
031403306,14,33,6,0.0,GREEN
031604604,16,46,4,0.0,GREEN
030605802,06,58,2,0.0,GREEN
031005103,10,51,3,0.0,GREEN
031005406,10,54,6,0.0,GREEN
031606604,16,66,4,100.0,RED
031003706,10,37,6,0.0,GREEN
031002006,10,20,6,0.0,GREEN
030601002,06,10,2,0.0,GREEN
030705506,07,55,6,0.0,GREEN
030904206,09,42,6,0.0,GREEN
031005005,10,50,5,0.0,GREEN
030904302,09,43,2,0.0,GREEN
031006206,10,62,6,0.0,GREEN
031101204,11,12,4,0.0,GREEN
031507002,15,70,2,200.0,RED
032407101,24,71,1,100.0,RED
032301802,23,18,2,0.0,GREEN
032902304,29,23,4,0.0,GREEN
031306103,13,61,3,100.0,RED
034606105,46,61,5,0.0,GREEN
032107103,21,71,3,0.0,GREEN
031900101,19,1,1,0.0,GREEN
031301806,13,18,6,0.0,GREEN
031406105,14,61,5,0.0,GREEN
031003305,10,33,5,0.0,GREEN
031002704,10,27,4,0.0,GREEN
031706700,17,67,0,100.0,RED
030302602,03,26,2,0.0,GREEN
030806210,08,62,10,0.0,GREEN
030800204,08,2,4,0.0,GREEN
031005204,10,52,4,0.0,GREEN
031604304,16,43,4,0.0,GREEN
030903504,09,35,4,0.0,GREEN
031306803,13,68,3,200.0,RED
032102202,21,22,2,100.0,RED
032801602,28,16,2,0.0,GREEN
032801603,28,16,3,100.0,RED
031303403,13,34,3,0.0,GREEN
032801604,28,16,4,0.0,GREEN
032801605,28,16,5,0.0,GREEN
032301402,23,14,2,100.0,RED
032801502,28,15,2,100.0,RED
032801402,28,14,2,0.0,GREEN
030602203,06,22,3,0.0,GREEN
032801503,28,15,3,100.0,RED
032801403,28,14,3,0.0,GREEN
032801504,28,15,4,0.0,GREEN
032801404,28,14,4,0.0,GREEN
031606702,16,67,2,100.0,RED
032801505,28,15,5,100.0,RED
032801405,28,14,5,0.0,GREEN
032202100,22,21,0,0.0,GREEN
032801606,28,16,6,0.0,GREEN
031705703,17,57,3,100.0,RED
032801506,28,15,6,0.0,GREEN
032801406,28,14,6,100.0,RED
032801302,28,13,2,0.0,GREEN
032801303,28,13,3,100.0,RED
032801304,28,13,4,0.0,GREEN
032801305,28,13,5,0.0,GREEN
030804002,08,40,2,0.0,GREEN
032801306,28,13,6,0.0,GREEN
032801206,28,12,6,0.0,GREEN
032801202,28,12,2,0.0,GREEN
032801102,28,11,2,100.0,RED
032801203,28,12,3,0.0,GREEN
032801103,28,11,3,100.0,RED
032801204,28,12,4,0.0,GREEN
032801104,28,11,4,0.0,GREEN
032801205,28,12,5,0.0,GREEN
032801105,28,11,5,0.0,GREEN
031506103,15,61,3,0.0,GREEN
032200801,22,8,1,0.0,GREEN
031005806,10,58,6,0.0,GREEN
034804502,48,45,2,0.0,GREEN
032005405,20,54,5,100.0,RED
032503206,25,32,6,100.0,RED
032503301,25,33,1,100.0,RED
032804905,28,49,5,0.0,GREEN
032805803,28,58,3,0.0,GREEN
032806002,28,60,2,100.0,RED
034807104,48,71,4,0.0,GREEN
030704203,07,42,3,0.0,GREEN
031004002,10,40,2,0.0,GREEN
031200602,12,6,2,0.0,GREEN
031603604,16,36,4,200.0,RED
031705802,17,58,2,0.0,GREEN
032802105,28,21,5,100.0,RED
032006001,20,60,1,100.0,RED
032205504,22,55,4,100.0,RED
032102402,21,24,2,100.0,RED
032301204,23,12,4,100.0,RED
032306104,23,61,4,100.0,RED
032506303,25,63,3,100.0,RED
032705702,27,57,2,0.0,GREEN
031106405,11,64,5,0.0,GREEN
030901502,09,15,2,0.0,GREEN
031002904,10,29,4,0.0,GREEN
032904902,29,49,2,100.0,RED
032001502,20,15,2,100.0,RED
032507603,25,76,3,100.0,RED
030605205,06,52,5,0.0,GREEN
031900702,19,7,2,100.0,RED
032807002,28,70,2,100.0,RED
031203604,12,36,4,0.0,GREEN
031201205,12,12,5,0.0,GREEN
031105205,11,52,5,0.0,GREEN
031805401,18,54,1,100.0,RED
030606505,06,65,5,0.0,GREEN
030400706,04,7,6,0.0,GREEN
030805102,08,51,2,0.0,GREEN
030704604,07,46,4,0.0,GREEN
030803604,08,36,4,0.0,GREEN
030604104,06,41,4,0.0,GREEN
030402703,04,27,3,0.0,GREEN
031004706,10,47,6,0.0,GREEN
031203706,12,37,6,0.0,GREEN
032801002,28,10,2,100.0,RED
032801003,28,10,3,0.0,GREEN
032801106,28,11,6,0.0,GREEN
032801004,28,10,4,0.0,GREEN
030203301,02,33,1,0.0,GREEN
031500104,15,1,4,0.0,GREEN
030503304,05,33,4,0.0,GREEN
031306504,13,65,4,100.0,RED
031800103,18,1,3,0.0,GREEN
030701502,07,15,2,0.0,GREEN
030706604,07,66,4,0.0,GREEN
032801005,28,10,5,0.0,GREEN
032801006,28,10,6,0.0,GREEN
032800902,28,9,2,100.0,RED
032800903,28,9,3,100.0,RED
032800904,28,9,4,0.0,GREEN
031706901,17,69,1,100.0,RED
032600506,26,5,6,0.0,GREEN
031807002,18,70,2,0.0,GREEN
031304305,13,43,5,0.0,GREEN
030704900,07,49,0,100.0,RED
031603602,16,36,2,0.0,GREEN
030801103,08,11,3,0.0,GREEN
032006605,20,66,5,100.0,RED
030102403,01,24,3,0.0,GREEN
030400305,04,3,5,0.0,GREEN
031203005,12,30,5,0.0,GREEN
032805603,28,56,3,100.0,RED
031804802,18,48,2,0.0,GREEN
032703902,27,39,2,100.0,RED
031506304,15,63,4,0.0,GREEN
032804204,28,42,4,0.0,GREEN
030800405,08,4,5,0.0,GREEN
034705802,47,58,2,100.0,RED
031404503,14,45,3,100.0,RED
032203403,22,34,3,100.0,RED
031305402,13,54,2,100.0,RED
030603205,06,32,5,0.0,GREEN
032507203,25,72,3,100.0,RED
034805501,48,55,1,100.0,RED
032102201,21,22,1,100.0,RED
030201402,02,14,2,0.0,GREEN
031804102,18,41,2,100.0,RED
032302405,23,24,5,0.0,GREEN
031802302,18,23,2,100.0,RED
032509105,25,91,5,100.0,RED
031404603,14,46,3,100.0,RED
031603004,16,30,4,0.0,GREEN
031103705,11,37,5,0.0,GREEN
032800905,28,9,5,0.0,GREEN
032800906,28,9,6,0.0,GREEN
032800802,28,8,2,100.0,RED
032800803,28,8,3,0.0,GREEN
032800804,28,8,4,0.0,GREEN
032800805,28,8,5,0.0,GREEN
032800806,28,8,6,0.0,GREEN
032700802,27,8,2,0.0,GREEN
032700801,27,8,1,0.0,GREEN
032700803,27,8,3,0.0,GREEN
032700804,27,8,4,0.0,GREEN
032700805,27,8,5,0.0,GREEN
032700806,27,8,6,0.0,GREEN
032700901,27,9,1,0.0,GREEN
032700902,27,9,2,0.0,GREEN
030902905,09,29,5,0.0,GREEN
030903402,09,34,2,0.0,GREEN
032700903,27,9,3,0.0,GREEN
032700904,27,9,4,0.0,GREEN
032700905,27,9,5,0.0,GREEN
032700906,27,9,6,0.0,GREEN
032701001,27,10,1,0.0,GREEN
031204405,12,44,5,0.0,GREEN
032701002,27,10,2,100.0,RED
032701003,27,10,3,100.0,RED
032701101,27,11,1,100.0,RED
032701102,27,11,2,0.0,GREEN
032701006,27,10,6,100.0,RED
032701005,27,10,5,0.0,GREEN
032701004,27,10,4,0.0,GREEN
032701103,27,11,3,100.0,RED
031105905,11,59,5,0.0,GREEN
032701104,27,11,4,0.0,GREEN
032701105,27,11,5,0.0,GREEN
032701106,27,11,6,0.0,GREEN
032701201,27,12,1,100.0,RED
032701301,27,13,1,100.0,RED
032701202,27,12,2,0.0,GREEN
032701302,27,13,2,0.0,GREEN
032701203,27,12,3,0.0,GREEN
032701303,27,13,3,100.0,RED
032701204,27,12,4,0.0,GREEN
032701304,27,13,4,0.0,GREEN
032701205,27,12,5,0.0,GREEN
032701206,27,12,6,0.0,GREEN
032701305,27,13,5,0.0,GREEN
032701306,27,13,6,0.0,GREEN
030706606,07,66,6,0.0,GREEN
032701406,27,14,6,0.0,GREEN
032701405,27,14,5,0.0,GREEN
032701404,27,14,4,0.0,GREEN
032701403,27,14,3,100.0,RED
032701402,27,14,2,0.0,GREEN
032701401,27,14,1,100.0,RED
032701506,27,15,6,0.0,GREEN
032701606,27,16,6,0.0,GREEN
031802003,18,20,3,100.0,RED
031802902,18,29,2,100.0,RED
031802903,18,29,3,0.0,GREEN
031802002,18,20,2,100.0,RED
031100506,11,5,6,0.0,GREEN
032701505,27,15,5,0.0,GREEN
032701605,27,16,5,100.0,RED
032701604,27,16,4,100.0,RED
032701504,27,15,4,0.0,GREEN
030401304,04,13,4,0.0,GREEN
032701503,27,15,3,100.0,RED
032701603,27,16,3,0.0,GREEN
032701502,27,15,2,100.0,RED
032701602,27,16,2,0.0,GREEN
032701501,27,15,1,100.0,RED
032701601,27,16,1,100.0,RED
030702505,07,25,5,0.0,GREEN
030703703,07,37,3,0.0,GREEN
031104100,11,41,0,200.0,RED
030803106,08,31,6,0.0,GREEN
031504404,15,44,4,0.0,GREEN
031104504,11,45,4,0.0,GREEN
031604505,16,45,5,0.0,GREEN
030906102,09,61,2,0.0,GREEN
030401301,04,13,1,0.0,GREEN
031503203,15,32,3,100.0,RED
031602506,16,25,6,0.0,GREEN
031400905,14,9,5,0.0,GREEN
030302806,03,28,6,0.0,GREEN
032603802,26,38,2,100.0,RED
034803901,48,39,1,100.0,RED
032206505,22,65,5,100.0,RED
030903905,09,39,5,0.0,GREEN
032504005,25,40,5,100.0,RED
031902104,19,21,4,100.0,RED
031206106,12,61,6,0.0,GREEN
031302105,13,21,5,0.0,GREEN
030604105,06,41,5,0.0,GREEN
031103500,11,35,0,300.0,RED
034805801,48,58,1,100.0,RED
032206706,22,67,6,0.0,GREEN
034801705,48,17,5,0.0,GREEN
032305404,23,54,4,100.0,RED
032508603,25,86,3,100.0,RED
032902003,29,20,3,100.0,RED
032103702,21,37,2,100.0,RED
032802206,28,22,6,0.0,GREEN
031103603,11,36,3,0.0,GREEN
031402604,14,26,4,0.0,GREEN
031406104,14,61,4,0.0,GREEN
030605705,06,57,5,0.0,GREEN
030200705,02,7,5,0.0,GREEN
030201902,02,19,2,0.0,GREEN
030401606,04,16,6,0.0,GREEN
030201306,02,13,6,0.0,GREEN
030604002,06,40,2,0.0,GREEN
031001503,10,15,3,0.0,GREEN
032603402,26,34,2,100.0,RED
031605200,16,52,0,100.0,RED
031005105,10,51,5,0.0,GREEN
030604903,06,49,3,0.0,GREEN
031202505,12,25,5,0.0,GREEN
031404502,14,45,2,100.0,RED
030201901,02,19,1,0.0,GREEN
031006905,10,69,5,0.0,GREEN
031706303,17,63,3,100.0,RED
034706002,47,60,2,100.0,RED
030606402,06,64,2,0.0,GREEN
030702903,07,29,3,0.0,GREEN
030702803,07,28,3,0.0,GREEN
030907002,09,70,2,0.0,GREEN
034301600,43,17,0,0.0,GREEN
030706904,07,69,4,0.0,GREEN
030701705,07,17,5,0.0,GREEN
030403303,04,33,3,0.0,GREEN
031200902,12,9,2,0.0,GREEN
031204905,12,49,5,0.0,GREEN
031504705,15,47,5,0.0,GREEN
031504704,15,47,4,100.0,RED
031305406,13,54,6,0.0,GREEN
031402506,14,25,6,0.0,GREEN
031600103,16,1,3,0.0,GREEN
030706204,07,62,4,0.0,GREEN
031002804,10,28,4,0.0,GREEN
030902305,09,23,5,0.0,GREEN
030900806,09,8,6,0.0,GREEN
031001106,10,11,6,0.0,GREEN
031600906,16,9,6,0.0,GREEN
031000706,10,7,6,0.0,GREEN
031100805,11,8,5,0.0,GREEN
030700603,07,6,3,0.0,GREEN
030500802,05,8,2,0.0,GREEN
030701106,07,11,6,0.0,GREEN
030905706,09,57,6,0.0,GREEN
031003406,10,34,6,0.0,GREEN
031103906,11,39,6,0.0,GREEN
031901105,19,11,5,100.0,RED
032001305,20,13,5,100.0,RED
032301302,23,13,2,100.0,RED
032803704,28,37,4,0.0,GREEN
032901203,29,12,3,0.0,GREEN
030401105,04,11,5,0.0,GREEN
031201004,12,10,4,0.0,GREEN
030804304,08,43,4,0.0,GREEN
030700106,07,1,6,0.0,GREEN
032507205,25,72,5,100.0,RED
034812510,48,125,10,100.0,RED
032803304,28,33,4,0.0,GREEN
031101102,11,11,2,0.0,GREEN
031604305,16,43,5,100.0,RED
032901704,29,17,4,0.0,GREEN
031400102,14,1,2,0.0,GREEN
031600102,16,1,2,0.0,GREEN
030501605,05,16,5,0.0,GREEN
031804701,18,47,1,100.0,RED
030705803,07,58,3,0.0,GREEN
031200405,12,4,5,0.0,GREEN
030805805,08,58,5,0.0,GREEN
031402705,14,27,5,0.0,GREEN
031001406,10,14,6,0.0,GREEN
031603903,16,39,3,0.0,GREEN
031102103,11,21,3,0.0,GREEN
031002102,10,21,2,0.0,GREEN
031002103,10,21,3,0.0,GREEN
032304205,23,42,5,0.0,GREEN
031501004,15,10,4,100.0,RED
031104304,11,43,4,0.0,GREEN
031003105,10,31,5,0.0,GREEN
032005401,20,54,1,100.0,RED
031505105,15,51,5,0.0,GREEN
030602804,06,28,4,0.0,GREEN
031001504,10,15,4,0.0,GREEN
032704505,27,45,5,0.0,GREEN
032707201,27,72,1,100.0,RED
032602905,26,29,5,0.0,GREEN
030202101,02,21,1,0.0,GREEN
030500205,05,2,5,0.0,GREEN
030301805,03,18,5,0.0,GREEN
032103101,21,31,1,100.0,RED
032702304,27,23,4,0.0,GREEN
032706005,27,60,5,0.0,GREEN
032301906,23,19,6,0.0,GREEN
032302302,23,23,2,100.0,RED
032603203,26,32,3,0.0,GREEN
032302006,23,20,6,0.0,GREEN
032900700,29,7,0,0.0,GREEN
030704302,07,43,2,0.0,GREEN
030704303,07,43,3,0.0,GREEN
030803506,08,35,6,0.0,GREEN
030603204,06,32,4,0.0,GREEN
030907304,09,73,4,0.0,GREEN
031104405,11,44,5,0.0,GREEN
031305505,13,55,5,0.0,GREEN
031202202,12,22,2,0.0,GREEN
031203002,12,30,2,0.0,GREEN
031401102,14,11,2,0.0,GREEN
031401202,14,12,2,0.0,GREEN
031303806,13,38,6,0.0,GREEN
030502205,05,22,5,0.0,GREEN
031003302,10,33,2,0.0,GREEN
030602202,06,22,2,0.0,GREEN
032300705,23,7,5,0.0,GREEN
030302405,03,24,5,0.0,GREEN
031201404,12,14,4,0.0,GREEN
030800303,08,3,3,0.0,GREEN
030501005,05,10,5,0.0,GREEN
032205902,22,59,2,100.0,RED
031404705,14,47,5,0.0,GREEN
030906605,09,66,5,0.0,GREEN
032508604,25,86,4,0.0,GREEN
030301105,03,11,5,0.0,GREEN
031503405,15,34,5,0.0,GREEN
030806310,08,63,10,0.0,GREEN
030203101,02,31,1,0.0,GREEN
031203805,12,38,5,0.0,GREEN
032301403,23,14,3,0.0,GREEN
030805402,08,54,2,0.0,GREEN
032805704,28,57,4,100.0,RED
031505704,15,57,4,100.0,RED
031204103,12,41,3,0.0,GREEN
034607004,46,70,4,100.0,RED
032204600,22,46,0,100.0,RED
032302002,23,20,2,100.0,RED
032903305,29,33,5,0.0,GREEN
032106302,21,63,2,100.0,RED
032302406,23,24,6,0.0,GREEN
032302505,23,25,5,0.0,GREEN
032405703,24,57,3,100.0,RED
032903205,29,32,5,0.0,GREEN
030604304,06,43,4,0.0,GREEN
031302303,13,23,3,0.0,GREEN
031302904,13,29,4,0.0,GREEN
032600706,26,7,6,0.0,GREEN
031903006,19,30,6,0.0,GREEN
031904606,19,46,6,100.0,RED
031904806,19,48,6,0.0,GREEN
034606504,46,65,4,0.0,GREEN
034606503,46,65,3,0.0,GREEN
032100504,21,5,4,100.0,RED
032203006,22,30,6,0.0,GREEN
032801301,28,13,1,100.0,RED
032801201,28,12,1,0.0,GREEN
032801101,28,11,1,100.0,RED
032801001,28,10,1,0.0,GREEN
032106702,21,67,2,0.0,GREEN
031904006,19,40,6,0.0,GREEN
031904106,19,41,6,100.0,RED
034607104,46,71,4,100.0,RED
034801501,48,15,1,0.0,GREEN
032805404,28,54,4,100.0,RED
030606802,06,68,2,0.0,GREEN
030906505,09,65,5,0.0,GREEN
034301800,43,18,0,0.0,GREEN
032905200,29,52,0,100.0,RED
030806606,08,66,6,0.0,GREEN
031502305,15,23,5,0.0,GREEN
030601406,06,14,6,0.0,GREEN
031501502,15,15,2,0.0,GREEN
031604504,16,45,4,0.0,GREEN
030102903,01,29,3,100.0,RED
030803006,08,30,6,0.0,GREEN
030402505,04,25,5,0.0,GREEN
031803203,18,32,3,0.0,GREEN
031600104,16,1,4,0.0,GREEN
030101502,01,15,2,0.0,GREEN
030603606,06,36,6,0.0,GREEN
032800901,28,9,1,0.0,GREEN
030102203,01,22,3,0.0,GREEN
031503705,15,37,5,0.0,GREEN
030903204,09,32,4,0.0,GREEN
032405304,24,53,4,100.0,RED
030103102,01,31,2,0.0,GREEN
030902502,09,25,2,0.0,GREEN
032800801,28,8,1,100.0,RED
032801401,28,14,1,100.0,RED
032801501,28,15,1,100.0,RED
032907102,29,71,2,100.0,RED
030203104,02,31,4,0.0,GREEN
032402300,24,23,0,100.0,RED
030403403,04,34,3,0.0,GREEN
032206905,22,69,5,100.0,RED
032905103,29,51,3,100.0,RED
034804701,48,47,1,100.0,RED
032002004,20,20,4,100.0,RED
034705503,47,55,3,100.0,RED
032503706,25,37,6,100.0,RED
032506504,25,65,4,0.0,GREEN
032801601,28,16,1,100.0,RED
030606203,06,62,3,0.0,GREEN
031801300,18,13,0,100.0,RED
031000803,10,8,3,0.0,GREEN
030600306,06,3,6,0.0,GREEN
032205005,22,50,5,0.0,GREEN
030605406,06,54,6,0.0,GREEN
031003606,10,36,6,0.0,GREEN
030102003,01,20,3,0.0,GREEN
031500404,15,4,4,0.0,GREEN
031404406,14,44,6,0.0,GREEN
030806602,08,66,2,0.0,GREEN
030203204,02,32,4,0.0,GREEN
031704401,17,44,1,100.0,RED
030100403,01,4,3,100.0,RED
030804605,08,46,5,0.0,GREEN
034704102,47,41,2,0.0,GREEN
032300602,23,6,2,100.0,RED
030903005,09,30,5,0.0,GREEN
031006204,10,62,4,0.0,GREEN
031603005,16,30,5,0.0,GREEN
034805302,48,53,2,100.0,RED
032402503,24,25,3,0.0,GREEN
032403802,24,38,2,100.0,RED
032403803,24,38,3,0.0,GREEN
032404001,24,40,1,0.0,GREEN
032404002,24,40,2,0.0,GREEN
032404003,24,40,3,0.0,GREEN
032404102,24,41,2,0.0,GREEN
032404103,24,41,3,0.0,GREEN
032404302,24,43,2,0.0,GREEN
032404303,24,43,3,0.0,GREEN
032404401,24,44,1,0.0,GREEN
032404403,24,44,3,100.0,RED
032404603,24,46,3,0.0,GREEN
032404702,24,47,2,0.0,GREEN
032404803,24,48,3,100.0,RED
032500204,25,2,4,0.0,GREEN
032500205,25,2,5,0.0,GREEN
032500206,25,2,6,0.0,GREEN
032500305,25,3,5,0.0,GREEN
032500306,25,3,6,0.0,GREEN
032500503,25,5,3,0.0,GREEN
032500504,25,5,4,0.0,GREEN
032500505,25,5,5,0.0,GREEN
032500506,25,5,6,0.0,GREEN
032500604,25,6,4,0.0,GREEN
032500704,25,7,4,0.0,GREEN
032500705,25,7,5,0.0,GREEN
032003104,20,31,4,100.0,RED
031200205,12,2,5,0.0,GREEN
030502902,05,29,2,0.0,GREEN
030300404,03,4,4,0.0,GREEN
030300606,03,6,6,0.0,GREEN
030501905,05,19,5,0.0,GREEN
030700406,07,4,6,100.0,RED
030900905,09,9,5,0.0,GREEN
031000905,10,9,5,0.0,GREEN
031602005,16,20,5,0.0,GREEN
034804105,48,41,5,0.0,GREEN
031304104,13,41,4,0.0,GREEN
030807005,08,70,5,0.0,GREEN
030801606,08,16,6,0.0,GREEN
031605203,16,52,3,100.0,RED
030400103,04,1,3,0.0,GREEN
031406504,14,65,4,0.0,GREEN
031201002,12,10,2,0.0,GREEN
030802304,08,23,4,0.0,GREEN
030904802,09,48,2,0.0,GREEN
032902406,29,24,6,0.0,GREEN
032508605,25,86,5,0.0,GREEN
032205305,22,53,5,100.0,RED
032104304,21,43,4,100.0,RED
032506202,25,62,2,0.0,GREEN
032508905,25,89,5,100.0,RED
032802902,28,29,2,0.0,GREEN
034802200,48,22,0,0.0,GREEN
032602705,26,27,5,0.0,GREEN
032504506,25,45,6,100.0,RED
032101601,21,16,1,0.0,GREEN
032407205,24,72,5,100.0,RED
032407204,24,72,4,100.0,RED
032908805,29,88,5,100.0,RED
032909204,29,92,4,100.0,RED
032006304,20,63,4,100.0,RED
030901005,09,10,5,0.0,GREEN
031104202,11,42,2,0.0,GREEN
030200706,02,7,6,0.0,GREEN
031602802,16,28,2,100.0,RED
030706502,07,65,2,0.0,GREEN
030806305,08,63,5,0.0,GREEN
030905503,09,55,3,0.0,GREEN
030705302,07,53,2,0.0,GREEN
032704403,27,44,3,0.0,GREEN
032802604,28,26,4,0.0,GREEN
032302303,23,23,3,0.0,GREEN
032800701,28,7,1,0.0,GREEN
032502005,25,20,5,100.0,RED
032505502,25,55,2,100.0,RED
030400406,04,4,6,0.0,GREEN
032804102,28,41,2,0.0,GREEN
034805803,48,58,3,0.0,GREEN
030802406,08,24,6,0.0,GREEN
031700502,17,5,2,100.0,RED
032803302,28,33,2,100.0,RED
030702704,07,27,4,0.0,GREEN
031504204,15,42,4,0.0,GREEN
030603505,06,35,5,0.0,GREEN
031704103,17,41,3,100.0,RED
031703903,17,39,3,100.0,RED
031706203,17,62,3,100.0,RED
030201502,02,15,2,0.0,GREEN
032407105,24,71,5,100.0,RED
031706103,17,61,3,100.0,RED
030706705,07,67,5,0.0,GREEN
032005503,20,55,3,100.0,RED
030806102,08,61,2,0.0,GREEN
030805505,08,55,5,0.0,GREEN
030603002,06,30,2,0.0,GREEN
030302206,03,22,6,0.0,GREEN
030605304,06,53,4,0.0,GREEN
030803104,08,31,4,0.0,GREEN
030900105,09,1,5,0.0,GREEN
030502604,05,26,4,0.0,GREEN
031005502,10,55,2,0.0,GREEN
032806106,28,61,6,0.0,GREEN
032604802,26,48,2,100.0,RED
032405204,24,52,4,100.0,RED
032507103,25,71,3,100.0,RED
030907003,09,70,3,0.0,GREEN
031505103,15,51,3,100.0,RED
032104405,21,44,5,100.0,RED
032001604,20,16,4,100.0,RED
032105103,21,51,3,100.0,RED
032709203,27,92,3,100.0,RED
032901504,29,15,4,0.0,GREEN
032902002,29,20,2,0.0,GREEN
031005702,10,57,2,0.0,GREEN
030805703,08,57,3,0.0,GREEN
032301005,23,10,5,0.0,GREEN
030502504,05,25,4,0.0,GREEN
032907602,29,76,2,100.0,RED
031005501,10,55,1,0.0,GREEN
031300406,13,4,6,0.0,GREEN
031200706,12,7,6,0.0,GREEN
031602405,16,24,5,0.0,GREEN
031301904,13,19,4,100.0,RED
031400904,14,9,4,0.0,GREEN
031200605,12,6,5,0.0,GREEN
031404004,14,40,4,0.0,GREEN
030900503,09,5,3,0.0,GREEN
032202904,22,29,4,100.0,RED
030603203,06,32,3,0.0,GREEN
031301105,13,11,5,0.0,GREEN
031502904,15,29,4,0.0,GREEN
031300603,13,6,3,0.0,GREEN
032700705,27,7,5,0.0,GREEN
032700605,27,6,5,0.0,GREEN
032201603,22,16,3,100.0,RED
030606303,06,63,3,0.0,GREEN
031006506,10,65,6,0.0,GREEN
030401604,04,16,4,0.0,GREEN
031004700,10,47,0,200.0,RED
030402302,04,23,2,0.0,GREEN
031005603,10,56,3,0.0,GREEN
031205203,12,52,3,0.0,GREEN
030800702,08,7,2,0.0,GREEN
031502102,15,21,2,100.0,RED
032503406,25,34,6,100.0,RED
031204203,12,42,3,0.0,GREEN
032800501,28,5,1,0.0,GREEN
030901105,09,11,5,0.0,GREEN
031704102,17,41,2,100.0,RED
030101403,01,14,3,100.0,RED
030705204,07,52,4,0.0,GREEN
030902406,09,24,6,0.0,GREEN
032804903,28,49,3,100.0,RED
031900605,19,6,5,100.0,RED
030604006,06,40,6,0.0,GREEN
032903502,29,35,2,100.0,RED
031506205,15,62,5,100.0,RED
032700701,27,7,1,0.0,GREEN
032700702,27,7,2,0.0,GREEN
032700601,27,6,1,0.0,GREEN
032800702,28,7,2,100.0,RED
030603104,06,31,4,0.0,GREEN
030603403,06,34,3,0.0,GREEN
030606002,06,60,2,0.0,GREEN
032200902,22,9,2,100.0,RED
030102602,01,26,2,0.0,GREEN
032406206,24,62,6,0.0,GREEN
031200305,12,3,5,0.0,GREEN
031605205,16,52,5,100.0,RED
030600802,06,8,2,0.0,GREEN
032003305,20,33,5,100.0,RED
034804101,48,41,1,0.0,GREEN
032506703,25,67,3,100.0,RED
032700703,27,7,3,0.0,GREEN
032700602,27,6,2,0.0,GREEN
032505903,25,59,3,100.0,RED
034705301,47,53,1,100.0,RED
032706203,27,62,3,100.0,RED
031201902,12,19,2,0.0,GREEN
031303004,13,30,4,0.0,GREEN
030704102,07,41,2,0.0,GREEN
031705702,17,57,2,100.0,RED
031807001,18,70,1,100.0,RED
030500903,05,9,3,0.0,GREEN
032703205,27,32,5,0.0,GREEN
031300505,13,5,5,0.0,GREEN
034705304,47,53,4,0.0,GREEN
031102405,11,24,5,0.0,GREEN
032605804,26,58,4,0.0,GREEN
032604903,26,49,3,0.0,GREEN
032704503,27,45,3,0.0,GREEN
032201604,22,16,4,100.0,RED
031205805,12,58,5,0.0,GREEN
030902103,09,21,3,0.0,GREEN
031401903,14,19,3,0.0,GREEN
032501506,25,15,6,100.0,RED
032700501,27,5,1,100.0,RED
034604305,46,43,5,0.0,GREEN
032700704,27,7,4,0.0,GREEN
032800703,28,7,3,0.0,GREEN
032807502,28,75,2,100.0,RED
031004900,10,49,0,200.0,RED
030302704,03,27,4,0.0,GREEN
032105104,21,51,4,0.0,GREEN
032306401,23,64,1,100.0,RED
032907202,29,72,2,0.0,GREEN
032506404,25,64,4,0.0,GREEN
032800704,28,7,4,0.0,GREEN
032800705,28,7,5,100.0,RED
032800602,28,6,2,100.0,RED
032800502,28,5,2,0.0,GREEN
032800503,28,5,3,100.0,RED
032800504,28,5,4,0.0,GREEN
032800603,28,6,3,0.0,GREEN
032406406,24,64,6,100.0,RED
032800505,28,5,5,0.0,GREEN
032800605,28,6,5,0.0,GREEN
032800604,28,6,4,0.0,GREEN
030402202,04,22,2,0.0,GREEN
031706403,17,64,3,0.0,GREEN
031705803,17,58,3,0.0,GREEN
031705903,17,59,3,100.0,RED
032202103,22,21,3,100.0,RED
031006402,10,64,2,0.0,GREEN
031805301,18,53,1,100.0,RED
032300502,23,5,2,100.0,RED
032502103,25,21,3,100.0,RED
031102006,11,20,6,0.0,GREEN
032002201,20,22,1,100.0,RED
032501303,25,13,3,0.0,GREEN
032500202,25,2,2,0.0,GREEN
034500604,45,6,4,0.0,GREEN
032507305,25,73,5,100.0,RED
032603104,26,31,4,100.0,RED
032403903,24,39,3,100.0,RED
031901001,19,10,1,100.0,RED
032602706,26,27,6,100.0,RED
032706501,27,65,1,100.0,RED
032506604,25,66,4,100.0,RED
032700603,27,6,3,0.0,GREEN
032505203,25,52,3,100.0,RED
032602402,26,24,2,100.0,RED
032203004,22,30,4,0.0,GREEN
032103105,21,31,5,100.0,RED
032606201,26,62,1,100.0,RED
032104803,21,48,3,0.0,GREEN
030302406,03,24,6,0.0,GREEN
032501503,25,15,3,100.0,RED
030600604,06,6,4,0.0,GREEN
030402805,04,28,5,0.0,GREEN
032805405,28,54,5,0.0,GREEN
031506804,15,68,4,100.0,RED
031603705,16,37,5,0.0,GREEN
031500306,15,3,6,0.0,GREEN
030806503,08,65,3,0.0,GREEN
031301703,13,17,3,0.0,GREEN
030700803,07,8,3,0.0,GREEN
032403902,24,39,2,0.0,GREEN
032201906,22,19,6,0.0,GREEN
031506504,15,65,4,100.0,RED
031506404,15,64,4,100.0,RED
030806710,08,67,10,0.0,GREEN
031603404,16,34,4,100.0,RED
031305905,13,59,5,100.0,RED
032304605,23,46,5,0.0,GREEN
031202603,12,26,3,0.0,GREEN
032700503,27,5,3,0.0,GREEN
032407100,24,71,0,100.0,RED
032700506,27,5,6,0.0,GREEN
032700502,27,5,2,0.0,GREEN
032800706,28,7,6,0.0,GREEN
032700505,27,5,5,0.0,GREEN
032600606,26,6,6,0.0,GREEN
032700504,27,5,4,0.0,GREEN
032700606,27,6,6,0.0,GREEN
032700604,27,6,4,0.0,GREEN
032700706,27,7,6,0.0,GREEN
032501306,25,13,6,100.0,RED
034803502,48,35,2,0.0,GREEN
031501703,15,17,3,0.0,GREEN
034800303,48,3,3,0.0,GREEN
032504404,25,44,4,100.0,RED
032802404,28,24,4,0.0,GREEN
032101802,21,18,2,100.0,RED
032907403,29,74,3,100.0,RED
034705404,47,54,4,0.0,GREEN
034806201,48,62,1,0.0,GREEN
032205403,22,54,3,100.0,RED
034704104,47,41,4,0.0,GREEN
031105902,11,59,2,100.0,RED
032902503,29,25,3,100.0,RED
032305806,23,58,6,0.0,GREEN
032603702,26,37,2,100.0,RED
032904402,29,44,2,100.0,RED
032705503,27,55,3,0.0,GREEN
032000501,20,5,1,100.0,RED
032000601,20,6,1,100.0,RED
032204202,22,42,2,0.0,GREEN
032508505,25,85,5,100.0,RED
032203102,22,31,2,100.0,RED
032904005,29,40,5,0.0,GREEN
034805204,48,52,4,0.0,GREEN
032606603,26,66,3,0.0,GREEN
032507401,25,74,1,100.0,RED
032507406,25,74,6,0.0,GREEN
032507601,25,76,1,100.0,RED
032507606,25,76,6,0.0,GREEN
032507806,25,78,6,0.0,GREEN
031105303,11,53,3,0.0,GREEN
032508006,25,80,6,100.0,RED
032508106,25,81,6,0.0,GREEN
032508206,25,82,6,0.0,GREEN
032508406,25,84,6,0.0,GREEN
032508606,25,86,6,0.0,GREEN
032600103,26,1,3,0.0,GREEN
032600104,26,1,4,0.0,GREEN
032600203,26,2,3,0.0,GREEN
032600204,26,2,4,0.0,GREEN
032600205,26,2,5,0.0,GREEN
032600206,26,2,6,0.0,GREEN
032600305,26,3,5,0.0,GREEN
032600306,26,3,6,0.0,GREEN
032600403,26,4,3,0.0,GREEN
032600406,26,4,6,0.0,GREEN
032607703,26,77,3,0.0,GREEN
032607704,26,77,4,0.0,GREEN
032607705,26,77,5,0.0,GREEN
032607803,26,78,3,100.0,RED
032607804,26,78,4,0.0,GREEN
032607805,26,78,5,0.0,GREEN
032607806,26,78,6,0.0,GREEN
032607904,26,79,4,0.0,GREEN
032607905,26,79,5,0.0,GREEN
032607906,26,79,6,0.0,GREEN
032608003,26,80,3,100.0,RED
032608004,26,80,4,0.0,GREEN
032608005,26,80,5,0.0,GREEN
032608006,26,80,6,0.0,GREEN
032608206,26,82,6,0.0,GREEN
032608406,26,84,6,100.0,RED
032608606,26,86,6,100.0,RED
032608806,26,88,6,0.0,GREEN
032609206,26,92,6,0.0,GREEN
032700103,27,1,3,0.0,GREEN
032700105,27,1,5,0.0,GREEN
032700203,27,2,3,0.0,GREEN
032700204,27,2,4,0.0,GREEN
032700205,27,2,5,0.0,GREEN
032700206,27,2,6,0.0,GREEN
032700306,27,3,6,0.0,GREEN
032700403,27,4,3,100.0,RED
032700406,27,4,6,0.0,GREEN
032702705,27,27,5,0.0,GREEN
032702706,27,27,6,0.0,GREEN
031003202,10,32,2,0.0,GREEN
030202804,02,28,4,0.0,GREEN
031306304,13,63,4,100.0,RED
031506905,15,69,5,100.0,RED
031306505,13,65,5,0.0,GREEN
031002105,10,21,5,0.0,GREEN
030703505,07,35,5,0.0,GREEN
032707703,27,77,3,100.0,RED
032707705,27,77,5,0.0,GREEN
032707706,27,77,6,0.0,GREEN
032707804,27,78,4,0.0,GREEN
032707805,27,78,5,0.0,GREEN
032707806,27,78,6,0.0,GREEN
032707903,27,79,3,100.0,RED
032707904,27,79,4,100.0,RED
032707905,27,79,5,0.0,GREEN
032707906,27,79,6,0.0,GREEN
032602901,26,29,1,100.0,RED
032704805,27,48,5,0.0,GREEN
032001004,20,10,4,100.0,RED
030902903,09,29,3,0.0,GREEN
030801602,08,16,2,0.0,GREEN
032303601,23,36,1,100.0,RED
034707304,47,73,4,0.0,GREEN
034706903,47,69,3,100.0,RED
034606804,46,68,4,100.0,RED
030604303,06,43,3,0.0,GREEN
030806702,08,67,2,0.0,GREEN
031605503,16,55,3,100.0,RED
030806704,08,67,4,0.0,GREEN
030703006,07,30,6,0.0,GREEN
031006503,10,65,3,0.0,GREEN
032702105,27,21,5,0.0,GREEN
030400204,04,2,4,0.0,GREEN
031700103,17,1,3,0.0,GREEN
032603606,26,36,6,0.0,GREEN
031202402,12,24,2,0.0,GREEN
030203102,02,31,2,0.0,GREEN
032800606,28,6,6,0.0,GREEN
032102702,21,27,2,0.0,GREEN
030402004,04,20,4,0.0,GREEN
030900902,09,9,2,0.0,GREEN
030603604,06,36,4,0.0,GREEN
031801201,18,12,1,100.0,RED
032708003,27,80,3,0.0,GREEN
032708004,27,80,4,0.0,GREEN
032708005,27,80,5,0.0,GREEN
032708006,27,80,6,0.0,GREEN
032800103,28,1,3,0.0,GREEN
032800104,28,1,4,0.0,GREEN
032800105,28,1,5,0.0,GREEN
032800106,28,1,6,0.0,GREEN
032800203,28,2,3,100.0,RED
032800204,28,2,4,0.0,GREEN
032800205,28,2,5,0.0,GREEN
032800206,28,2,6,0.0,GREEN
031505504,15,55,4,0.0,GREEN
030705904,07,59,4,0.0,GREEN
031504205,15,42,5,0.0,GREEN
030402604,04,26,4,0.0,GREEN
030900602,09,6,2,0.0,GREEN
032905706,29,57,6,0.0,GREEN
030101002,01,10,2,100.0,RED
030100201,01,2,1,100.0,RED
030301704,03,17,4,0.0,GREEN
030402804,04,28,4,0.0,GREEN
032906706,29,67,6,100.0,RED
030803403,08,34,3,0.0,GREEN
030805004,08,50,4,0.0,GREEN
031101105,11,11,5,0.0,GREEN
032800506,28,5,6,100.0,RED
034803703,48,37,3,0.0,GREEN
031204501,12,45,1,0.0,GREEN
032705903,27,59,3,100.0,RED
032300503,23,5,3,100.0,RED
032204806,22,48,6,100.0,RED
030901304,09,13,4,0.0,GREEN
031002504,10,25,4,0.0,GREEN
031700102,17,1,2,0.0,GREEN
031100105,11,1,5,0.0,GREEN
030705905,07,59,5,0.0,GREEN
031103206,11,32,6,0.0,GREEN
031607003,16,70,3,0.0,GREEN
031405204,14,52,4,0.0,GREEN
031606404,16,64,4,100.0,RED
031201105,12,11,5,0.0,GREEN
030602303,06,23,3,0.0,GREEN
031402906,14,29,6,0.0,GREEN
031401303,14,13,3,100.0,RED
030401703,04,17,3,0.0,GREEN
031401404,14,14,4,0.0,GREEN
031106204,11,62,4,0.0,GREEN
032305106,23,51,6,100.0,RED
032106405,21,64,5,100.0,RED
030302306,03,23,6,0.0,GREEN
032800306,28,3,6,0.0,GREEN
032800403,28,4,3,0.0,GREEN
031503802,15,38,2,0.0,GREEN
031606705,16,67,5,100.0,RED
032103504,21,35,4,100.0,RED
032202703,22,27,3,0.0,GREEN
034806103,48,61,3,0.0,GREEN
032804802,28,48,2,100.0,RED
032604601,26,46,1,100.0,RED
032001504,20,15,4,100.0,RED
032201100,22,11,0,0.0,GREEN
030701105,07,11,5,0.0,GREEN
030500902,05,9,2,0.0,GREEN
030803804,08,38,4,0.0,GREEN
030704002,07,40,2,0.0,GREEN
031000903,10,9,3,0.0,GREEN
030102400,01,24,0,100.0,RED
032504001,25,40,1,100.0,RED
031804703,18,47,3,0.0,GREEN
031406302,14,63,2,100.0,RED
032707302,27,73,2,100.0,RED
031605803,16,58,3,100.0,RED
031604203,16,42,3,100.0,RED
030905602,09,56,2,0.0,GREEN
031600504,16,5,4,100.0,RED
031106605,11,66,5,0.0,GREEN
030703302,07,33,2,0.0,GREEN
032102502,21,25,2,100.0,RED
032105203,21,52,3,100.0,RED
032301104,23,11,4,0.0,GREEN
032004903,20,49,3,100.0,RED
032004905,20,49,5,100.0,RED
030401100,04,11,0,200.0,RED
034604802,46,48,2,0.0,GREEN
032305903,23,59,3,100.0,RED
034704302,47,43,2,0.0,GREEN
034605702,46,57,2,0.0,GREEN
034604702,46,47,2,100.0,RED
032508301,25,83,1,100.0,RED
032802703,28,27,3,0.0,GREEN
032106804,21,68,4,100.0,RED
030904202,09,42,2,0.0,GREEN
030604604,06,46,4,0.0,GREEN
032003504,20,35,4,100.0,RED
032001301,20,13,1,100.0,RED
032800601,28,6,1,100.0,RED
032801801,28,18,1,100.0,RED
032802101,28,21,1,100.0,RED
032802401,28,24,1,100.0,RED
032802705,28,27,5,0.0,GREEN
032803001,28,30,1,100.0,RED
032803301,28,33,1,100.0,RED
032803601,28,36,1,100.0,RED
032803901,28,39,1,100.0,RED
032804201,28,42,1,100.0,RED
032804801,28,48,1,100.0,RED
032805101,28,51,1,100.0,RED
032805401,28,54,1,100.0,RED
032805701,28,57,1,0.0,GREEN
032806001,28,60,1,100.0,RED
032807703,28,77,3,0.0,GREEN
032807704,28,77,4,100.0,RED
032807705,28,77,5,0.0,GREEN
032807706,28,77,6,0.0,GREEN
032807803,28,78,3,100.0,RED
032807804,28,78,4,0.0,GREEN
032807805,28,78,5,0.0,GREEN
032807806,28,78,6,0.0,GREEN
032807905,28,79,5,0.0,GREEN
032807906,28,79,6,0.0,GREEN
032808003,28,80,3,100.0,RED
032808004,28,80,4,100.0,RED
032808005,28,80,5,100.0,RED
032808006,28,80,6,0.0,GREEN
032900103,29,1,3,0.0,GREEN
032900104,29,1,4,0.0,GREEN
032900105,29,1,5,0.0,GREEN
032900106,29,1,6,0.0,GREEN
032900203,29,2,3,0.0,GREEN
032900204,29,2,4,0.0,GREEN
032900205,29,2,5,0.0,GREEN
032900403,29,4,3,0.0,GREEN
032900404,29,4,4,0.0,GREEN
032900405,29,4,5,0.0,GREEN
032900506,29,5,6,0.0,GREEN
032900601,29,6,1,100.0,RED
032900706,29,7,6,100.0,RED
032900901,29,9,1,100.0,RED
032901201,29,12,1,0.0,GREEN
032901501,29,15,1,100.0,RED
032901801,29,18,1,0.0,GREEN
032902101,29,21,1,100.0,RED
032902401,29,24,1,100.0,RED
032902602,29,26,2,0.0,GREEN
032902702,29,27,2,0.0,GREEN
032903001,29,30,1,0.0,GREEN
032903301,29,33,1,100.0,RED
032903601,29,36,1,100.0,RED
032903901,29,39,1,100.0,RED
032904201,29,42,1,0.0,GREEN
032904501,29,45,1,100.0,RED
032904801,29,48,1,100.0,RED
031502803,15,28,3,0.0,GREEN
032500802,25,8,2,0.0,GREEN
032902105,29,21,5,0.0,GREEN
031604703,16,47,3,0.0,GREEN
031004404,10,44,4,0.0,GREEN
030201603,02,16,3,0.0,GREEN
032202001,22,20,1,100.0,RED
031606706,16,67,6,100.0,RED
032503500,25,35,0,100.0,RED
031901700,19,17,0,100.0,RED
030503004,05,30,4,0.0,GREEN
031002204,10,22,4,0.0,GREEN
030201405,02,14,5,0.0,GREEN
030401600,04,16,0,100.0,RED
030503202,05,32,2,0.0,GREEN
032701804,27,18,4,0.0,GREEN
032301103,23,11,3,100.0,RED
032206806,22,68,6,100.0,RED
034606003,46,60,3,100.0,RED
034606204,46,62,4,100.0,RED
034606304,46,63,4,100.0,RED
034606403,46,64,3,0.0,GREEN
034606904,46,69,4,100.0,RED
034606404,46,64,4,100.0,RED
030702402,07,24,2,0.0,GREEN
031003104,10,31,4,0.0,GREEN
030902105,09,21,5,0.0,GREEN
032105704,21,57,4,100.0,RED
032103703,21,37,3,100.0,RED
032703103,27,31,3,100.0,RED
032804103,28,41,3,0.0,GREEN
032205303,22,53,3,100.0,RED
034805405,48,54,5,0.0,GREEN
030703105,07,31,5,0.0,GREEN
032204805,22,48,5,100.0,RED
031504904,15,49,4,0.0,GREEN
032503605,25,36,5,100.0,RED
034802706,48,27,6,0.0,GREEN
032501602,25,16,2,100.0,RED
031401302,14,13,2,0.0,GREEN
032200704,22,7,4,100.0,RED
031100703,11,7,3,0.0,GREEN
031106406,11,64,6,0.0,GREEN
030607003,06,70,3,0.0,GREEN
030901806,09,18,6,0.0,GREEN
031306006,13,60,6,0.0,GREEN
031402405,14,24,5,0.0,GREEN
031401806,14,18,6,0.0,GREEN
030806002,08,60,2,0.0,GREEN
032802403,28,24,3,100.0,RED
031100406,11,4,6,0.0,GREEN
031400705,14,7,5,0.0,GREEN
030400806,04,8,6,0.0,GREEN
030605504,06,55,4,0.0,GREEN
031506505,15,65,5,200.0,RED
031602505,16,25,5,100.0,RED
030300904,03,9,4,0.0,GREEN
034802005,48,20,5,0.0,GREEN
031300606,13,6,6,0.0,GREEN
030501706,05,17,6,0.0,GREEN
031406906,14,69,6,0.0,GREEN
032207206,22,72,6,100.0,RED
032302906,23,29,6,0.0,GREEN
032806603,28,66,3,100.0,RED
032905104,29,51,4,0.0,GREEN
032904704,29,47,4,100.0,RED
034604602,46,46,2,100.0,RED
032503506,25,35,6,100.0,RED
032103904,21,39,4,100.0,RED
032303001,23,30,1,100.0,RED
030800904,08,9,4,0.0,GREEN
031003306,10,33,6,0.0,GREEN
032104004,21,40,4,0.0,GREEN
030806802,08,68,2,0.0,GREEN
032405401,24,54,1,0.0,GREEN
031906304,19,63,4,100.0,RED
032605202,26,52,2,100.0,RED
031502003,15,20,3,100.0,RED
032903603,29,36,3,0.0,GREEN
032305604,23,56,4,100.0,RED
034605802,46,58,2,100.0,RED
031304705,13,47,5,0.0,GREEN
032106701,21,67,1,100.0,RED
032905002,29,50,2,0.0,GREEN
032908804,29,88,4,100.0,RED
031101604,11,16,4,0.0,GREEN
032808102,28,81,2,100.0,RED
031206304,12,63,4,0.0,GREEN
031506203,15,62,3,100.0,RED
031904304,19,43,4,0.0,GREEN
031904905,19,49,5,0.0,GREEN
031906503,19,65,3,100.0,RED
030803203,08,32,3,0.0,GREEN
034605402,46,54,2,100.0,RED
034605602,46,56,2,100.0,RED
034605902,46,59,2,100.0,RED
034606001,46,60,1,100.0,RED
034606103,46,61,3,100.0,RED
034606202,46,62,2,100.0,RED
034606402,46,64,2,0.0,GREEN
034606501,46,65,1,100.0,RED
034606502,46,65,2,100.0,RED
030301304,03,13,4,0.0,GREEN
034606702,46,67,2,100.0,RED
034606802,46,68,2,100.0,RED
034607001,46,70,1,100.0,RED
034706501,47,65,1,100.0,RED
034706801,47,68,1,0.0,GREEN
030902306,09,23,6,0.0,GREEN
031700601,17,6,1,100.0,RED
030401706,04,17,6,0.0,GREEN
030202906,02,29,6,0.0,GREEN
030902505,09,25,5,0.0,GREEN
031402103,14,21,3,0.0,GREEN
030302403,03,24,3,0.0,GREEN
032406203,24,62,3,100.0,RED
032600803,26,8,3,100.0,RED
031402803,14,28,3,100.0,RED
031407004,14,70,4,100.0,RED
031806902,18,69,2,100.0,RED
031306502,13,65,2,200.0,RED
031202706,12,27,6,0.0,GREEN
031901102,19,11,2,100.0,RED
031206006,12,60,6,0.0,GREEN
030300506,03,5,6,0.0,GREEN
030800805,08,8,5,0.0,GREEN
030202102,02,21,2,0.0,GREEN
031400205,14,2,5,0.0,GREEN
031506602,15,66,2,100.0,RED
030705303,07,53,3,0.0,GREEN
031404403,14,44,3,100.0,RED
031300604,13,6,4,0.0,GREEN
031201005,12,10,5,0.0,GREEN
031204804,12,48,4,0.0,GREEN
030802204,08,22,4,0.0,GREEN
030300303,03,3,3,0.0,GREEN
031605804,16,58,4,100.0,RED
032106605,21,66,5,0.0,GREEN
030202703,02,27,3,0.0,GREEN
030803602,08,36,2,0.0,GREEN
031604503,16,45,3,100.0,RED
030705005,07,50,5,0.0,GREEN
032503601,25,36,1,100.0,RED
030102101,01,21,1,100.0,RED
030401605,04,16,5,0.0,GREEN
032606105,26,61,5,0.0,GREEN
030203302,02,33,2,0.0,GREEN
031900803,19,8,3,100.0,RED
032706403,27,64,3,0.0,GREEN
032503803,25,38,3,100.0,RED
032405504,24,55,4,100.0,RED
034605601,46,56,1,100.0,RED
032302204,23,22,4,100.0,RED
031902604,19,26,4,0.0,GREEN
031105806,11,58,6,0.0,GREEN
030605404,06,54,4,0.0,GREEN
031405804,14,58,4,100.0,RED
031302805,13,28,5,100.0,RED
031004306,10,43,6,0.0,GREEN
032101603,21,16,3,100.0,RED
032802202,28,22,2,100.0,RED
031100705,11,7,5,0.0,GREEN
030600405,06,4,5,0.0,GREEN
030907701,09,77,1,0.0,GREEN
030907801,09,78,1,0.0,GREEN
030502606,05,26,6,0.0,GREEN
031504402,15,44,2,100.0,RED
030502605,05,26,5,0.0,GREEN
030503403,05,34,3,0.0,GREEN
032703803,27,38,3,100.0,RED
034800504,48,5,4,0.0,GREEN
032104106,21,41,6,0.0,GREEN
032504604,25,46,4,100.0,RED
034504805,45,48,5,0.0,GREEN
032907301,29,73,1,100.0,RED
031504602,15,46,2,200.0,RED
030700105,07,1,5,0.0,GREEN
031401104,14,11,4,100.0,RED
030701505,07,15,5,0.0,GREEN
031305304,13,53,4,0.0,GREEN
032506401,25,64,1,100.0,RED
031506502,15,65,2,200.0,RED
031306306,13,63,6,0.0,GREEN
030901205,09,12,5,0.0,GREEN
034604405,46,44,5,0.0,GREEN
031805202,18,52,2,0.0,GREEN
032006301,20,63,1,100.0,RED
030601903,06,19,3,0.0,GREEN
032604102,26,41,2,100.0,RED
030705600,07,56,0,200.0,RED
031305104,13,51,4,100.0,RED
030903904,09,39,4,0.0,GREEN
031003703,10,37,3,0.0,GREEN
031703700,17,37,0,100.0,RED
032305006,23,50,6,0.0,GREEN
032605402,26,54,2,100.0,RED
031403803,14,38,3,0.0,GREEN
030301903,03,19,3,0.0,GREEN
034605102,46,51,2,100.0,RED
034803400,48,34,0,0.0,GREEN
032908000,29,80,0,0.0,GREEN
032601704,26,17,4,100.0,RED
032001206,20,12,6,100.0,RED
032703301,27,33,1,100.0,RED
032802302,28,23,2,0.0,GREEN
032507303,25,73,3,100.0,RED
032908905,29,89,5,0.0,GREEN
032204706,22,47,6,0.0,GREEN
031406610,14,66,10,0.0,GREEN
030803806,08,38,6,0.0,GREEN
031403905,14,39,5,0.0,GREEN
034800402,48,4,2,0.0,GREEN
031701602,17,16,2,300.0,RED
031601404,16,14,4,0.0,GREEN
032401902,24,19,2,0.0,GREEN
031805801,18,58,1,100.0,RED
030705102,07,51,2,0.0,GREEN
031306203,13,62,3,100.0,RED
030704005,07,40,5,0.0,GREEN
031104102,11,41,2,0.0,GREEN
031900606,19,6,6,0.0,GREEN
030300802,03,8,2,0.0,GREEN
031702201,17,22,1,100.0,RED
031204706,12,47,6,0.0,GREEN
034605202,46,52,2,100.0,RED
032202500,22,25,0,0.0,GREEN
032206606,22,66,6,100.0,RED
032004702,20,47,2,100.0,RED
031902203,19,22,3,100.0,RED
032501002,25,10,2,100.0,RED
034806411,48,64,11,0.0,GREEN
032305605,23,56,5,100.0,RED
034802502,48,25,2,0.0,GREEN
032001603,20,16,3,100.0,RED
032200803,22,8,3,0.0,GREEN
034803801,48,38,1,0.0,GREEN
034806402,48,64,2,0.0,GREEN
032303410,23,34,10,0.0,GREEN
032607602,26,76,2,100.0,RED
032709001,27,90,1,100.0,RED
032804602,28,46,2,100.0,RED
032301902,23,19,2,100.0,RED
032102304,21,23,4,100.0,RED
034606102,46,61,2,0.0,GREEN
034604902,46,49,2,100.0,RED
032001605,20,16,5,100.0,RED
030903603,09,36,3,0.0,GREEN
032203304,22,33,4,100.0,RED
030302204,03,22,4,0.0,GREEN
031104106,11,41,6,0.0,GREEN
030907901,09,79,1,0.0,GREEN
030907902,09,79,2,0.0,GREEN
032703502,27,35,2,100.0,RED
032505601,25,56,1,100.0,RED
031105803,11,58,3,0.0,GREEN
031101402,11,14,2,0.0,GREEN
031304306,13,43,6,0.0,GREEN
031501606,15,16,6,0.0,GREEN
030701304,07,13,4,0.0,GREEN
031200705,12,7,5,0.0,GREEN
031103303,11,33,3,0.0,GREEN
030602604,06,26,4,0.0,GREEN
031202503,12,25,3,0.0,GREEN
030806203,08,62,3,0.0,GREEN
030803706,08,37,6,0.0,GREEN
030400602,04,6,2,0.0,GREEN
030901604,09,16,4,0.0,GREEN
034605201,46,52,1,100.0,RED
034803302,48,33,2,0.0,GREEN
031705701,17,57,1,0.0,GREEN
031606406,16,64,6,100.0,RED
031606106,16,61,6,100.0,RED
031606605,16,66,5,100.0,RED
030705403,07,54,3,0.0,GREEN
031604605,16,46,5,100.0,RED
031604206,16,42,6,0.0,GREEN
032508701,25,87,1,100.0,RED
030203003,02,30,3,0.0,GREEN
032703603,27,36,3,0.0,GREEN
031607006,16,70,6,100.0,RED
031607005,16,70,5,100.0,RED
031405403,14,54,3,0.0,GREEN
032004506,20,45,6,100.0,RED
032508704,25,87,4,100.0,RED
032709003,27,90,3,100.0,RED
032904002,29,40,2,100.0,RED
030802803,08,28,3,0.0,GREEN
031203702,12,37,2,0.0,GREEN
030301406,03,14,6,0.0,GREEN
030203006,02,30,6,0.0,GREEN
031403403,14,34,3,0.0,GREEN
030603005,06,30,5,0.0,GREEN
031003904,10,39,4,0.0,GREEN
031102204,11,22,4,0.0,GREEN
030804005,08,40,5,0.0,GREEN
030202100,02,21,0,0.0,GREEN
030700405,07,4,5,0.0,GREEN
031601205,16,12,5,0.0,GREEN
031601305,16,13,5,0.0,GREEN
031601806,16,18,6,0.0,GREEN
031601505,16,15,5,0.0,GREEN
031601905,16,19,5,0.0,GREEN
031601605,16,16,5,0.0,GREEN
031605606,16,56,6,100.0,RED
031306806,13,68,6,0.0,GREEN
031602704,16,27,4,100.0,RED
031406606,14,66,6,0.0,GREEN
031201703,12,17,3,0.0,GREEN
032102504,21,25,4,0.0,GREEN
032304201,23,42,1,100.0,RED
032406306,24,63,6,0.0,GREEN
032708401,27,84,1,100.0,RED
032804002,28,40,2,0.0,GREEN
032201006,22,10,6,0.0,GREEN
032809102,28,91,2,100.0,RED
031002603,10,26,3,0.0,GREEN
030600806,06,8,6,0.0,GREEN
030501700,05,17,0,0.0,GREEN
030102201,01,22,1,0.0,GREEN
031604106,16,41,6,0.0,GREEN
032805705,28,57,5,0.0,GREEN
031404305,14,43,5,100.0,RED
030600606,06,6,6,0.0,GREEN
030200501,02,5,1,100.0,RED
034804201,48,42,1,0.0,GREEN
031002005,10,20,5,0.0,GREEN
031605206,16,52,6,100.0,RED
030704205,07,42,5,0.0,GREEN
030301003,03,10,3,0.0,GREEN
031506702,15,67,2,100.0,RED
030702806,07,28,6,0.0,GREEN
032103704,21,37,4,0.0,GREEN
031706603,17,66,3,0.0,GREEN
031507006,15,70,6,0.0,GREEN
030801205,08,12,5,0.0,GREEN
031503805,15,38,5,0.0,GREEN
031207002,12,70,2,100.0,RED
031603006,16,30,6,0.0,GREEN
031602806,16,28,6,0.0,GREEN
031604105,16,41,5,0.0,GREEN
031602705,16,27,5,100.0,RED
031602905,16,29,5,100.0,RED
031603105,16,31,5,0.0,GREEN
032607601,26,76,1,100.0,RED
031001302,10,13,2,0.0,GREEN
032703104,27,31,4,0.0,GREEN
032406106,24,61,6,100.0,RED
031500902,15,9,2,100.0,RED
031405002,14,50,2,100.0,RED
031505304,15,53,4,0.0,GREEN
031006405,10,64,5,0.0,GREEN
032002005,20,20,5,100.0,RED
031605505,16,55,5,100.0,RED
031605405,16,54,5,100.0,RED
031001104,10,11,4,0.0,GREEN
031604805,16,48,5,0.0,GREEN
032705703,27,57,3,0.0,GREEN
032406304,24,63,4,0.0,GREEN
032805706,28,57,6,0.0,GREEN
032805905,28,59,5,100.0,RED
032805303,28,53,3,100.0,RED
030201101,02,11,1,0.0,GREEN
031803701,18,37,1,100.0,RED
031104904,11,49,4,0.0,GREEN
031100903,11,9,3,0.0,GREEN
031406802,14,68,2,100.0,RED
031207003,12,70,3,0.0,GREEN
031407002,14,70,2,0.0,GREEN
030303202,03,32,2,0.0,GREEN
030502404,05,24,4,0.0,GREEN
031305702,13,57,2,0.0,GREEN
032106205,21,62,5,100.0,RED
030700100,07,1,0,0.0,GREEN
032504706,25,47,6,0.0,GREEN
032907703,29,77,3,0.0,GREEN
032908003,29,80,3,100.0,RED
032907803,29,78,3,0.0,GREEN
032907903,29,79,3,0.0,GREEN
032907704,29,77,4,0.0,GREEN
032907804,29,78,4,0.0,GREEN
032907904,29,79,4,0.0,GREEN
032908004,29,80,4,0.0,GREEN
030902404,09,24,4,0.0,GREEN
030905802,09,58,2,0.0,GREEN
032907705,29,77,5,0.0,GREEN
032703106,27,31,6,0.0,GREEN
031005705,10,57,5,0.0,GREEN
032604703,26,47,3,100.0,RED
032602303,26,23,3,100.0,RED
031103806,11,38,6,0.0,GREEN
030601904,06,19,4,0.0,GREEN
032504502,25,45,2,100.0,RED
032703903,27,39,3,0.0,GREEN
032300204,23,2,4,0.0,GREEN
031504104,15,41,4,100.0,RED
032602105,26,21,5,0.0,GREEN
032807903,28,79,3,0.0,GREEN
031505403,15,54,3,100.0,RED
032800303,28,3,3,0.0,GREEN
032600303,26,3,3,100.0,RED
030602703,06,27,3,0.0,GREEN
031605403,16,54,3,100.0,RED
030603706,06,37,6,0.0,GREEN
031101904,11,19,4,0.0,GREEN
030101603,01,16,3,100.0,RED
031602102,16,21,2,200.0,RED
030201302,02,13,2,0.0,GREEN
031402502,14,25,2,0.0,GREEN
031402302,14,23,2,100.0,RED
030500606,05,6,6,0.0,GREEN
031104805,11,48,5,0.0,GREEN
031206202,12,62,2,0.0,GREEN
031206005,12,60,5,100.0,RED
030704806,07,48,6,0.0,GREEN
031506006,15,60,6,0.0,GREEN
032306406,23,64,6,0.0,GREEN
030802606,08,26,6,0.0,GREEN
030101001,01,10,1,100.0,RED
030301002,03,10,2,0.0,GREEN
031103902,11,39,2,0.0,GREEN
031202704,12,27,4,0.0,GREEN
031104302,11,43,2,0.0,GREEN
032301002,23,10,2,0.0,GREEN
031606903,16,69,3,100.0,RED
030806303,08,63,3,0.0,GREEN
032003603,20,36,3,100.0,RED
032006403,20,64,3,100.0,RED
034803002,48,30,2,0.0,GREEN
034707302,47,73,2,100.0,RED
034707202,47,72,2,100.0,RED
034705401,47,54,1,100.0,RED
031904604,19,46,4,0.0,GREEN
031904504,19,45,4,100.0,RED
031904904,19,49,4,100.0,RED
032104202,21,42,2,100.0,RED
032603302,26,33,2,100.0,RED
031400304,14,3,4,0.0,GREEN
031504305,15,43,5,0.0,GREEN
032300805,23,8,5,0.0,GREEN
031101203,11,12,3,0.0,GREEN
031305806,13,58,6,0.0,GREEN
032204902,22,49,2,100.0,RED
032405104,24,51,4,100.0,RED
032808301,28,83,1,100.0,RED
031804901,18,49,1,100.0,RED
031203104,12,31,4,0.0,GREEN
030903202,09,32,2,0.0,GREEN
030701302,07,13,2,0.0,GREEN
031100804,11,8,4,0.0,GREEN
031202510,12,25,10,0.0,GREEN
031501810,15,18,10,0.0,GREEN
032103505,21,35,5,0.0,GREEN
032205906,22,59,6,0.0,GREEN
031700400,17,4,0,0.0,GREEN
031206903,12,69,3,100.0,RED
030805806,08,58,6,0.0,GREEN
030603506,06,35,6,0.0,GREEN
031401606,14,16,6,0.0,GREEN
030100603,01,6,3,0.0,GREEN
032907805,29,78,5,100.0,RED
032900305,29,3,5,0.0,GREEN
032900304,29,3,4,0.0,GREEN
031801901,18,19,1,100.0,RED
031803603,18,36,3,100.0,RED
031803303,18,33,3,0.0,GREEN
031803302,18,33,2,100.0,RED
031803002,18,30,2,100.0,RED
031801803,18,18,3,100.0,RED
032907706,29,77,6,0.0,GREEN
032908006,29,80,6,0.0,GREEN
032907906,29,79,6,0.0,GREEN
030706103,07,61,3,0.0,GREEN
030602806,06,28,6,0.0,GREEN
031404602,14,46,2,100.0,RED
030701802,07,18,2,0.0,GREEN
030804110,08,41,10,0.0,GREEN
030606006,06,60,6,0.0,GREEN
030803004,08,30,4,0.0,GREEN
031104606,11,46,6,0.0,GREEN
031605002,16,50,2,0.0,GREEN
031700501,17,5,1,100.0,RED
032102500,21,25,0,0.0,GREEN
030200602,02,6,2,0.0,GREEN
031005402,10,54,2,0.0,GREEN
031004902,10,49,2,0.0,GREEN
031502805,15,28,5,0.0,GREEN
030501505,05,15,5,0.0,GREEN
030804906,08,49,6,0.0,GREEN
034506610,45,66,10,0.0,GREEN
030502302,05,23,2,0.0,GREEN
031802303,18,23,3,0.0,GREEN
030606805,06,68,5,0.0,GREEN
030706804,07,68,4,0.0,GREEN
031404904,14,49,4,100.0,RED
031003806,10,38,6,0.0,GREEN
030901003,09,10,3,0.0,GREEN
031606500,16,65,0,100.0,RED
030601806,06,18,6,0.0,GREEN
031306500,13,65,0,100.0,RED
030301205,03,12,5,0.0,GREEN
034803105,48,31,5,0.0,GREEN
034802905,48,29,5,0.0,GREEN
034803206,48,32,6,0.0,GREEN
034700403,47,4,3,0.0,GREEN
034803406,48,34,6,0.0,GREEN
034802906,48,29,6,0.0,GREEN
032407405,24,74,5,0.0,GREEN
034800103,48,1,3,0.0,GREEN
034803404,48,34,4,0.0,GREEN
034801904,48,19,4,0.0,GREEN
031701403,17,14,3,300.0,RED
034800705,48,7,5,0.0,GREEN
034801304,48,13,4,0.0,GREEN
034801903,48,19,3,0.0,GREEN
034801704,48,17,4,0.0,GREEN
034803506,48,35,6,0.0,GREEN
034802504,48,25,4,0.0,GREEN
031900203,19,2,3,0.0,GREEN
031900303,19,3,3,0.0,GREEN
031902802,19,28,2,0.0,GREEN
031800403,18,4,3,0.0,GREEN
034803806,48,38,6,0.0,GREEN
034801803,48,18,3,100.0,RED
034802506,48,25,6,0.0,GREEN
034801806,48,18,6,0.0,GREEN
031704502,17,45,2,100.0,RED
034801906,48,19,6,0.0,GREEN
034806911,48,69,11,0.0,GREEN
034801905,48,19,5,0.0,GREEN
034802106,48,21,6,0.0,GREEN
034802006,48,20,6,0.0,GREEN
034803606,48,36,6,0.0,GREEN
034803706,48,37,6,0.0,GREEN
034801804,48,18,4,0.0,GREEN
032300405,23,4,5,0.0,GREEN
032300600,23,6,0,0.0,GREEN
034700206,47,2,6,0.0,GREEN
032300304,23,3,4,0.0,GREEN
032300305,23,3,5,0.0,GREEN
032300205,23,2,5,0.0,GREEN
032300104,23,1,4,0.0,GREEN
034802204,48,22,4,0.0,GREEN
032300105,23,1,5,0.0,GREEN
034801604,48,16,4,0.0,GREEN
034800905,48,9,5,0.0,GREEN
034604905,46,49,5,0.0,GREEN
032303402,23,34,2,100.0,RED
032709204,27,92,4,0.0,GREEN
032703704,27,37,4,0.0,GREEN
034604105,46,41,5,100.0,RED
034604205,46,42,5,0.0,GREEN
034604505,46,45,5,0.0,GREEN
034604605,46,46,5,0.0,GREEN
034605405,46,54,5,0.0,GREEN
034704105,47,41,5,100.0,RED
034704205,47,42,5,100.0,RED
034704305,47,43,5,0.0,GREEN
034704405,47,44,5,0.0,GREEN
034704605,47,46,5,100.0,RED
034704705,47,47,5,0.0,GREEN
034704805,47,48,5,0.0,GREEN
034704905,47,49,5,100.0,RED
034705005,47,50,5,0.0,GREEN
034705105,47,51,5,0.0,GREEN
034705205,47,52,5,0.0,GREEN
034705305,47,53,5,100.0,RED
032809202,28,92,2,100.0,RED
031401805,14,18,5,0.0,GREEN
031400605,14,6,5,0.0,GREEN
030201806,02,18,6,0.0,GREEN
031501304,15,13,4,100.0,RED
030501406,05,14,6,0.0,GREEN
031206504,12,65,4,0.0,GREEN
030803202,08,32,2,0.0,GREEN
030702204,07,22,4,0.0,GREEN
032501706,25,17,6,100.0,RED
034800204,48,2,4,0.0,GREEN
030700204,07,2,4,0.0,GREEN
030905502,09,55,2,0.0,GREEN
034606505,46,65,5,0.0,GREEN
030602504,06,25,4,0.0,GREEN
034604805,46,48,5,0.0,GREEN
030603802,06,38,2,0.0,GREEN
031502006,15,20,6,0.0,GREEN
030903105,09,31,5,0.0,GREEN
030401006,04,10,6,0.0,GREEN
034806401,48,64,1,100.0,RED
034807102,48,71,2,100.0,RED
031403204,14,32,4,100.0,RED
032302803,23,28,3,0.0,GREEN
032000205,20,2,5,0.0,GREEN
031900403,19,4,3,0.0,GREEN
032700303,27,3,3,100.0,RED
032000204,20,2,4,0.0,GREEN
031800501,18,5,1,100.0,RED
030900405,09,4,5,0.0,GREEN
031003602,10,36,2,0.0,GREEN
030402404,04,24,4,0.0,GREEN
031401910,14,19,10,0.0,GREEN
031300305,13,3,5,0.0,GREEN
031206402,12,64,2,100.0,RED
030904902,09,49,2,0.0,GREEN
032100603,21,6,3,100.0,RED
031604202,16,42,2,100.0,RED
032902106,29,21,6,0.0,GREEN
030400805,04,8,5,0.0,GREEN
031004205,10,42,5,0.0,GREEN
031501905,15,19,5,0.0,GREEN
030402406,04,24,6,0.0,GREEN
030701002,07,10,2,0.0,GREEN
032505306,25,53,6,100.0,RED
031105904,11,59,4,0.0,GREEN
031006806,10,68,6,0.0,GREEN
032400300,24,3,0,100.0,RED
030201201,02,12,1,0.0,GREEN
031306603,13,66,3,0.0,GREEN
031504603,15,46,3,100.0,RED
031305003,13,50,3,0.0,GREEN
031502503,15,25,3,0.0,GREEN
031403704,14,37,4,0.0,GREEN
030400905,04,9,5,0.0,GREEN
030201605,02,16,5,0.0,GREEN
030705702,07,57,2,0.0,GREEN
031002202,10,22,2,0.0,GREEN
030905206,09,52,6,0.0,GREEN
032303503,23,35,3,100.0,RED
032802102,28,21,2,100.0,RED
032908703,29,87,3,100.0,RED
034805101,48,51,1,0.0,GREEN
032306903,23,69,3,100.0,RED
034804503,48,45,3,0.0,GREEN
032902202,29,22,2,0.0,GREEN
032902603,29,26,3,0.0,GREEN
032802402,28,24,2,0.0,GREEN
032704004,27,40,4,0.0,GREEN
031004104,10,41,4,0.0,GREEN
031503605,15,36,5,0.0,GREEN
031405506,14,55,6,0.0,GREEN
031405006,14,50,6,0.0,GREEN
034704504,47,45,4,0.0,GREEN
030100902,01,9,2,0.0,GREEN
031403310,14,33,10,0.0,GREEN
030906203,09,62,3,0.0,GREEN
031403110,14,31,10,0.0,GREEN
032508506,25,85,6,0.0,GREEN
030402906,04,29,6,0.0,GREEN
030501903,05,19,3,0.0,GREEN
032908602,29,86,2,100.0,RED
030300803,03,8,3,0.0,GREEN
032908702,29,87,2,100.0,RED
031200304,12,3,4,0.0,GREEN
031002203,10,22,3,0.0,GREEN
031106006,11,60,6,0.0,GREEN
034704804,47,48,4,0.0,GREEN
032302105,23,21,5,100.0,RED
032807402,28,74,2,100.0,RED
032804603,28,46,3,100.0,RED
030501704,05,17,4,0.0,GREEN
031200105,12,1,5,0.0,GREEN
030604405,06,44,5,0.0,GREEN
031303404,13,34,4,0.0,GREEN
031005106,10,51,6,0.0,GREEN
034604705,46,47,5,0.0,GREEN
034605005,46,50,5,0.0,GREEN
030400502,04,5,2,0.0,GREEN
034605505,46,55,5,0.0,GREEN
031007003,10,70,3,0.0,GREEN
030802202,08,22,2,0.0,GREEN
031902506,19,25,6,0.0,GREEN
030402603,04,26,3,0.0,GREEN
030801105,08,11,5,0.0,GREEN
031002406,10,24,6,0.0,GREEN
031402404,14,24,4,0.0,GREEN
031605704,16,57,4,100.0,RED
031404006,14,40,6,0.0,GREEN
031004006,10,40,6,0.0,GREEN
032603202,26,32,2,100.0,RED
030202004,02,20,4,0.0,GREEN
032902405,29,24,5,0.0,GREEN
031405802,14,58,2,100.0,RED
031402606,14,26,6,0.0,GREEN
031104002,11,40,2,0.0,GREEN
030803605,08,36,5,0.0,GREEN
031105705,11,57,5,0.0,GREEN
030805405,08,54,5,0.0,GREEN
030702904,07,29,4,0.0,GREEN
031500205,15,2,5,0.0,GREEN
031602904,16,29,4,0.0,GREEN
031605404,16,54,4,100.0,RED
030805503,08,55,3,0.0,GREEN
032703101,27,31,1,100.0,RED
032301206,23,12,6,100.0,RED
030703103,07,31,3,0.0,GREEN
030201406,02,14,6,0.0,GREEN
030900802,09,8,2,0.0,GREEN
030700206,07,2,6,0.0,GREEN
030903506,09,35,6,0.0,GREEN
031405602,14,56,2,0.0,GREEN
031106803,11,68,3,100.0,RED
031205204,12,52,4,0.0,GREEN
030202103,02,21,3,0.0,GREEN
030600903,06,9,3,0.0,GREEN
031202300,12,23,0,100.0,RED
031501305,15,13,5,0.0,GREEN
032003106,20,31,6,0.0,GREEN
032005604,20,56,4,100.0,RED
032005706,20,57,6,100.0,RED
032006506,20,65,6,100.0,RED
032006406,20,64,6,100.0,RED
032102102,21,21,2,100.0,RED
032103003,21,30,3,100.0,RED
032105403,21,54,3,100.0,RED
032203606,22,36,6,0.0,GREEN
032204905,22,49,5,100.0,RED
032207306,22,73,6,0.0,GREEN
032307202,23,72,2,100.0,RED
032703202,27,32,2,100.0,RED
030800903,08,9,3,0.0,GREEN
031007004,10,70,4,0.0,GREEN
031100205,11,2,5,0.0,GREEN
031101902,11,19,2,0.0,GREEN
030403002,04,30,2,0.0,GREEN
032104601,21,46,1,100.0,RED
032604506,26,45,6,0.0,GREEN
034803800,48,38,0,0.0,GREEN
034606903,46,69,3,100.0,RED
032403901,24,39,1,100.0,RED
031302403,13,24,3,0.0,GREEN
030602302,06,23,2,0.0,GREEN
032101403,21,14,3,100.0,RED
032507701,25,77,1,100.0,RED
031700800,17,8,0,0.0,GREEN
030501203,05,12,3,0.0,GREEN
032902704,29,27,4,0.0,GREEN
031703801,17,38,1,100.0,RED
032508903,25,89,3,100.0,RED
034802801,48,28,1,100.0,RED
031603803,16,38,3,100.0,RED
034802303,48,23,3,0.0,GREEN
030502603,05,26,3,0.0,GREEN
032301205,23,12,5,0.0,GREEN
032905305,29,53,5,0.0,GREEN
032302301,23,23,1,0.0,GREEN
032005304,20,53,4,100.0,RED
032301306,23,13,6,0.0,GREEN
032203405,22,34,5,0.0,GREEN
032803502,28,35,2,0.0,GREEN
032808804,28,88,4,100.0,RED
030703304,07,33,4,0.0,GREEN
030805403,08,54,3,0.0,GREEN
030805706,08,57,6,0.0,GREEN
031204506,12,45,6,0.0,GREEN
032701904,27,19,4,100.0,RED
030801702,08,17,2,0.0,GREEN
031700802,17,8,2,100.0,RED
030403202,04,32,2,0.0,GREEN
030201006,02,10,6,0.0,GREEN
030803603,08,36,3,0.0,GREEN
031002302,10,23,2,0.0,GREEN
032004906,20,49,6,100.0,RED
032005106,20,51,6,100.0,RED
034805804,48,58,4,0.0,GREEN
032007106,20,71,6,0.0,GREEN
032501606,25,16,6,100.0,RED
032204404,22,44,4,100.0,RED
032205106,22,51,6,100.0,RED
032205206,22,52,6,0.0,GREEN
030902003,09,20,3,0.0,GREEN
032405203,24,52,3,100.0,RED
032405706,24,57,6,100.0,RED
032406806,24,68,6,100.0,RED
032604104,26,41,4,0.0,GREEN
032604204,26,42,4,100.0,RED
032102206,21,22,6,0.0,GREEN
030503002,05,30,2,0.0,GREEN
030805404,08,54,4,0.0,GREEN
032007205,20,72,5,100.0,RED
032307104,23,71,4,100.0,RED
031302306,13,23,6,0.0,GREEN
032805702,28,57,2,100.0,RED
032604603,26,46,3,100.0,RED
031503104,15,31,4,100.0,RED
031705901,17,59,1,100.0,RED
031001005,10,10,5,0.0,GREEN
030301204,03,12,4,0.0,GREEN
030301302,03,13,2,0.0,GREEN
031506805,15,68,5,100.0,RED
032707603,27,76,3,100.0,RED
031101410,11,14,10,0.0,GREEN
030603705,06,37,5,0.0,GREEN
031101205,11,12,5,0.0,GREEN
032501104,25,11,4,100.0,RED
032206401,22,64,1,100.0,RED
032107303,21,73,3,0.0,GREEN
030400904,04,9,4,0.0,GREEN
032908601,29,86,1,100.0,RED
031405105,14,51,5,0.0,GREEN
031602604,16,26,4,0.0,GREEN
032100806,21,8,6,100.0,RED
032604706,26,47,6,100.0,RED
032205605,22,56,5,0.0,GREEN
030908908,09,89,8,0.0,GREEN
031300804,13,8,4,0.0,GREEN
031603001,16,30,1,100.0,RED
030402006,04,20,6,0.0,GREEN
031503905,15,39,5,0.0,GREEN
032001306,20,13,6,0.0,GREEN
030704804,07,48,4,0.0,GREEN
030802903,08,29,3,0.0,GREEN
030906106,09,61,6,0.0,GREEN
031402203,14,22,3,100.0,RED
031106602,11,66,2,100.0,RED
032102005,21,20,5,0.0,GREEN
034805503,48,55,3,0.0,GREEN
032300604,23,6,4,100.0,RED
032101002,21,10,2,100.0,RED
031002606,10,26,6,0.0,GREEN
030902703,09,27,3,0.0,GREEN
031202004,12,20,4,0.0,GREEN
032102410,21,24,10,0.0,GREEN
031104402,11,44,2,0.0,GREEN
030905805,09,58,5,0.0,GREEN
030500602,05,6,2,0.0,GREEN
030701206,07,12,6,0.0,GREEN
032905700,29,57,0,100.0,RED
030101902,01,19,2,0.0,GREEN
031803501,18,35,1,100.0,RED
030100401,01,4,1,100.0,RED
032904400,29,44,0,100.0,RED
032004306,20,43,6,100.0,RED
032103802,21,38,2,100.0,RED
031900904,19,9,4,100.0,RED
031901002,19,10,2,100.0,RED
032104306,21,43,6,100.0,RED
031901203,19,12,3,100.0,RED
031901204,19,12,4,100.0,RED
031901401,19,14,1,100.0,RED
031003802,10,38,2,0.0,GREEN
032104702,21,47,2,100.0,RED
032104903,21,49,3,100.0,RED
031001105,10,11,5,0.0,GREEN
032105302,21,53,2,100.0,RED
032105503,21,55,3,100.0,RED
031901702,19,17,2,100.0,RED
032105602,21,56,2,100.0,RED
031901703,19,17,3,100.0,RED
032105604,21,56,4,0.0,GREEN
030904705,09,47,5,0.0,GREEN
032105803,21,58,3,100.0,RED
032605704,26,57,4,0.0,GREEN
031104206,11,42,6,0.0,GREEN
032204402,22,44,2,100.0,RED
032204503,22,45,3,100.0,RED
032205102,22,51,2,100.0,RED
032205503,22,55,3,100.0,RED
032205904,22,59,4,100.0,RED
032206006,22,60,6,0.0,GREEN
032206405,22,64,5,0.0,GREEN
032301003,23,10,3,100.0,RED
032301301,23,13,1,100.0,RED
032301506,23,15,6,0.0,GREEN
032301602,23,16,2,100.0,RED
032301703,23,17,3,100.0,RED
032302504,23,25,4,100.0,RED
032303002,23,30,2,100.0,RED
032303110,23,31,10,0.0,GREEN
032807401,28,74,1,100.0,RED
032004606,20,46,6,0.0,GREEN
031203802,12,38,2,0.0,GREEN
030705304,07,53,4,0.0,GREEN
032104003,21,40,3,100.0,RED
030601404,06,14,4,0.0,GREEN
031000606,10,6,6,0.0,GREEN
031101005,11,10,5,0.0,GREEN
030705602,07,56,2,0.0,GREEN
031305302,13,53,2,200.0,RED
031800400,18,4,0,0.0,GREEN
030802902,08,29,2,0.0,GREEN
031200702,12,7,2,0.0,GREEN
031803502,18,35,2,0.0,GREEN
032508805,25,88,5,0.0,GREEN
030101503,01,15,3,0.0,GREEN
032507003,25,70,3,100.0,RED
031303306,13,33,6,0.0,GREEN
034805001,48,50,1,100.0,RED
030202003,02,20,3,0.0,GREEN
032302004,23,20,4,0.0,GREEN
031901705,19,17,5,100.0,RED
032104102,21,41,2,100.0,RED
030802405,08,24,5,0.0,GREEN
032106903,21,69,3,100.0,RED
031004705,10,47,5,0.0,GREEN
032805205,28,52,5,0.0,GREEN
032905602,29,56,2,100.0,RED
030703603,07,36,3,0.0,GREEN
032904302,29,43,2,0.0,GREEN
032706102,27,61,2,100.0,RED
032704803,27,48,3,100.0,RED
032504904,25,49,4,100.0,RED
034803803,48,38,3,0.0,GREEN
034802103,48,21,3,100.0,RED
032602204,26,22,4,100.0,RED
030502405,05,24,5,0.0,GREEN
031006406,10,64,6,0.0,GREEN
034804003,48,40,3,0.0,GREEN
030805106,08,51,6,0.0,GREEN
031106503,11,65,3,0.0,GREEN
030905302,09,53,2,0.0,GREEN
032200901,22,9,1,100.0,RED
032301304,23,13,4,0.0,GREEN
030102503,01,25,3,0.0,GREEN
032606104,26,61,4,100.0,RED
031403503,14,35,3,100.0,RED
032805202,28,52,2,0.0,GREEN
031702802,17,28,2,100.0,RED
032702404,27,24,4,100.0,RED
032904203,29,42,3,0.0,GREEN
032502403,25,24,3,100.0,RED
034801203,48,12,3,0.0,GREEN
032805606,28,56,6,100.0,RED
032704206,27,42,6,0.0,GREEN
030403200,04,32,0,0.0,GREEN
032103902,21,39,2,100.0,RED
032901802,29,18,2,100.0,RED
032306003,23,60,3,100.0,RED
032505605,25,56,5,100.0,RED
031805001,18,50,1,100.0,RED
031203403,12,34,3,0.0,GREEN
031605703,16,57,3,0.0,GREEN
031901603,19,16,3,100.0,RED
032301305,23,13,5,100.0,RED
032507902,25,79,2,100.0,RED
031506206,15,62,6,0.0,GREEN
031507005,15,70,5,200.0,RED
031505806,15,58,6,0.0,GREEN
031506105,15,61,5,100.0,RED
031506605,15,66,5,100.0,RED
031506705,15,67,5,100.0,RED
034805000,48,50,0,0.0,GREEN
032200604,22,6,4,100.0,RED
032206902,22,69,2,100.0,RED
032504105,25,41,5,100.0,RED
032508102,25,81,2,100.0,RED
032805406,28,54,6,0.0,GREEN
030803303,08,33,3,0.0,GREEN
031106702,11,67,2,100.0,RED
030704704,07,47,4,0.0,GREEN
030101402,01,14,2,100.0,RED
031705402,17,54,2,100.0,RED
030806402,08,64,2,0.0,GREEN
031004703,10,47,3,0.0,GREEN
032405301,24,53,1,100.0,RED
030501103,05,11,3,0.0,GREEN
032000403,20,4,3,0.0,GREEN
032007503,20,75,3,0.0,GREEN
032007602,20,76,2,0.0,GREEN
032007603,20,76,3,0.0,GREEN
032502604,25,26,4,0.0,GREEN
032502702,25,27,2,0.0,GREEN
032502802,25,28,2,0.0,GREEN
030502202,05,22,2,0.0,GREEN
032207002,22,70,2,100.0,RED
032304902,23,49,2,100.0,RED
030502204,05,22,4,0.0,GREEN
032501204,25,12,4,100.0,RED
032802904,28,29,4,0.0,GREEN
032904803,29,48,3,0.0,GREEN
031405106,14,51,6,0.0,GREEN
030503206,05,32,6,0.0,GREEN
031401405,14,14,5,0.0,GREEN
031405805,14,58,5,0.0,GREEN
031106105,11,61,5,0.0,GREEN
030806706,08,67,6,0.0,GREEN
031005206,10,52,6,0.0,GREEN
030703506,07,35,6,0.0,GREEN
032903504,29,35,4,0.0,GREEN
032600700,26,7,0,0.0,GREEN
032304204,23,42,4,100.0,RED
031800202,18,2,2,0.0,GREEN
031604402,16,44,2,200.0,RED
032902903,29,29,3,100.0,RED
032301001,23,10,1,0.0,GREEN
031302406,13,24,6,0.0,GREEN
034705505,47,55,5,0.0,GREEN
031606003,16,60,3,100.0,RED
032505901,25,59,1,100.0,RED
032301000,23,10,0,0.0,GREEN
032900303,29,3,3,0.0,GREEN
030603306,06,33,6,0.0,GREEN
031607004,16,70,4,100.0,RED
030804603,08,46,3,0.0,GREEN
032000506,20,5,6,100.0,RED
030606806,06,68,6,0.0,GREEN
032303406,23,34,6,0.0,GREEN
032303804,23,38,4,100.0,RED
032305203,23,52,3,100.0,RED
032305204,23,52,4,100.0,RED
032305302,23,53,2,100.0,RED
031902905,19,29,5,0.0,GREEN
031903002,19,30,2,100.0,RED
031903506,19,35,6,0.0,GREEN
031903606,19,36,6,0.0,GREEN
031903806,19,38,6,0.0,GREEN
031905201,19,52,1,100.0,RED
031906202,19,62,2,100.0,RED
031906203,19,62,3,100.0,RED
031906604,19,66,4,100.0,RED
031907004,19,70,4,0.0,GREEN
032000603,20,6,3,100.0,RED
032000604,20,6,4,100.0,RED
032001401,20,14,1,100.0,RED
032001402,20,14,2,100.0,RED
032906203,29,62,3,100.0,RED
031600204,16,2,4,0.0,GREEN
032303703,23,37,3,100.0,RED
031106902,11,69,2,100.0,RED
030202405,02,24,5,0.0,GREEN
030900304,09,3,4,0.0,GREEN
031103803,11,38,3,0.0,GREEN
030102302,01,23,2,0.0,GREEN
032406804,24,68,4,100.0,RED
030604305,06,43,5,0.0,GREEN
032005404,20,54,4,100.0,RED
030604506,06,45,6,0.0,GREEN
030703906,07,39,6,0.0,GREEN
031302906,13,29,6,0.0,GREEN
032501806,25,18,6,100.0,RED
030701805,07,18,5,0.0,GREEN
032301004,23,10,4,0.0,GREEN
032202400,22,24,0,0.0,GREEN
032507105,25,71,5,0.0,GREEN
032207201,22,72,1,100.0,RED
030606604,06,66,4,0.0,GREEN
030705205,07,52,5,0.0,GREEN
030706803,07,68,3,0.0,GREEN
034803205,48,32,5,0.0,GREEN
031105006,11,50,6,0.0,GREEN
032000706,20,7,6,0.0,GREEN
031501904,15,19,4,0.0,GREEN
032603404,26,34,4,0.0,GREEN
032104902,21,49,2,100.0,RED
030601106,06,11,6,0.0,GREEN
030803404,08,34,4,0.0,GREEN
031101505,11,15,5,0.0,GREEN
030502001,05,20,1,0.0,GREEN
031100602,11,6,2,0.0,GREEN
030502105,05,21,5,0.0,GREEN
034803905,48,39,5,0.0,GREEN
032301903,23,19,3,100.0,RED
032305502,23,55,2,100.0,RED
032100702,21,7,2,100.0,RED
034800702,48,7,2,100.0,RED
031201302,12,13,2,0.0,GREEN
031304806,13,48,6,0.0,GREEN
032804504,28,45,4,100.0,RED
032805503,28,55,3,100.0,RED
032104606,21,46,6,0.0,GREEN
032603204,26,32,4,100.0,RED
032808101,28,81,1,100.0,RED
032908903,29,89,3,100.0,RED
032001901,20,19,1,100.0,RED
032001904,20,19,4,100.0,RED
032002204,20,22,4,100.0,RED
032002502,20,25,2,100.0,RED
032002603,20,26,3,0.0,GREEN
032003604,20,36,4,100.0,RED
032004002,20,40,2,100.0,RED
032004406,20,44,6,0.0,GREEN
032004703,20,47,3,100.0,RED
032004806,20,48,6,100.0,RED
032004902,20,49,2,100.0,RED
032005802,20,58,2,100.0,RED
032006102,20,61,2,100.0,RED
032006201,20,62,1,100.0,RED
032006202,20,62,2,100.0,RED
032006702,20,67,2,100.0,RED
032006705,20,67,5,100.0,RED
032101005,21,10,5,100.0,RED
032101402,21,14,2,100.0,RED
032101705,21,17,5,0.0,GREEN
032103402,21,34,2,100.0,RED
032103404,21,34,4,100.0,RED
031205205,12,52,5,0.0,GREEN
031402003,14,20,3,0.0,GREEN
032101604,21,16,4,100.0,RED
032005104,20,51,4,100.0,RED
032405303,24,53,3,0.0,GREEN
031001303,10,13,3,0.0,GREEN
030905003,09,50,3,0.0,GREEN
031004503,10,45,3,0.0,GREEN
031300704,13,7,4,0.0,GREEN
032003205,20,32,5,100.0,RED
032006205,20,62,5,100.0,RED
032103602,21,36,2,100.0,RED
030604403,06,44,3,0.0,GREEN
032201000,22,10,0,0.0,GREEN
030806003,08,60,3,0.0,GREEN
032301700,23,17,0,0.0,GREEN
031504906,15,49,6,0.0,GREEN
031104105,11,41,5,0.0,GREEN
030804003,08,40,3,0.0,GREEN
032601304,26,13,4,100.0,RED
034804102,48,41,2,100.0,RED
034804402,48,44,2,0.0,GREEN
032601401,26,14,1,100.0,RED
032905105,29,51,5,0.0,GREEN
032908403,29,84,3,100.0,RED
032003401,20,34,1,100.0,RED
032003805,20,38,5,100.0,RED
032603804,26,38,4,100.0,RED
032508101,25,81,1,100.0,RED
032704504,27,45,4,100.0,RED
034800803,48,8,3,100.0,RED
034801603,48,16,3,0.0,GREEN
034606302,46,63,2,0.0,GREEN
034705201,47,52,1,100.0,RED
031204206,12,42,6,0.0,GREEN
031802102,18,21,2,100.0,RED
031603202,16,32,2,0.0,GREEN
031005805,10,58,5,0.0,GREEN
031305606,13,56,6,0.0,GREEN
031506004,15,60,4,0.0,GREEN
030606504,06,65,4,0.0,GREEN
030606005,06,60,5,0.0,GREEN
032207301,22,73,1,100.0,RED
034806001,48,60,1,0.0,GREEN
032301503,23,15,3,100.0,RED
032904103,29,41,3,0.0,GREEN
031303206,13,32,6,0.0,GREEN
030201804,02,18,4,0.0,GREEN
030604302,06,43,2,0.0,GREEN
032305403,23,54,3,100.0,RED
032306804,23,68,4,100.0,RED
032405603,24,56,3,100.0,RED
032406204,24,62,4,100.0,RED
032500501,25,5,1,100.0,RED
032500701,25,7,1,100.0,RED
032501202,25,12,2,200.0,RED
032501705,25,17,5,100.0,RED
032502102,25,21,2,100.0,RED
032502104,25,21,4,100.0,RED
032502205,25,22,5,100.0,RED
032502306,25,23,6,100.0,RED
032503501,25,35,1,100.0,RED
032503604,25,36,4,100.0,RED
032503903,25,39,3,100.0,RED
032503904,25,39,4,100.0,RED
032504004,25,40,4,100.0,RED
032504106,25,41,6,0.0,GREEN
032504205,25,42,5,100.0,RED
032504602,25,46,2,100.0,RED
032505005,25,50,5,0.0,GREEN
032505105,25,51,5,0.0,GREEN
032505506,25,55,6,0.0,GREEN
032505604,25,56,4,200.0,RED
032505702,25,57,2,100.0,RED
032505802,25,58,2,100.0,RED
032506002,25,60,2,100.0,RED
030800606,08,6,6,0.0,GREEN
034706103,47,61,3,100.0,RED
030801206,08,12,6,0.0,GREEN
032400402,24,4,2,100.0,RED
032000106,20,1,6,0.0,GREEN
031001204,10,12,4,0.0,GREEN
032908401,29,84,1,100.0,RED
034803103,48,31,3,0.0,GREEN
031402503,14,25,3,100.0,RED
031503105,15,31,5,100.0,RED
032700106,27,1,6,0.0,GREEN
032300901,23,9,1,100.0,RED
031204604,12,46,4,0.0,GREEN
032304901,23,49,1,100.0,RED
031101104,11,11,4,0.0,GREEN
031606902,16,69,2,100.0,RED
031606901,16,69,1,0.0,GREEN
031106203,11,62,3,100.0,RED
030904804,09,48,4,0.0,GREEN
032805305,28,53,5,0.0,GREEN
032503202,25,32,2,100.0,RED
034806002,48,60,2,100.0,RED
030201702,02,17,2,0.0,GREEN
031001902,10,19,2,0.0,GREEN
032301805,23,18,5,0.0,GREEN
032803003,28,30,3,100.0,RED
032903003,29,30,3,100.0,RED
031603204,16,32,4,100.0,RED
031205702,12,57,2,100.0,RED
030702906,07,29,6,0.0,GREEN
030702306,07,23,6,0.0,GREEN
030201005,02,10,5,0.0,GREEN
031805203,18,52,3,100.0,RED
031804903,18,49,3,0.0,GREEN
031806503,18,65,3,100.0,RED
032506105,25,61,5,0.0,GREEN
031502202,15,22,2,200.0,RED
032507104,25,71,4,100.0,RED
032507604,25,76,4,0.0,GREEN
032507702,25,77,2,100.0,RED
032507801,25,78,1,100.0,RED
031406006,14,60,6,0.0,GREEN
032508401,25,84,1,100.0,RED
032508402,25,84,2,100.0,RED
032508501,25,85,1,100.0,RED
032508602,25,86,2,100.0,RED
031305502,13,55,2,0.0,GREEN
030600906,06,9,6,0.0,GREEN
030805406,08,54,6,0.0,GREEN
034805004,48,50,4,0.0,GREEN
032306005,23,60,5,100.0,RED
032901905,29,19,5,100.0,RED
034807001,48,70,1,100.0,RED
034803010,48,30,10,0.0,GREEN
032301500,23,15,0,0.0,GREEN
032301905,23,19,5,0.0,GREEN
030904303,09,43,3,0.0,GREEN
031303706,13,37,6,0.0,GREEN
030102502,01,25,2,0.0,GREEN
031703702,17,37,2,0.0,GREEN
031303900,13,39,0,100.0,RED
034803401,48,34,1,100.0,RED
032505803,25,58,3,100.0,RED
032500300,25,3,0,0.0,GREEN
032708101,27,81,1,100.0,RED
032402000,24,20,0,0.0,GREEN
030301206,03,12,6,0.0,GREEN
031606200,16,62,0,100.0,RED
030100903,01,9,3,0.0,GREEN
030606206,06,62,6,0.0,GREEN
032001700,20,17,0,0.0,GREEN
031701002,17,10,2,200.0,RED
030800504,08,5,4,0.0,GREEN
031001502,10,15,2,0.0,GREEN
031405502,14,55,2,100.0,RED
031004405,10,44,5,0.0,GREEN
030102501,01,25,1,0.0,GREEN
031106103,11,61,3,0.0,GREEN
032300504,23,5,4,100.0,RED
032703005,27,30,5,0.0,GREEN
031502002,15,20,2,100.0,RED
032905206,29,52,6,0.0,GREEN
030805603,08,56,3,0.0,GREEN
032305902,23,59,2,100.0,RED
030905902,09,59,2,0.0,GREEN
031403203,14,32,3,0.0,GREEN
030201206,02,12,6,0.0,GREEN
030401704,04,17,4,0.0,GREEN
032401000,24,10,0,0.0,GREEN
030302703,03,27,3,0.0,GREEN
030804804,08,48,4,0.0,GREEN
030703605,07,36,5,0.0,GREEN
031005104,10,51,4,0.0,GREEN
031303804,13,38,4,0.0,GREEN
031403205,14,32,5,0.0,GREEN
031103102,11,31,2,0.0,GREEN
030502406,05,24,6,0.0,GREEN
030300103,03,1,3,0.0,GREEN
030300203,03,2,3,0.0,GREEN
030300403,03,4,3,0.0,GREEN
032901902,29,19,2,100.0,RED
032901404,29,14,4,100.0,RED
030603803,06,38,3,0.0,GREEN
030806806,08,68,6,0.0,GREEN
031800203,18,2,3,0.0,GREEN
032300700,23,7,0,0.0,GREEN
030400703,04,7,3,0.0,GREEN
030906803,09,68,3,0.0,GREEN
031500304,15,3,4,0.0,GREEN
032704303,27,43,3,0.0,GREEN
032104105,21,41,5,0.0,GREEN
032203105,22,31,5,0.0,GREEN
031502104,15,21,4,0.0,GREEN
032908402,29,84,2,100.0,RED
032706801,27,68,1,100.0,RED
032602301,26,23,1,100.0,RED
032601901,26,19,1,100.0,RED
031304905,13,49,5,0.0,GREEN
030806302,08,63,2,0.0,GREEN
032100601,21,6,1,100.0,RED
032000404,20,4,4,0.0,GREEN
032000405,20,4,5,0.0,GREEN
032000305,20,3,5,0.0,GREEN
030803102,08,31,2,0.0,GREEN
030900404,09,4,4,0.0,GREEN
032908304,29,83,4,100.0,RED
031900502,19,5,2,100.0,RED
034806104,48,61,4,0.0,GREEN
031303304,13,33,4,0.0,GREEN
030803304,08,33,4,0.0,GREEN
031304302,13,43,2,100.0,RED
032005205,20,52,5,100.0,RED
030501105,05,11,5,0.0,GREEN
032603405,26,34,5,100.0,RED
032703501,27,35,1,100.0,RED
032106101,21,61,1,100.0,RED
032808704,28,87,4,100.0,RED
031201804,12,18,4,0.0,GREEN
032908104,29,81,4,0.0,GREEN
031603302,16,33,2,100.0,RED
032103202,21,32,2,100.0,RED
031402805,14,28,5,0.0,GREEN
031001402,10,14,2,0.0,GREEN
031104605,11,46,5,0.0,GREEN
034805402,48,54,2,0.0,GREEN
032704203,27,42,3,100.0,RED
030101703,01,17,3,100.0,RED
032501906,25,19,6,100.0,RED
031002405,10,24,5,0.0,GREEN
032000800,20,8,0,0.0,GREEN
032305003,23,50,3,0.0,GREEN
034803804,48,38,4,0.0,GREEN
031004904,10,49,4,0.0,GREEN
030302506,03,25,6,0.0,GREEN
030502906,05,29,6,0.0,GREEN
030802603,08,26,3,0.0,GREEN
031404704,14,47,4,0.0,GREEN
034805901,48,59,1,0.0,GREEN
031002304,10,23,4,0.0,GREEN
034803812,48,38,12,100.0,RED
030802106,08,21,6,0.0,GREEN
030503205,05,32,5,0.0,GREEN
031701202,17,12,2,100.0,RED
030101204,01,12,4,0.0,GREEN
031706301,17,63,1,100.0,RED
031703502,17,35,2,100.0,RED
030100801,01,8,1,0.0,GREEN
031606203,16,62,3,100.0,RED
030702403,07,24,3,0.0,GREEN
030301102,03,11,2,0.0,GREEN
032004804,20,48,4,100.0,RED
032005504,20,55,4,100.0,RED
031604810,16,48,10,0.0,GREEN
032001505,20,15,5,0.0,GREEN
034800605,48,6,5,0.0,GREEN
031602903,16,29,3,0.0,GREEN
032304104,23,41,4,100.0,RED
030302904,03,29,4,0.0,GREEN
034800613,48,6,13,0.0,GREEN
034801404,48,14,4,0.0,GREEN
032206803,22,68,3,100.0,RED
030901704,09,17,4,0.0,GREEN
031604902,16,49,2,100.0,RED
032106206,21,62,6,0.0,GREEN
030301902,03,19,2,0.0,GREEN
032509101,25,91,1,100.0,RED
032906004,29,60,4,100.0,RED
031102806,11,28,6,0.0,GREEN
031104705,11,47,5,0.0,GREEN
031006603,10,66,3,0.0,GREEN
032507206,25,72,6,0.0,GREEN
031303102,13,31,2,0.0,GREEN
032401601,24,16,1,100.0,RED
032508306,25,83,6,0.0,GREEN
032507906,25,79,6,0.0,GREEN
031601503,16,15,3,0.0,GREEN
032401401,24,14,1,0.0,GREEN
032507106,25,71,6,100.0,RED
032507306,25,73,6,0.0,GREEN
030606903,06,69,3,0.0,GREEN
030800602,08,6,2,0.0,GREEN
030703306,07,33,6,0.0,GREEN
032005702,20,57,2,100.0,RED
032909202,29,92,2,100.0,RED
032005402,20,54,2,100.0,RED
034707105,47,71,5,0.0,GREEN
031902006,19,20,6,100.0,RED
032908502,29,85,2,100.0,RED
034700106,47,1,6,0.0,GREEN
031902306,19,23,6,100.0,RED
032907503,29,75,3,0.0,GREEN
032300506,23,5,6,0.0,GREEN
034805102,48,51,2,0.0,GREEN
032601202,26,12,2,100.0,RED
031300703,13,7,3,0.0,GREEN
031302404,13,24,4,0.0,GREEN
030101003,01,10,3,100.0,RED
030602906,06,29,6,0.0,GREEN
034805505,48,55,5,100.0,RED
030902906,09,29,6,0.0,GREEN
032201901,22,19,1,100.0,RED
030801804,08,18,4,0.0,GREEN
031401705,14,17,5,0.0,GREEN
032703302,27,33,2,100.0,RED
031803003,18,30,3,100.0,RED
032507501,25,75,1,100.0,RED
031401006,14,10,6,0.0,GREEN
030800505,08,5,5,0.0,GREEN
031202303,12,23,3,0.0,GREEN
031305705,13,57,5,0.0,GREEN
031101903,11,19,3,0.0,GREEN
030202001,02,20,1,0.0,GREEN
031101303,11,13,3,0.0,GREEN
031101503,11,15,3,0.0,GREEN
030502905,05,29,5,0.0,GREEN
031400406,14,4,6,0.0,GREEN
031805803,18,58,3,0.0,GREEN
031804403,18,44,3,100.0,RED
031807003,18,70,3,100.0,RED
031202406,12,24,6,0.0,GREEN
031806703,18,67,3,0.0,GREEN
031802803,18,28,3,0.0,GREEN
031805503,18,55,3,0.0,GREEN
031806403,18,64,3,100.0,RED
031703202,17,32,2,100.0,RED
030802205,08,22,5,0.0,GREEN
030803703,08,37,3,0.0,GREEN
030905303,09,53,3,0.0,GREEN
032604505,26,45,5,0.0,GREEN
034606405,46,64,5,0.0,GREEN
034800304,48,3,4,0.0,GREEN
031500906,15,9,6,0.0,GREEN
034802604,48,26,4,0.0,GREEN
031106502,11,65,2,0.0,GREEN
031501203,15,12,3,100.0,RED
030203403,02,34,3,0.0,GREEN
031401206,14,12,6,0.0,GREEN
031900102,19,1,2,0.0,GREEN
034800506,48,5,6,0.0,GREEN
034801406,48,14,6,0.0,GREEN
030702702,07,27,2,0.0,GREEN
030302505,03,25,5,0.0,GREEN
030302804,03,28,4,0.0,GREEN
031306605,13,66,5,100.0,RED
031404501,14,45,1,0.0,GREEN
030603605,06,36,5,0.0,GREEN
031304402,13,44,2,100.0,RED
031901803,19,18,3,100.0,RED
031102404,11,24,4,0.0,GREEN
031504505,15,45,5,0.0,GREEN
032906601,29,66,1,0.0,GREEN
031805601,18,56,1,100.0,RED
031101905,11,19,5,0.0,GREEN
030606703,06,67,3,0.0,GREEN
031101003,11,10,3,0.0,GREEN
032804303,28,43,3,100.0,RED
030301004,03,10,4,0.0,GREEN
030805704,08,57,4,0.0,GREEN
034802602,48,26,2,100.0,RED
032906003,29,60,3,0.0,GREEN
032905405,29,54,5,0.0,GREEN
031605204,16,52,4,100.0,RED
031301704,13,17,4,100.0,RED
034804501,48,45,1,100.0,RED
032206205,22,62,5,100.0,RED
032604504,26,45,4,100.0,RED
032506101,25,61,1,100.0,RED
031304506,13,45,6,0.0,GREEN
031002104,10,21,4,0.0,GREEN
031204305,12,43,5,0.0,GREEN
030200204,02,2,4,0.0,GREEN
030904605,09,46,5,0.0,GREEN
032302000,23,20,0,0.0,GREEN
030201104,02,11,4,0.0,GREEN
034801901,48,19,1,0.0,GREEN
034806502,48,65,2,0.0,GREEN
031104005,11,40,5,0.0,GREEN
032803706,28,37,6,0.0,GREEN
032302802,23,28,2,0.0,GREEN
034802904,48,29,4,0.0,GREEN
032306105,23,61,5,100.0,RED
032605403,26,54,3,100.0,RED
032908603,29,86,3,100.0,RED
031500206,15,2,6,0.0,GREEN
031304602,13,46,2,100.0,RED
031200906,12,9,6,0.0,GREEN
031500406,15,4,6,0.0,GREEN
032905904,29,59,4,100.0,RED
030800906,08,9,6,0.0,GREEN
032301502,23,15,2,100.0,RED
032306404,23,64,4,100.0,RED
032604602,26,46,2,100.0,RED
030704306,07,43,6,0.0,GREEN
032004102,20,41,2,100.0,RED
031606704,16,67,4,100.0,RED
032504703,25,47,3,100.0,RED
031206602,12,66,2,0.0,GREEN
030804503,08,45,3,0.0,GREEN
030402203,04,22,3,0.0,GREEN
031703603,17,36,3,0.0,GREEN
031703602,17,36,2,0.0,GREEN
031703003,17,30,3,0.0,GREEN
031304703,13,47,3,0.0,GREEN
031702403,17,24,3,100.0,RED
031702103,17,21,3,0.0,GREEN
031701803,17,18,3,100.0,RED
031403902,14,39,2,0.0,GREEN
030600506,06,5,6,0.0,GREEN
030100804,01,8,4,100.0,RED
031500606,15,6,6,0.0,GREEN
030901204,09,12,4,0.0,GREEN
032205405,22,54,5,100.0,RED
032405905,24,59,5,100.0,RED
030902302,09,23,2,0.0,GREEN
031504902,15,49,2,0.0,GREEN
032405903,24,59,3,100.0,RED
032606004,26,60,4,100.0,RED
030700502,07,5,2,0.0,GREEN
030202701,02,27,1,0.0,GREEN
031901906,19,19,6,100.0,RED
031504702,15,47,2,100.0,RED
030100803,01,8,3,100.0,RED
031200805,12,8,5,0.0,GREEN
030905606,09,56,6,0.0,GREEN
031602103,16,21,3,0.0,GREEN
031304403,13,44,3,100.0,RED
031106705,11,67,5,0.0,GREEN
030601705,06,17,5,0.0,GREEN
031506903,15,69,3,100.0,RED
032304705,23,47,5,0.0,GREEN
030800503,08,5,3,0.0,GREEN
030101101,01,11,1,0.0,GREEN
030901106,09,11,6,0.0,GREEN
034805701,48,57,1,0.0,GREEN
030603704,06,37,4,0.0,GREEN
030905704,09,57,4,0.0,GREEN
032500601,25,6,1,0.0,GREEN
032500606,25,6,6,0.0,GREEN
030600706,06,7,6,0.0,GREEN
030101803,01,18,3,0.0,GREEN
032601002,26,10,2,100.0,RED
032702003,27,20,3,100.0,RED
032908101,29,81,1,100.0,RED
032306703,23,67,3,100.0,RED
032306002,23,60,2,100.0,RED
030101801,01,18,1,0.0,GREEN
030902706,09,27,6,0.0,GREEN
031205704,12,57,4,100.0,RED
031102104,11,21,4,0.0,GREEN
034705510,47,55,10,0.0,GREEN
031102303,11,23,3,0.0,GREEN
030601504,06,15,4,0.0,GREEN
032303905,23,39,5,100.0,RED
030901602,09,16,2,0.0,GREEN
030702203,07,22,3,0.0,GREEN
030500503,05,5,3,0.0,GREEN
030800103,08,1,3,0.0,GREEN
031706903,17,69,3,100.0,RED
031204606,12,46,6,0.0,GREEN
030500803,05,8,3,0.0,GREEN
030602606,06,26,6,0.0,GREEN
031201402,12,14,2,0.0,GREEN
031103503,11,35,3,0.0,GREEN
030706105,07,61,5,0.0,GREEN
032100602,21,6,2,100.0,RED
032103803,21,38,3,100.0,RED
032104804,21,48,4,0.0,GREEN
032106604,21,66,4,100.0,RED
032106902,21,69,2,100.0,RED
032206904,22,69,4,100.0,RED
032303206,23,32,6,100.0,RED
032407302,24,73,2,100.0,RED
032502505,25,25,5,100.0,RED
032902502,29,25,2,100.0,RED
032805105,28,51,5,100.0,RED
032903005,29,30,5,0.0,GREEN
031300506,13,5,6,0.0,GREEN
031300206,13,2,6,0.0,GREEN
032703306,27,33,6,100.0,RED
034806102,48,61,2,0.0,GREEN
031004406,10,44,6,0.0,GREEN
030700506,07,5,6,0.0,GREEN
030804806,08,48,6,0.0,GREEN
030802905,08,29,5,0.0,GREEN
030706902,07,69,2,0.0,GREEN
031105302,11,53,2,0.0,GREEN
031504110,15,41,10,0.0,GREEN
034300300,43,3,0,0.0,GREEN
031404606,14,46,6,0.0,GREEN
032303506,23,35,6,0.0,GREEN
032304806,23,48,6,0.0,GREEN
032701702,27,17,2,100.0,RED
031505204,15,52,4,0.0,GREEN
032204606,22,46,6,0.0,GREEN
032506803,25,68,3,100.0,RED
030303404,03,34,4,0.0,GREEN
030502402,05,24,2,0.0,GREEN
030705406,07,54,6,0.0,GREEN
031106806,11,68,6,0.0,GREEN
030705505,07,55,5,0.0,GREEN
032206903,22,69,3,100.0,RED
032505004,25,50,4,0.0,GREEN
031304404,13,44,4,0.0,GREEN
032507705,25,77,5,0.0,GREEN
032306802,23,68,2,100.0,RED
032207304,22,73,4,100.0,RED
031104610,11,46,10,0.0,GREEN
031503003,15,30,3,100.0,RED
034806202,48,62,2,100.0,RED
030900406,09,4,6,0.0,GREEN
030904205,09,42,5,0.0,GREEN
030704406,07,44,6,0.0,GREEN
034800106,48,1,6,0.0,GREEN
031106005,11,60,5,0.0,GREEN
032406102,24,61,2,100.0,RED
032504903,25,49,3,100.0,RED
030203406,02,34,6,0.0,GREEN
031605904,16,59,4,0.0,GREEN
031203704,12,37,4,0.0,GREEN
031400504,14,5,4,0.0,GREEN
032908301,29,83,1,100.0,RED
032507703,25,77,3,100.0,RED
032602904,26,29,4,100.0,RED
032507102,25,71,2,100.0,RED
032407200,24,72,0,100.0,RED
030701003,07,10,3,0.0,GREEN
032305701,23,57,1,100.0,RED
030901605,09,16,5,0.0,GREEN
034802402,48,24,2,100.0,RED
031304902,13,49,2,0.0,GREEN
031304702,13,47,2,100.0,RED
030804604,08,46,4,0.0,GREEN
031004805,10,48,5,0.0,GREEN
030501703,05,17,3,0.0,GREEN
030606506,06,65,6,0.0,GREEN
034801706,48,17,6,0.0,GREEN
030603902,06,39,2,0.0,GREEN
032503306,25,33,6,100.0,RED
032702906,27,29,6,100.0,RED
030702102,07,21,2,0.0,GREEN
030604602,06,46,2,0.0,GREEN
030804302,08,43,2,0.0,GREEN
030803606,08,36,6,0.0,GREEN
031201106,12,11,6,0.0,GREEN
030904103,09,41,3,0.0,GREEN
030203004,02,30,4,0.0,GREEN
032001300,20,13,0,0.0,GREEN
032506104,25,61,4,100.0,RED
032707402,27,74,2,100.0,RED
031100604,11,6,4,0.0,GREEN
030500706,05,7,6,0.0,GREEN
032304406,23,44,6,0.0,GREEN
032100705,21,7,5,100.0,RED
032304906,23,49,6,0.0,GREEN
032201403,22,14,3,100.0,RED
030603503,06,35,3,0.0,GREEN
032502503,25,25,3,100.0,RED
031005203,10,52,3,0.0,GREEN
030901002,09,10,2,0.0,GREEN
030502006,05,20,6,0.0,GREEN
034804204,48,42,4,0.0,GREEN
030802802,08,28,2,0.0,GREEN
034806505,48,65,5,100.0,RED
034806004,48,60,4,0.0,GREEN
034800806,48,8,6,0.0,GREEN
034803503,48,35,3,0.0,GREEN
032305905,23,59,5,0.0,GREEN
030502203,05,22,3,0.0,GREEN
031004200,10,42,0,200.0,RED
030901802,09,18,2,0.0,GREEN
032304706,23,47,6,100.0,RED
030803505,08,35,5,0.0,GREEN
032903102,29,31,2,100.0,RED
031205604,12,56,4,0.0,GREEN
031505506,15,55,6,0.0,GREEN
032803303,28,33,3,0.0,GREEN
032006704,20,67,4,100.0,RED
032005505,20,55,5,100.0,RED
032303502,23,35,2,100.0,RED
032201203,22,12,3,100.0,RED
030904305,09,43,5,0.0,GREEN
030604503,06,45,3,0.0,GREEN
032604106,26,41,6,100.0,RED
032909002,29,90,2,100.0,RED
030903004,09,30,4,0.0,GREEN
030200104,02,1,4,0.0,GREEN
032200100,22,1,0,0.0,GREEN
030801003,08,10,3,0.0,GREEN
031703401,17,34,1,100.0,RED
030303305,03,33,5,0.0,GREEN
030704906,07,49,6,0.0,GREEN
030706906,07,69,6,0.0,GREEN
030807006,08,70,6,0.0,GREEN
032303806,23,38,6,0.0,GREEN
032201200,22,12,0,0.0,GREEN
031506202,15,62,2,0.0,GREEN
031506402,15,64,2,200.0,RED
031102905,11,29,5,0.0,GREEN
030803003,08,30,3,0.0,GREEN
030501802,05,18,2,0.0,GREEN
030602502,06,25,2,0.0,GREEN
031201904,12,19,4,0.0,GREEN
031100505,11,5,5,0.0,GREEN
032905003,29,50,3,100.0,RED
034800104,48,1,4,0.0,GREEN
032200602,22,6,2,100.0,RED
032204405,22,44,5,0.0,GREEN
032307005,23,70,5,100.0,RED
032306805,23,68,5,0.0,GREEN
032405604,24,56,4,100.0,RED
032904102,29,41,2,0.0,GREEN
030401202,04,12,2,0.0,GREEN
030605206,06,52,6,0.0,GREEN
032906402,29,64,2,100.0,RED
032600600,26,6,0,100.0,RED
032702104,27,21,4,0.0,GREEN
032904604,29,46,4,0.0,GREEN
032902102,29,21,2,100.0,RED
032602102,26,21,2,100.0,RED
032305001,23,50,1,0.0,GREEN
034802304,48,23,4,0.0,GREEN
032904606,29,46,6,0.0,GREEN
032303605,23,36,5,100.0,RED
031505006,15,50,6,0.0,GREEN
032905900,29,59,0,100.0,RED
030700805,07,8,5,0.0,GREEN
031205905,12,59,5,0.0,GREEN
031400506,14,5,6,0.0,GREEN
030901503,09,15,3,0.0,GREEN
030602602,06,26,2,0.0,GREEN
032900602,29,6,2,100.0,RED
032400701,24,7,1,0.0,GREEN
034605901,46,59,1,100.0,RED
034706605,47,66,5,0.0,GREEN
034706705,47,67,5,0.0,GREEN
034706805,47,68,5,0.0,GREEN
034706905,47,69,5,0.0,GREEN
034707005,47,70,5,100.0,RED
034800602,48,6,2,100.0,RED
034801202,48,12,2,0.0,GREEN
034801401,48,14,1,100.0,RED
034801402,48,14,2,100.0,RED
034801503,48,15,3,0.0,GREEN
034802101,48,21,1,0.0,GREEN
034802201,48,22,1,0.0,GREEN
034802403,48,24,3,100.0,RED
032806601,28,66,1,0.0,GREEN
034803102,48,31,2,0.0,GREEN
032806801,28,68,1,100.0,RED
034803203,48,32,3,0.0,GREEN
034803702,48,37,2,0.0,GREEN
034803904,48,39,4,0.0,GREEN
034804004,48,40,4,0.0,GREEN
034804103,48,41,3,0.0,GREEN
034804303,48,43,3,100.0,RED
032807102,28,71,2,100.0,RED
034804403,48,44,3,0.0,GREEN
034804603,48,46,3,0.0,GREEN
032807602,28,76,2,100.0,RED
034804702,48,47,2,0.0,GREEN
034804704,48,47,4,0.0,GREEN
034804801,48,48,1,100.0,RED
032902805,29,28,5,0.0,GREEN
032903201,29,32,1,100.0,RED
032903103,29,31,3,100.0,RED
032508202,25,82,2,100.0,RED
032508802,25,88,2,100.0,RED
032508902,25,89,2,0.0,GREEN
032903705,29,37,5,0.0,GREEN
032904600,29,46,0,100.0,RED
032602005,26,20,5,0.0,GREEN
032904705,29,47,5,100.0,RED
032905500,29,55,0,100.0,RED
032906202,29,62,2,100.0,RED
032907203,29,72,3,100.0,RED
032907402,29,74,2,100.0,RED
032907601,29,76,1,100.0,RED
032908202,29,82,2,100.0,RED
032605304,26,53,4,0.0,GREEN
032605705,26,57,5,0.0,GREEN
032702903,27,29,3,100.0,RED
032703004,27,30,4,0.0,GREEN
032703901,27,39,1,100.0,RED
032704501,27,45,1,100.0,RED
032601604,26,16,4,100.0,RED
034804802,48,48,2,100.0,RED
034804902,48,49,2,0.0,GREEN
034805104,48,51,4,0.0,GREEN
034805605,48,56,5,100.0,RED
034806404,48,64,4,100.0,RED
034806904,48,69,4,0.0,GREEN
034807105,48,71,5,100.0,RED
034807205,48,72,5,0.0,GREEN
032100800,21,8,0,0.0,GREEN
032905502,29,55,2,100.0,RED
032906002,29,60,2,100.0,RED
031304106,13,41,6,0.0,GREEN
031303603,13,36,3,0.0,GREEN
030700505,07,5,5,0.0,GREEN
030301405,03,14,5,0.0,GREEN
032304802,23,48,2,100.0,RED
034802601,48,26,1,0.0,GREEN
032902404,29,24,4,0.0,GREEN
032705203,27,52,3,100.0,RED
034806701,48,67,1,100.0,RED
034806604,48,66,4,0.0,GREEN
032706503,27,65,3,0.0,GREEN
030701410,07,14,10,0.0,GREEN
034804901,48,49,1,100.0,RED
034805103,48,51,3,0.0,GREEN
034805704,48,57,4,0.0,GREEN
031806401,18,64,1,100.0,RED
030706303,07,63,3,0.0,GREEN
032905903,29,59,3,0.0,GREEN
032204101,22,41,1,100.0,RED
030301403,03,14,3,0.0,GREEN
030805204,08,52,4,0.0,GREEN
031404402,14,44,2,100.0,RED
031404306,14,43,6,0.0,GREEN
031001605,10,16,5,0.0,GREEN
032906201,29,62,1,100.0,RED
031004505,10,45,5,0.0,GREEN
031004202,10,42,2,0.0,GREEN
030701000,07,10,0,0.0,GREEN
032004602,20,46,2,100.0,RED
030702410,07,24,10,0.0,GREEN
031004005,10,40,5,0.0,GREEN
032501904,25,19,4,100.0,RED
030803510,08,35,10,0.0,GREEN
031204902,12,49,2,100.0,RED
031201403,12,14,3,0.0,GREEN
030102103,01,21,3,0.0,GREEN
030503406,05,34,6,0.0,GREEN
031301402,13,14,2,100.0,RED
031404003,14,40,3,0.0,GREEN
030804202,08,42,2,0.0,GREEN
031901602,19,16,2,100.0,RED
031107003,11,70,3,0.0,GREEN
030805002,08,50,2,0.0,GREEN
031301602,13,16,2,0.0,GREEN
030704502,07,45,2,0.0,GREEN
031804702,18,47,2,100.0,RED
031001203,10,12,3,0.0,GREEN
031100504,11,5,4,0.0,GREEN
031205102,12,51,2,100.0,RED
030101802,01,18,2,0.0,GREEN
031703802,17,38,2,0.0,GREEN
030703904,07,39,4,0.0,GREEN
031404806,14,48,6,0.0,GREEN
030800802,08,8,2,0.0,GREEN
032005901,20,59,1,100.0,RED
032601903,26,19,3,100.0,RED
034800703,48,7,3,0.0,GREEN
031002004,10,20,4,0.0,GREEN
031702003,17,20,3,0.0,GREEN
032605406,26,54,6,0.0,GREEN
032904506,29,45,6,0.0,GREEN
031500106,15,1,6,0.0,GREEN
031500302,15,3,2,0.0,GREEN
031500405,15,4,5,0.0,GREEN
031500100,15,1,0,0.0,GREEN
031600402,16,4,2,0.0,GREEN
031800601,18,6,1,100.0,RED
031105505,11,55,5,0.0,GREEN
030700303,07,3,3,0.0,GREEN
030907203,09,72,3,0.0,GREEN
030907303,09,73,3,0.0,GREEN
031000302,10,3,2,0.0,GREEN
030501604,05,16,4,0.0,GREEN
031200206,12,2,6,0.0,GREEN
031200306,12,3,6,0.0,GREEN
030500303,05,3,3,0.0,GREEN
030400405,04,4,5,0.0,GREEN
030400205,04,2,5,0.0,GREEN
031206803,12,68,3,100.0,RED
030500106,05,1,6,0.0,GREEN
030200806,02,8,6,0.0,GREEN
030802302,08,23,2,0.0,GREEN
034801900,48,19,0,0.0,GREEN
032702005,27,20,5,100.0,RED
032302805,23,28,5,0.0,GREEN
030902206,09,22,6,0.0,GREEN
030700705,07,7,5,0.0,GREEN
032405505,24,55,5,0.0,GREEN
031700201,17,2,1,100.0,RED
031700301,17,3,1,0.0,GREEN
031700503,17,5,3,100.0,RED
031803602,18,36,2,0.0,GREEN
031504606,15,46,6,0.0,GREEN
030100103,01,1,3,100.0,RED
032506003,25,60,3,100.0,RED
031201605,12,16,5,0.0,GREEN
031506906,15,69,6,100.0,RED
031506606,15,66,6,100.0,RED
031506306,15,63,6,100.0,RED
031505906,15,59,6,0.0,GREEN
031606603,16,66,3,100.0,RED
031501306,15,13,6,0.0,GREEN
032302706,23,27,6,0.0,GREEN
031505106,15,51,6,0.0,GREEN
031704003,17,40,3,0.0,GREEN
031707003,17,70,3,0.0,GREEN
031704603,17,46,3,100.0,RED
031704403,17,44,3,0.0,GREEN
031703803,17,38,3,0.0,GREEN
031703203,17,32,3,0.0,GREEN
031701903,17,19,3,0.0,GREEN
031701703,17,17,3,0.0,GREEN
031004501,10,45,1,0.0,GREEN
034802004,48,20,4,0.0,GREEN
032805505,28,55,5,0.0,GREEN
030301300,03,13,0,200.0,RED
030100500,01,5,0,0.0,GREEN
032602505,26,25,5,0.0,GREEN
030904501,09,45,1,0.0,GREEN
032505905,25,59,5,0.0,GREEN
032205104,22,51,4,0.0,GREEN
031104701,11,47,1,0.0,GREEN
030202006,02,20,6,0.0,GREEN
030601305,06,13,5,0.0,GREEN
030502102,05,21,2,0.0,GREEN
030200506,02,5,6,0.0,GREEN
031307002,13,70,2,200.0,RED
031003803,10,38,3,0.0,GREEN
030705503,07,55,3,0.0,GREEN
031600405,16,4,5,0.0,GREEN
034816412,48,164,12,0.0,GREEN
030403302,04,33,2,0.0,GREEN
030703010,07,30,10,0.0,GREEN
030502502,05,25,2,0.0,GREEN
032304106,23,41,6,0.0,GREEN
032206503,22,65,3,100.0,RED
032006604,20,66,4,100.0,RED
032903002,29,30,2,0.0,GREEN
034802301,48,23,1,0.0,GREEN
032004505,20,45,5,100.0,RED
034816212,48,162,12,0.0,GREEN
031006005,10,60,5,0.0,GREEN
031501804,15,18,4,100.0,RED
030704402,07,44,2,0.0,GREEN
031303005,13,30,5,0.0,GREEN
030501202,05,12,2,0.0,GREEN
030101301,01,13,1,100.0,RED
030803905,08,39,5,0.0,GREEN
031301206,13,12,6,0.0,GREEN
030101704,01,17,4,100.0,RED
031304603,13,46,3,100.0,RED
030502104,05,21,4,0.0,GREEN
030501702,05,17,2,0.0,GREEN
031004102,10,41,2,0.0,GREEN
031400803,14,8,3,100.0,RED
031405003,14,50,3,0.0,GREEN
031100806,11,8,6,0.0,GREEN
031406803,14,68,3,0.0,GREEN
030801803,08,18,3,0.0,GREEN
031805603,18,56,3,100.0,RED
031003702,10,37,2,0.0,GREEN
032701802,27,18,2,0.0,GREEN
034800405,48,4,5,0.0,GREEN
032501102,25,11,2,100.0,RED
031405304,14,53,4,100.0,RED
031200804,12,8,4,0.0,GREEN
031101802,11,18,2,0.0,GREEN
030200805,02,8,5,0.0,GREEN
031403606,14,36,6,0.0,GREEN
030705802,07,58,2,0.0,GREEN
031105106,11,51,6,0.0,GREEN
031205605,12,56,5,0.0,GREEN
030203404,02,34,4,0.0,GREEN
030202905,02,29,5,0.0,GREEN
030400606,04,6,6,0.0,GREEN
034806702,48,67,2,100.0,RED
034801405,48,14,5,0.0,GREEN
031703302,17,33,2,100.0,RED
031502402,15,24,2,0.0,GREEN
030400203,04,2,3,0.0,GREEN
031603410,16,34,10,0.0,GREEN
031701603,17,16,3,0.0,GREEN
032106103,21,61,3,100.0,RED
032306701,23,67,1,100.0,RED
032601503,26,15,3,0.0,GREEN
030201503,02,15,3,0.0,GREEN
032804304,28,43,4,0.0,GREEN
031505805,15,58,5,100.0,RED
031101106,11,11,6,0.0,GREEN
032105904,21,59,4,0.0,GREEN
032904802,29,48,2,0.0,GREEN
032703703,27,37,3,100.0,RED
030501904,05,19,4,0.0,GREEN
031201810,12,18,10,0.0,GREEN
032703806,27,38,6,0.0,GREEN
032603102,26,31,2,100.0,RED
031100404,11,4,4,0.0,GREEN
032907103,29,71,3,100.0,RED
032601902,26,19,2,100.0,RED
032905106,29,51,6,100.0,RED
032001405,20,14,5,100.0,RED
032606101,26,61,1,100.0,RED
032500605,25,6,5,0.0,GREEN
032408700,24,87,0,0.0,GREEN
032203201,22,32,1,100.0,RED
032804703,28,47,3,100.0,RED
032808000,28,80,0,0.0,GREEN
030102704,01,27,4,0.0,GREEN
030605305,06,53,5,0.0,GREEN
032505201,25,52,1,100.0,RED
032904903,29,49,3,0.0,GREEN
031204306,12,43,6,0.0,GREEN
030102104,01,21,4,0.0,GREEN
030802002,08,20,2,0.0,GREEN
031205706,12,57,6,0.0,GREEN
030806803,08,68,3,0.0,GREEN
032203803,22,38,3,100.0,RED
032407400,24,74,0,0.0,GREEN
030601905,06,19,5,0.0,GREEN
031106002,11,60,2,100.0,RED
030102604,01,26,4,0.0,GREEN
031403302,14,33,2,0.0,GREEN
030903602,09,36,2,0.0,GREEN
030700903,07,9,3,0.0,GREEN
031305706,13,57,6,0.0,GREEN
030806603,08,66,3,0.0,GREEN
031306406,13,64,6,0.0,GREEN
032106806,21,68,6,100.0,RED
031303902,13,39,2,0.0,GREEN
030701803,07,18,3,0.0,GREEN
031103605,11,36,5,0.0,GREEN
034800505,48,5,5,0.0,GREEN
032402201,24,22,1,0.0,GREEN
030909108,09,91,8,100.0,RED
031301302,13,13,2,0.0,GREEN
031707002,17,70,2,100.0,RED
030403402,04,34,2,0.0,GREEN
034802903,48,29,3,100.0,RED
031702202,17,22,2,100.0,RED
032905306,29,53,6,0.0,GREEN
031905906,19,59,6,0.0,GREEN
031906006,19,60,6,0.0,GREEN
031905806,19,58,6,0.0,GREEN
031905706,19,57,6,0.0,GREEN
032703705,27,37,5,0.0,GREEN
031502502,15,25,2,200.0,RED
031502302,15,23,2,100.0,RED
031706902,17,69,2,100.0,RED
032303906,23,39,6,0.0,GREEN
030701702,07,17,2,0.0,GREEN
034801702,48,17,2,0.0,GREEN
032404503,24,45,3,0.0,GREEN
031104602,11,46,2,0.0,GREEN
032303303,23,33,3,100.0,RED
031001705,10,17,5,0.0,GREEN
031001805,10,18,5,0.0,GREEN
031001806,10,18,6,0.0,GREEN
031001905,10,19,5,0.0,GREEN
030700500,07,5,0,0.0,GREEN
030700503,07,5,3,0.0,GREEN
030700605,07,6,5,0.0,GREEN
030700703,07,7,3,0.0,GREEN
030700704,07,7,4,0.0,GREEN
030700802,07,8,2,0.0,GREEN
030700806,07,8,6,0.0,GREEN
030700906,07,9,6,0.0,GREEN
030701004,07,10,4,0.0,GREEN
030701005,07,10,5,0.0,GREEN
030701006,07,10,6,0.0,GREEN
030701102,07,11,2,0.0,GREEN
030804704,08,47,4,0.0,GREEN
030804705,08,47,5,0.0,GREEN
030804803,08,48,3,0.0,GREEN
030804902,08,49,2,0.0,GREEN
030805105,08,51,5,0.0,GREEN
030805203,08,52,3,0.0,GREEN
031002503,10,25,3,0.0,GREEN
031002506,10,25,6,0.0,GREEN
031002605,10,26,5,0.0,GREEN
031002803,10,28,3,0.0,GREEN
031002806,10,28,6,0.0,GREEN
031003004,10,30,4,0.0,GREEN
031003006,10,30,6,0.0,GREEN
030701203,07,12,3,0.0,GREEN
030701403,07,14,3,0.0,GREEN
030701404,07,14,4,0.0,GREEN
030701406,07,14,6,0.0,GREEN
030701605,07,16,5,0.0,GREEN
030701903,07,19,3,0.0,GREEN
030805303,08,53,3,0.0,GREEN
030805304,08,53,4,0.0,GREEN
030805306,08,53,6,100.0,RED
030805504,08,55,4,0.0,GREEN
030805804,08,58,4,0.0,GREEN
030805904,08,59,4,0.0,GREEN
030805905,08,59,5,0.0,GREEN
031003204,10,32,4,0.0,GREEN
031003206,10,32,6,0.0,GREEN
031003304,10,33,4,0.0,GREEN
031003405,10,34,5,0.0,GREEN
031003503,10,35,3,0.0,GREEN
031003505,10,35,5,0.0,GREEN
031003805,10,38,5,0.0,GREEN
030702005,07,20,5,0.0,GREEN
030702006,07,20,6,0.0,GREEN
030702105,07,21,5,0.0,GREEN
030702106,07,21,6,0.0,GREEN
030702305,07,23,5,0.0,GREEN
030702603,07,26,3,0.0,GREEN
030806006,08,60,6,0.0,GREEN
030806103,08,61,3,0.0,GREEN
030806106,08,61,6,0.0,GREEN
030806200,08,62,0,200.0,RED
030806300,08,63,0,300.0,RED
030806401,08,64,1,0.0,GREEN
030806404,08,64,4,0.0,GREEN
030806500,08,65,0,100.0,RED
030806501,08,65,1,0.0,GREEN
030806506,08,65,6,0.0,GREEN
030806600,08,66,0,100.0,RED
030806601,08,66,1,0.0,GREEN
030806700,08,67,0,200.0,RED
030806701,08,67,1,0.0,GREEN
031003906,10,39,6,0.0,GREEN
031004004,10,40,4,0.0,GREEN
031004103,10,41,3,0.0,GREEN
031004105,10,41,5,0.0,GREEN
031004403,10,44,3,0.0,GREEN
031004502,10,45,2,0.0,GREEN
031004504,10,45,4,0.0,GREEN
030702705,07,27,5,0.0,GREEN
030702802,07,28,2,0.0,GREEN
030702902,07,29,2,0.0,GREEN
030702905,07,29,5,0.0,GREEN
030703102,07,31,2,0.0,GREEN
030703104,07,31,4,0.0,GREEN
030703204,07,32,4,0.0,GREEN
030703303,07,33,3,0.0,GREEN
030806801,08,68,1,0.0,GREEN
030806805,08,68,5,0.0,GREEN
030806900,08,69,0,100.0,RED
030806901,08,69,1,0.0,GREEN
030806906,08,69,6,0.0,GREEN
030807000,08,70,0,200.0,RED
030900102,09,1,2,0.0,GREEN
030900201,09,2,1,0.0,GREEN
030900202,09,2,2,0.0,GREEN
030900203,09,2,3,0.0,GREEN
030900300,09,3,0,0.0,GREEN
030900302,09,3,2,0.0,GREEN
030900303,09,3,3,0.0,GREEN
030900401,09,4,1,0.0,GREEN
030900402,09,4,2,0.0,GREEN
030900403,09,4,3,0.0,GREEN
031004801,10,48,1,0.0,GREEN
031004803,10,48,3,0.0,GREEN
031004901,10,49,1,0.0,GREEN
031004906,10,49,6,0.0,GREEN
031005003,10,50,3,0.0,GREEN
030703402,07,34,2,0.0,GREEN
030703403,07,34,3,0.0,GREEN
030703502,07,35,2,0.0,GREEN
030703805,07,38,5,0.0,GREEN
030900500,09,5,0,0.0,GREEN
030900501,09,5,1,0.0,GREEN
030900600,09,6,0,200.0,RED
030900601,09,6,1,0.0,GREEN
030900606,09,6,6,0.0,GREEN
030900700,09,7,0,200.0,RED
030900701,09,7,1,0.0,GREEN
030900702,09,7,2,0.0,GREEN
030900704,09,7,4,0.0,GREEN
030900800,09,8,0,0.0,GREEN
030900801,09,8,1,0.0,GREEN
030900804,09,8,4,0.0,GREEN
030900901,09,9,1,0.0,GREEN
030900904,09,9,4,0.0,GREEN
030901001,09,10,1,0.0,GREEN
030901101,09,11,1,0.0,GREEN
030901201,09,12,1,0.0,GREEN
031005405,10,54,5,0.0,GREEN
031005503,10,55,3,0.0,GREEN
031005504,10,55,4,0.0,GREEN
031005602,10,56,2,0.0,GREEN
031005606,10,56,6,0.0,GREEN
031005802,10,58,2,0.0,GREEN
031005803,10,58,3,0.0,GREEN
031006003,10,60,3,0.0,GREEN
031006102,10,61,2,0.0,GREEN
030704202,07,42,2,0.0,GREEN
030704404,07,44,4,0.0,GREEN
030704503,07,45,3,0.0,GREEN
030704506,07,45,6,0.0,GREEN
030704705,07,47,5,0.0,GREEN
030901300,09,13,0,100.0,RED
030901301,09,13,1,0.0,GREEN
030901400,09,14,0,100.0,RED
030901401,09,14,1,0.0,GREEN
030901500,09,15,0,0.0,GREEN
030901501,09,15,1,0.0,GREEN
030901504,09,15,4,0.0,GREEN
030901506,09,15,6,0.0,GREEN
030901601,09,16,1,0.0,GREEN
030901606,09,16,6,0.0,GREEN
030901700,09,17,0,200.0,RED
030901701,09,17,1,0.0,GREEN
030901706,09,17,6,0.0,GREEN
030901800,09,18,0,0.0,GREEN
030901801,09,18,1,0.0,GREEN
030901900,09,19,0,100.0,RED
030901901,09,19,1,0.0,GREEN
030901902,09,19,2,0.0,GREEN
030901903,09,19,3,0.0,GREEN
030901904,09,19,4,0.0,GREEN
030901906,09,19,6,0.0,GREEN
030600102,06,1,2,0.0,GREEN
030600104,06,1,4,0.0,GREEN
030600105,06,1,5,0.0,GREEN
030600106,06,1,6,0.0,GREEN
030600200,06,2,0,0.0,GREEN
030600201,06,2,1,0.0,GREEN
030600202,06,2,2,0.0,GREEN
030600206,06,2,6,0.0,GREEN
030600301,06,3,1,0.0,GREEN
030600302,06,3,2,0.0,GREEN
030600303,06,3,3,0.0,GREEN
030600304,06,3,4,0.0,GREEN
030600305,06,3,5,0.0,GREEN
030600400,06,4,0,0.0,GREEN
030600401,06,4,1,0.0,GREEN
030600402,06,4,2,0.0,GREEN
030600404,06,4,4,0.0,GREEN
030600605,06,6,5,0.0,GREEN
030705404,07,54,4,0.0,GREEN
030902000,09,20,0,0.0,GREEN
030902001,09,20,1,0.0,GREEN
030902002,09,20,2,0.0,GREEN
030902100,09,21,0,0.0,GREEN
030902101,09,21,1,0.0,GREEN
030902104,09,21,4,0.0,GREEN
030902200,09,22,0,0.0,GREEN
030902201,09,22,1,0.0,GREEN
030902303,09,23,3,0.0,GREEN
030600804,06,8,4,0.0,GREEN
030600902,06,9,2,0.0,GREEN
030601102,06,11,2,0.0,GREEN
030601103,06,11,3,0.0,GREEN
030601104,06,11,4,0.0,GREEN
030601203,06,12,3,0.0,GREEN
030601205,06,12,5,0.0,GREEN
030601206,06,12,6,0.0,GREEN
030601303,06,13,3,0.0,GREEN
030601304,06,13,4,100.0,RED
030601403,06,14,3,0.0,GREEN
030705604,07,56,4,0.0,GREEN
030705605,07,56,5,0.0,GREEN
030705606,07,56,6,0.0,GREEN
030705705,07,57,5,0.0,GREEN
030706200,07,62,0,200.0,RED
030706201,07,62,1,0.0,GREEN
030706300,07,63,0,100.0,RED
030706301,07,63,1,0.0,GREEN
030902805,09,28,5,0.0,GREEN
030903102,09,31,2,0.0,GREEN
030903103,09,31,3,0.0,GREEN
030903206,09,32,6,0.0,GREEN
030903403,09,34,3,0.0,GREEN
030601603,06,16,3,0.0,GREEN
030601606,06,16,6,0.0,GREEN
030601706,06,17,6,0.0,GREEN
030601802,06,18,2,0.0,GREEN
030601906,06,19,6,0.0,GREEN
030602005,06,20,5,0.0,GREEN
030602106,06,21,6,0.0,GREEN
030706400,07,64,0,100.0,RED
030706500,07,65,0,100.0,RED
030706600,07,66,0,200.0,RED
030706601,07,66,1,0.0,GREEN
030706603,07,66,3,0.0,GREEN
030706701,07,67,1,0.0,GREEN
030706703,07,67,3,0.0,GREEN
030706801,07,68,1,0.0,GREEN
030706802,07,68,2,0.0,GREEN
030707001,07,70,1,0.0,GREEN
030800100,08,1,0,0.0,GREEN
030903703,09,37,3,0.0,GREEN
030903802,09,38,2,0.0,GREEN
030903803,09,38,3,0.0,GREEN
030903804,09,38,4,0.0,GREEN
030903906,09,39,6,0.0,GREEN
030904002,09,40,2,0.0,GREEN
030904102,09,41,2,0.0,GREEN
030602306,06,23,6,0.0,GREEN
030602406,06,24,6,0.0,GREEN
030602605,06,26,5,0.0,GREEN
030602803,06,28,3,0.0,GREEN
030602905,06,29,5,100.0,RED
030800101,08,1,1,0.0,GREEN
030800201,08,2,1,0.0,GREEN
030800202,08,2,2,0.0,GREEN
030800205,08,2,5,0.0,GREEN
030800300,08,3,0,0.0,GREEN
030800301,08,3,1,0.0,GREEN
030800302,08,3,2,0.0,GREEN
030800400,08,4,0,0.0,GREEN
030800401,08,4,1,0.0,GREEN
030800402,08,4,2,0.0,GREEN
030800403,08,4,3,0.0,GREEN
030800404,08,4,4,0.0,GREEN
030800500,08,5,0,0.0,GREEN
030800506,08,5,6,0.0,GREEN
030800600,08,6,0,0.0,GREEN
030800601,08,6,1,0.0,GREEN
030800603,08,6,3,0.0,GREEN
030800605,08,6,5,0.0,GREEN
030800700,08,7,0,0.0,GREEN
030800701,08,7,1,0.0,GREEN
030800706,08,7,6,0.0,GREEN
030800800,08,8,0,0.0,GREEN
030800801,08,8,1,0.0,GREEN
030904203,09,42,3,0.0,GREEN
030904601,09,46,1,0.0,GREEN
030904703,09,47,3,0.0,GREEN
030603305,06,33,5,0.0,GREEN
030603504,06,35,4,0.0,GREEN
030800804,08,8,4,0.0,GREEN
030800806,08,8,6,0.0,GREEN
030800901,08,9,1,0.0,GREEN
030801001,08,10,1,0.0,GREEN
030801002,08,10,2,0.0,GREEN
030801100,08,11,0,0.0,GREEN
030801101,08,11,1,0.0,GREEN
030801104,08,11,4,0.0,GREEN
030801201,08,12,1,0.0,GREEN
030801203,08,12,3,0.0,GREEN
030801300,08,13,0,100.0,RED
030801305,08,13,5,0.0,GREEN
030801403,08,14,3,0.0,GREEN
030801404,08,14,4,0.0,GREEN
030801406,08,14,6,0.0,GREEN
030801500,08,15,0,200.0,RED
030801501,08,15,1,0.0,GREEN
030905105,09,51,5,0.0,GREEN
030604004,06,40,4,0.0,GREEN
030604103,06,41,3,0.0,GREEN
030604202,06,42,2,0.0,GREEN
030604206,06,42,6,0.0,GREEN
030801601,08,16,1,0.0,GREEN
030801605,08,16,5,0.0,GREEN
030801700,08,17,0,0.0,GREEN
030801701,08,17,1,0.0,GREEN
030801800,08,18,0,0.0,GREEN
030801801,08,18,1,0.0,GREEN
030801802,08,18,2,0.0,GREEN
030801805,08,18,5,0.0,GREEN
030801901,08,19,1,0.0,GREEN
030802000,08,20,0,0.0,GREEN
030802001,08,20,1,100.0,RED
030802005,08,20,5,0.0,GREEN
030802006,08,20,6,0.0,GREEN
030802101,08,21,1,0.0,GREEN
030802102,08,21,2,0.0,GREEN
030802103,08,21,3,0.0,GREEN
030802104,08,21,4,0.0,GREEN
030802200,08,22,0,0.0,GREEN
030802201,08,22,1,100.0,RED
030802206,08,22,6,0.0,GREEN
030905906,09,59,6,0.0,GREEN
030906003,09,60,3,0.0,GREEN
030906201,09,62,1,0.0,GREEN
030906204,09,62,4,0.0,GREEN
030906400,09,64,0,100.0,RED
030906401,09,64,1,0.0,GREEN
030906403,09,64,3,0.0,GREEN
030906404,09,64,4,0.0,GREEN
030604502,06,45,2,0.0,GREEN
030604606,06,46,6,0.0,GREEN
030604806,06,48,6,0.0,GREEN
030604904,06,49,4,0.0,GREEN
030605104,06,51,4,0.0,GREEN
030802305,08,23,5,0.0,GREEN
030802402,08,24,2,0.0,GREEN
030802404,08,24,4,0.0,GREEN
030802504,08,25,4,0.0,GREEN
030802506,08,25,6,0.0,GREEN
030802703,08,27,3,0.0,GREEN
030802804,08,28,4,0.0,GREEN
030802806,08,28,6,0.0,GREEN
030803002,08,30,2,0.0,GREEN
030906500,09,65,0,100.0,RED
030906503,09,65,3,0.0,GREEN
030906606,09,66,6,0.0,GREEN
030906700,09,67,0,200.0,RED
030906701,09,67,1,0.0,GREEN
030906703,09,67,3,0.0,GREEN
030906800,09,68,0,100.0,RED
030906801,09,68,1,0.0,GREEN
030906901,09,69,1,0.0,GREEN
030907000,09,70,0,200.0,RED
030907001,09,70,1,0.0,GREEN
031000102,10,1,2,0.0,GREEN
031000200,10,2,0,0.0,GREEN
031000201,10,2,1,0.0,GREEN
030605402,06,54,2,0.0,GREEN
030605605,06,56,5,0.0,GREEN
030605606,06,56,6,0.0,GREEN
030605703,06,57,3,0.0,GREEN
030605906,06,59,6,0.0,GREEN
030803103,08,31,3,0.0,GREEN
030803504,08,35,4,0.0,GREEN
031000204,10,2,4,0.0,GREEN
031000300,10,3,0,0.0,GREEN
031000301,10,3,1,0.0,GREEN
031000305,10,3,5,0.0,GREEN
031000400,10,4,0,0.0,GREEN
031000402,10,4,2,0.0,GREEN
031000404,10,4,4,0.0,GREEN
031000500,10,5,0,100.0,RED
031000503,10,5,3,0.0,GREEN
031000506,10,5,6,0.0,GREEN
031000600,10,6,0,0.0,GREEN
031000601,10,6,1,0.0,GREEN
031000700,10,7,0,0.0,GREEN
031000704,10,7,4,0.0,GREEN
031000800,10,8,0,100.0,RED
031000801,10,8,1,0.0,GREEN
031000805,10,8,5,0.0,GREEN
031000806,10,8,6,0.0,GREEN
031000900,10,9,0,0.0,GREEN
031000901,10,9,1,0.0,GREEN
030606105,06,61,5,0.0,GREEN
030606301,06,63,1,0.0,GREEN
030606305,06,63,5,0.0,GREEN
030606400,06,64,0,100.0,RED
030606401,06,64,1,0.0,GREEN
030606500,06,65,0,200.0,RED
030606501,06,65,1,0.0,GREEN
030606503,06,65,3,0.0,GREEN
030606600,06,66,0,200.0,RED
030606601,06,66,1,0.0,GREEN
030606602,06,66,2,0.0,GREEN
030606700,06,67,0,200.0,RED
030606701,06,67,1,0.0,GREEN
030803803,08,38,3,0.0,GREEN
030804105,08,41,5,0.0,GREEN
030804106,08,41,6,0.0,GREEN
030804204,08,42,4,0.0,GREEN
030804401,08,44,1,0.0,GREEN
030804404,08,44,4,0.0,GREEN
030804502,08,45,2,0.0,GREEN
031000906,10,9,6,0.0,GREEN
031001000,10,10,0,0.0,GREEN
031001001,10,10,1,0.0,GREEN
031001006,10,10,6,0.0,GREEN
031001200,10,12,0,0.0,GREEN
031001201,10,12,1,0.0,GREEN
031001301,10,13,1,0.0,GREEN
031001304,10,13,4,0.0,GREEN
031001400,10,14,0,0.0,GREEN
031001401,10,14,1,0.0,GREEN
031001404,10,14,4,0.0,GREEN
031001500,10,15,0,0.0,GREEN
031001501,10,15,1,0.0,GREEN
031001601,10,16,1,0.0,GREEN
031001606,10,16,6,0.0,GREEN
030606801,06,68,1,0.0,GREEN
030606900,06,69,0,200.0,RED
030606901,06,69,1,0.0,GREEN
030607000,06,70,0,200.0,RED
030607001,06,70,1,0.0,GREEN
030700101,07,1,1,0.0,GREEN
030700200,07,2,0,0.0,GREEN
030700201,07,2,1,0.0,GREEN
030700202,07,2,2,0.0,GREEN
030700203,07,2,3,0.0,GREEN
030700300,07,3,0,0.0,GREEN
030700301,07,3,1,0.0,GREEN
030700302,07,3,2,0.0,GREEN
030700400,07,4,0,0.0,GREEN
030700402,07,4,2,0.0,GREEN
030700403,07,4,3,0.0,GREEN
030700404,07,4,4,0.0,GREEN
031206401,12,64,1,0.0,GREEN
030905402,09,54,2,0.0,GREEN
031104910,11,49,10,0.0,GREEN
030805310,08,53,10,0.0,GREEN
030905210,09,52,10,0.0,GREEN
031516210,15,162,10,0.0,GREEN
031505910,15,59,10,0.0,GREEN
031304010,13,40,10,0.0,GREEN
031602310,16,23,10,0.0,GREEN
031103904,11,39,4,0.0,GREEN
031305110,13,51,10,0.0,GREEN
030600103,06,1,3,0.0,GREEN
030700304,07,3,4,0.0,GREEN
031601106,16,11,6,0.0,GREEN
030906004,09,60,4,0.0,GREEN
030606300,06,63,0,200.0,RED
031106501,11,65,1,0.0,GREEN
031222310,12,223,10,0.0,GREEN
031402310,14,23,10,0.0,GREEN
031000106,10,1,6,0.0,GREEN
031002002,10,20,2,0.0,GREEN
031320610,13,206,10,0.0,GREEN
031102804,11,28,4,0.0,GREEN
030706900,07,69,0,0.0,GREEN
031301804,13,18,4,0.0,GREEN
030606201,06,62,1,0.0,GREEN
030701610,07,16,10,0.0,GREEN
030200903,02,9,3,0.0,GREEN
030803610,08,36,10,0.0,GREEN
031400802,14,8,2,100.0,RED
030902106,09,21,6,0.0,GREEN
031004210,10,42,10,0.0,GREEN
030402705,04,27,5,0.0,GREEN
030906310,09,63,10,0.0,GREEN
030703910,07,39,10,0.0,GREEN
031515810,15,158,10,0.0,GREEN
030905403,09,54,3,0.0,GREEN
030805510,08,55,10,0.0,GREEN
031103510,11,35,10,0.0,GREEN
031205610,12,56,10,0.0,GREEN
030907100,09,71,0,0.0,GREEN
030907101,09,71,1,0.0,GREEN
030907102,09,71,2,0.0,GREEN
030907104,09,71,4,0.0,GREEN
030907105,09,71,5,0.0,GREEN
030907106,09,71,6,0.0,GREEN
030907200,09,72,0,0.0,GREEN
030907202,09,72,2,0.0,GREEN
030907204,09,72,4,0.0,GREEN
030907205,09,72,5,0.0,GREEN
030907206,09,72,6,0.0,GREEN
030907300,09,73,0,0.0,GREEN
030907301,09,73,1,0.0,GREEN
030907302,09,73,2,0.0,GREEN
030907305,09,73,5,0.0,GREEN
030907306,09,73,6,0.0,GREEN
030907400,09,74,0,0.0,GREEN
030907402,09,74,2,0.0,GREEN
030907403,09,74,3,0.0,GREEN
030907404,09,74,4,0.0,GREEN
030907500,09,75,0,0.0,GREEN
030907502,09,75,2,0.0,GREEN
030907503,09,75,3,0.0,GREEN
030907504,09,75,4,0.0,GREEN
030907505,09,75,5,0.0,GREEN
030907600,09,76,0,0.0,GREEN
030907602,09,76,2,0.0,GREEN
030907603,09,76,3,0.0,GREEN
030907604,09,76,4,0.0,GREEN
030907605,09,76,5,0.0,GREEN
030907700,09,77,0,0.0,GREEN
030907702,09,77,2,0.0,GREEN
030907703,09,77,3,0.0,GREEN
030907704,09,77,4,0.0,GREEN
030907705,09,77,5,0.0,GREEN
030907800,09,78,0,0.0,GREEN
030907802,09,78,2,0.0,GREEN
031506300,15,63,0,100.0,RED
030907803,09,78,3,0.0,GREEN
030907804,09,78,4,0.0,GREEN
030907805,09,78,5,0.0,GREEN
030907900,09,79,0,0.0,GREEN
030907903,09,79,3,0.0,GREEN
030907904,09,79,4,0.0,GREEN
030907905,09,79,5,0.0,GREEN
030908000,09,80,0,100.0,RED
030908001,09,80,1,0.0,GREEN
030908002,09,80,2,0.0,GREEN
030908003,09,80,3,0.0,GREEN
030908004,09,80,4,0.0,GREEN
030908005,09,80,5,0.0,GREEN
030908100,09,81,0,0.0,GREEN
030908101,09,81,1,0.0,GREEN
030908102,09,81,2,0.0,GREEN
030908103,09,81,3,0.0,GREEN
030908104,09,81,4,0.0,GREEN
030908105,09,81,5,0.0,GREEN
030908200,09,82,0,0.0,GREEN
030908201,09,82,1,0.0,GREEN
030908202,09,82,2,0.0,GREEN
030908203,09,82,3,0.0,GREEN
030908204,09,82,4,0.0,GREEN
030908205,09,82,5,0.0,GREEN
030908300,09,83,0,0.0,GREEN
030908301,09,83,1,0.0,GREEN
030908302,09,83,2,0.0,GREEN
030908303,09,83,3,0.0,GREEN
030908304,09,83,4,0.0,GREEN
030908305,09,83,5,0.0,GREEN
030908400,09,84,0,0.0,GREEN
030908401,09,84,1,0.0,GREEN
030908402,09,84,2,0.0,GREEN
030908403,09,84,3,0.0,GREEN
030908404,09,84,4,0.0,GREEN
030908405,09,84,5,0.0,GREEN
030908500,09,85,0,0.0,GREEN
030908501,09,85,1,0.0,GREEN
030908502,09,85,2,0.0,GREEN
030908503,09,85,3,0.0,GREEN
030908504,09,85,4,0.0,GREEN
030908505,09,85,5,0.0,GREEN
030908600,09,86,0,0.0,GREEN
030908601,09,86,1,0.0,GREEN
030908602,09,86,2,0.0,GREEN
030908603,09,86,3,0.0,GREEN
030908604,09,86,4,0.0,GREEN
030908605,09,86,5,0.0,GREEN
030403006,04,30,6,0.0,GREEN
030201706,02,17,6,0.0,GREEN
031006006,10,60,6,0.0,GREEN
030908700,09,87,0,0.0,GREEN
030908701,09,87,1,0.0,GREEN
030908702,09,87,2,0.0,GREEN
030908703,09,87,3,0.0,GREEN
030908704,09,87,4,0.0,GREEN
030908705,09,87,5,0.0,GREEN
030908800,09,88,0,0.0,GREEN
030908801,09,88,1,0.0,GREEN
030908802,09,88,2,0.0,GREEN
030908803,09,88,3,0.0,GREEN
030908804,09,88,4,0.0,GREEN
030908805,09,88,5,0.0,GREEN
030908900,09,89,0,0.0,GREEN
030908901,09,89,1,0.0,GREEN
030908902,09,89,2,0.0,GREEN
030908903,09,89,3,0.0,GREEN
030908904,09,89,4,0.0,GREEN
030908905,09,89,5,0.0,GREEN
030908906,09,89,6,0.0,GREEN
030908909,09,89,9,0.0,GREEN
030909000,09,90,0,0.0,GREEN
030909001,09,90,1,0.0,GREEN
030909002,09,90,2,0.0,GREEN
030909003,09,90,3,0.0,GREEN
030909004,09,90,4,0.0,GREEN
030909005,09,90,5,0.0,GREEN
030909006,09,90,6,0.0,GREEN
030909008,09,90,8,0.0,GREEN
030909009,09,90,9,0.0,GREEN
030909100,09,91,0,100.0,RED
030909101,09,91,1,0.0,GREEN
030909102,09,91,2,0.0,GREEN
030909103,09,91,3,0.0,GREEN
030909104,09,91,4,0.0,GREEN
030909105,09,91,5,0.0,GREEN
030909106,09,91,6,0.0,GREEN
030909109,09,91,9,0.0,GREEN
031306110,13,61,10,0.0,GREEN
030606200,06,62,0,200.0,RED
030700701,07,7,1,0.0,GREEN
030701500,07,15,0,0.0,GREEN
030800501,08,5,1,0.0,GREEN
030801401,08,14,1,0.0,GREEN
030801600,08,16,0,0.0,GREEN
030804501,08,45,1,0.0,GREEN
030806301,08,63,1,0.0,GREEN
030806800,08,68,0,200.0,RED
030901600,09,16,0,0.0,GREEN
030904401,09,44,1,0.0,GREEN
030906300,09,63,0,200.0,RED
030906600,09,66,0,200.0,RED
031000701,10,7,1,0.0,GREEN
031001101,10,11,1,0.0,GREEN
031001600,10,16,0,0.0,GREEN
031001801,10,18,1,0.0,GREEN
031004601,10,46,1,0.0,GREEN
031004701,10,47,1,0.0,GREEN
031006301,10,63,1,0.0,GREEN
031006800,10,68,0,100.0,RED
031006901,10,69,1,0.0,GREEN
031101901,11,19,1,0.0,GREEN
031106400,11,64,0,200.0,RED
031106601,11,66,1,0.0,GREEN
031200501,12,5,1,0.0,GREEN
031201201,12,12,1,0.0,GREEN
031201700,12,17,0,0.0,GREEN
031201901,12,19,1,0.0,GREEN
031204801,12,48,1,0.0,GREEN
030802003,08,20,3,0.0,GREEN
030701710,07,17,10,0.0,GREEN
030802910,08,29,10,0.0,GREEN
031206201,12,62,1,0.0,GREEN
031206700,12,67,0,100.0,RED
031300901,13,9,1,100.0,RED
031301601,13,16,1,100.0,RED
031302201,13,22,1,0.0,GREEN
031304601,13,46,1,0.0,GREEN
031306600,13,66,0,100.0,RED
031400701,14,7,1,100.0,RED
031401301,14,13,1,100.0,RED
031402000,14,20,0,100.0,RED
031404900,14,49,0,100.0,RED
031406301,14,63,1,0.0,GREEN
031406801,14,68,1,100.0,RED
031500500,15,5,0,0.0,GREEN
031500901,15,9,1,0.0,GREEN
031501601,15,16,1,100.0,RED
031506201,15,62,1,100.0,RED
031506600,15,66,0,100.0,RED
031600501,16,5,1,0.0,GREEN
031601101,16,11,1,100.0,RED
031601301,16,13,1,100.0,RED
031601801,16,18,1,100.0,RED
031602200,16,22,0,100.0,RED
031602801,16,28,1,100.0,RED
030600403,06,4,3,0.0,GREEN
031202102,12,21,2,0.0,GREEN
031504206,15,42,6,0.0,GREEN
030906904,09,69,4,0.0,GREEN
030203106,02,31,6,0.0,GREEN
030203206,02,32,6,0.0,GREEN
030203305,02,33,5,0.0,GREEN
030203306,02,33,6,0.0,GREEN
031204410,12,44,10,0.0,GREEN
031000604,10,6,4,0.0,GREEN
031107210,11,72,10,0.0,GREEN
031201910,12,19,10,0.0,GREEN
030903104,09,31,4,0.0,GREEN
030500102,05,1,2,0.0,GREEN
030500103,05,1,3,0.0,GREEN
030500104,05,1,4,0.0,GREEN
030500105,05,1,5,0.0,GREEN
030500202,05,2,2,0.0,GREEN
030500203,05,2,3,0.0,GREEN
030500302,05,3,2,0.0,GREEN
030500306,05,3,6,0.0,GREEN
030500402,05,4,2,0.0,GREEN
030500403,05,4,3,0.0,GREEN
030500502,05,5,2,0.0,GREEN
030500704,05,7,4,0.0,GREEN
030501803,05,18,3,0.0,GREEN
030501804,05,18,4,0.0,GREEN
030501805,05,18,5,0.0,GREEN
030502002,05,20,2,0.0,GREEN
030502003,05,20,3,0.0,GREEN
030502004,05,20,4,0.0,GREEN
030502005,05,20,5,0.0,GREEN
030502103,05,21,3,0.0,GREEN
030502206,05,22,6,0.0,GREEN
030502305,05,23,5,0.0,GREEN
030502306,05,23,6,0.0,GREEN
030502503,05,25,3,0.0,GREEN
030620910,06,209,10,0.0,GREEN
030621110,06,211,10,0.0,GREEN
030621210,06,212,10,0.0,GREEN
030621310,06,213,10,0.0,GREEN
030621610,06,216,10,0.0,GREEN
030621910,06,219,10,0.0,GREEN
030622010,06,220,10,0.0,GREEN
030622110,06,221,10,0.0,GREEN
030622210,06,222,10,0.0,GREEN
030622310,06,223,10,0.0,GREEN
030622410,06,224,10,0.0,GREEN
030622610,06,226,10,0.0,GREEN
030622710,06,227,10,0.0,GREEN
030622810,06,228,10,0.0,GREEN
030622910,06,229,10,0.0,GREEN
030623110,06,231,10,0.0,GREEN
030623310,06,233,10,0.0,GREEN
030720410,07,204,10,0.0,GREEN
030720510,07,205,10,0.0,GREEN
030720610,07,206,10,0.0,GREEN
030720810,07,208,10,0.0,GREEN
030720910,07,209,10,0.0,GREEN
030721110,07,211,10,0.0,GREEN
030721210,07,212,10,0.0,GREEN
030721310,07,213,10,0.0,GREEN
030721410,07,214,10,0.0,GREEN
030721510,07,215,10,0.0,GREEN
030721610,07,216,10,0.0,GREEN
030706800,07,68,0,100.0,RED
030801301,08,13,1,0.0,GREEN
030621710,06,217,10,0.0,GREEN
030721010,07,210,10,0.0,GREEN
030722810,07,228,10,0.0,GREEN
030804810,08,48,10,0.0,GREEN
030921210,09,212,10,0.0,GREEN
030922010,09,220,10,0.0,GREEN
031006600,10,66,0,200.0,RED
031016110,10,161,10,0.0,GREEN
031115510,11,155,10,0.0,GREEN
031203710,12,37,10,0.0,GREEN
031220410,12,204,10,0.0,GREEN
031306401,13,64,1,100.0,RED
031306901,13,69,1,0.0,GREEN
031321610,13,216,10,0.0,GREEN
030721810,07,218,10,0.0,GREEN
030721910,07,219,10,0.0,GREEN
030722110,07,221,10,0.0,GREEN
030722210,07,222,10,0.0,GREEN
030722310,07,223,10,0.0,GREEN
030722410,07,224,10,0.0,GREEN
030722510,07,225,10,0.0,GREEN
030722610,07,226,10,0.0,GREEN
030722710,07,227,10,0.0,GREEN
030722910,07,229,10,0.0,GREEN
031222910,12,229,10,0.0,GREEN
031223010,12,230,10,0.0,GREEN
031223110,12,231,10,0.0,GREEN
031223210,12,232,10,0.0,GREEN
031223310,12,233,10,0.0,GREEN
031320410,13,204,10,0.0,GREEN
031320710,13,207,10,0.0,GREEN
031320910,13,209,10,0.0,GREEN
031321010,13,210,10,0.0,GREEN
030706401,07,64,1,0.0,GREEN
031000902,10,9,2,0.0,GREEN
031506900,15,69,0,100.0,RED
030721710,07,217,10,0.0,GREEN
030823110,08,231,10,0.0,GREEN
031521310,15,213,10,0.0,GREEN
030723010,07,230,10,0.0,GREEN
030723110,07,231,10,0.0,GREEN
030723210,07,232,10,0.0,GREEN
030723310,07,233,10,0.0,GREEN
030820410,08,204,10,0.0,GREEN
030820510,08,205,10,0.0,GREEN
030820710,08,207,10,0.0,GREEN
030820810,08,208,10,0.0,GREEN
030820910,08,209,10,0.0,GREEN
030821010,08,210,10,0.0,GREEN
031321210,13,212,10,0.0,GREEN
031321510,13,215,10,0.0,GREEN
031321710,13,217,10,0.0,GREEN
031321810,13,218,10,0.0,GREEN
031321910,13,219,10,0.0,GREEN
031322010,13,220,10,0.0,GREEN
031322210,13,222,10,0.0,GREEN
031322310,13,223,10,0.0,GREEN
031322410,13,224,10,0.0,GREEN
030821310,08,213,10,0.0,GREEN
030821410,08,214,10,0.0,GREEN
030821510,08,215,10,0.0,GREEN
030821610,08,216,10,0.0,GREEN
030821710,08,217,10,0.0,GREEN
030821810,08,218,10,0.0,GREEN
030822010,08,220,10,0.0,GREEN
030822110,08,221,10,0.0,GREEN
030822410,08,224,10,0.0,GREEN
030822510,08,225,10,0.0,GREEN
031322610,13,226,10,0.0,GREEN
031322810,13,228,10,0.0,GREEN
031322910,13,229,10,0.0,GREEN
031323110,13,231,10,0.0,GREEN
031323210,13,232,10,0.0,GREEN
031323310,13,233,10,0.0,GREEN
031420410,14,204,10,0.0,GREEN
031420510,14,205,10,0.0,GREEN
031420610,14,206,10,0.0,GREEN
031422210,14,222,10,0.0,GREEN
030822610,08,226,10,0.0,GREEN
030822710,08,227,10,0.0,GREEN
030822810,08,228,10,0.0,GREEN
030822910,08,229,10,0.0,GREEN
030823010,08,230,10,0.0,GREEN
030823210,08,232,10,0.0,GREEN
030823310,08,233,10,0.0,GREEN
030920510,09,205,10,0.0,GREEN
030920710,09,207,10,0.0,GREEN
031420710,14,207,10,0.0,GREEN
031420810,14,208,10,0.0,GREEN
031420910,14,209,10,0.0,GREEN
031421010,14,210,10,0.0,GREEN
031421110,14,211,10,0.0,GREEN
031421210,14,212,10,0.0,GREEN
031421310,14,213,10,0.0,GREEN
031421510,14,215,10,0.0,GREEN
031421710,14,217,10,0.0,GREEN
031421810,14,218,10,0.0,GREEN
031421910,14,219,10,0.0,GREEN
030820610,08,206,10,0.0,GREEN
031522710,15,227,10,0.0,GREEN
031220910,12,209,10,0.0,GREEN
03GS00100,GS,1,0,0.0,GREEN
031101504,11,15,4,0.0,GREEN
031602104,16,21,4,0.0,GREEN
030920810,09,208,10,0.0,GREEN
030921010,09,210,10,0.0,GREEN
030921110,09,211,10,0.0,GREEN
030921310,09,213,10,0.0,GREEN
030921410,09,214,10,0.0,GREEN
030921510,09,215,10,0.0,GREEN
030921610,09,216,10,0.0,GREEN
031422010,14,220,10,0.0,GREEN
031422110,14,221,10,0.0,GREEN
031422310,14,223,10,0.0,GREEN
031422410,14,224,10,0.0,GREEN
031422510,14,225,10,0.0,GREEN
031422610,14,226,10,0.0,GREEN
031422710,14,227,10,0.0,GREEN
031422810,14,228,10,0.0,GREEN
031423210,14,232,10,0.0,GREEN
031221210,12,212,10,0.0,GREEN
031321110,13,211,10,0.0,GREEN
031123210,11,232,10,0.0,GREEN
031522310,15,223,10,0.0,GREEN
031520710,15,207,10,0.0,GREEN
030921810,09,218,10,0.0,GREEN
030922110,09,221,10,0.0,GREEN
030922210,09,222,10,0.0,GREEN
030922410,09,224,10,0.0,GREEN
030922510,09,225,10,0.0,GREEN
030922610,09,226,10,0.0,GREEN
030922710,09,227,10,0.0,GREEN
030922810,09,228,10,0.0,GREEN
030922910,09,229,10,0.0,GREEN
031423310,14,233,10,0.0,GREEN
031520410,15,204,10,0.0,GREEN
031520510,15,205,10,0.0,GREEN
031520610,15,206,10,0.0,GREEN
031520810,15,208,10,0.0,GREEN
031520910,15,209,10,0.0,GREEN
031521010,15,210,10,0.0,GREEN
031521210,15,212,10,0.0,GREEN
031521410,15,214,10,0.0,GREEN
031521510,15,215,10,0.0,GREEN
030202002,02,20,2,0.0,GREEN
030920910,09,209,10,0.0,GREEN
031603710,16,37,10,0.0,GREEN
031322110,13,221,10,0.0,GREEN
031421610,14,216,10,0.0,GREEN
030923010,09,230,10,0.0,GREEN
030923110,09,231,10,0.0,GREEN
030923210,09,232,10,0.0,GREEN
031020410,10,204,10,0.0,GREEN
031020510,10,205,10,0.0,GREEN
031020610,10,206,10,0.0,GREEN
031020710,10,207,10,0.0,GREEN
031020810,10,208,10,0.0,GREEN
031020910,10,209,10,0.0,GREEN
031021010,10,210,10,0.0,GREEN
031021110,10,211,10,0.0,GREEN
031021210,10,212,10,0.0,GREEN
031521610,15,216,10,0.0,GREEN
031521810,15,218,10,0.0,GREEN
031521910,15,219,10,0.0,GREEN
031522010,15,220,10,0.0,GREEN
031522110,15,221,10,0.0,GREEN
031522210,15,222,10,0.0,GREEN
031522410,15,224,10,0.0,GREEN
031522510,15,225,10,0.0,GREEN
031522610,15,226,10,0.0,GREEN
031122010,11,220,10,0.0,GREEN
031222510,12,225,10,0.0,GREEN
031121610,11,216,10,0.0,GREEN
031320510,13,205,10,0.0,GREEN
031422910,14,229,10,0.0,GREEN
031122810,11,228,10,0.0,GREEN
031323010,13,230,10,0.0,GREEN
030921710,09,217,10,0.0,GREEN
031021510,10,215,10,0.0,GREEN
031021610,10,216,10,0.0,GREEN
031021710,10,217,10,0.0,GREEN
031021810,10,218,10,0.0,GREEN
031021910,10,219,10,0.0,GREEN
031022110,10,221,10,0.0,GREEN
031022210,10,222,10,0.0,GREEN
031022310,10,223,10,0.0,GREEN
031022510,10,225,10,0.0,GREEN
031522810,15,228,10,0.0,GREEN
031522910,15,229,10,0.0,GREEN
031523010,15,230,10,0.0,GREEN
031523210,15,232,10,0.0,GREEN
031523310,15,233,10,0.0,GREEN
030620410,06,204,10,0.0,GREEN
030622510,06,225,10,0.0,GREEN
031105010,11,50,10,0.0,GREEN
031100803,11,8,3,0.0,GREEN
031406501,14,65,1,100.0,RED
030921910,09,219,10,0.0,GREEN
031603201,16,32,1,0.0,GREEN
031603610,16,36,10,0.0,GREEN
030923310,09,233,10,0.0,GREEN
031022710,10,227,10,0.0,GREEN
031022810,10,228,10,0.0,GREEN
031022910,10,229,10,0.0,GREEN
031023110,10,231,10,0.0,GREEN
031023210,10,232,10,0.0,GREEN
031023310,10,233,10,0.0,GREEN
031120610,11,206,10,0.0,GREEN
031120710,11,207,10,0.0,GREEN
031022410,10,224,10,0.0,GREEN
031120510,11,205,10,0.0,GREEN
031521110,15,211,10,0.0,GREEN
030623210,06,232,10,0.0,GREEN
030621410,06,214,10,0.0,GREEN
030621510,06,215,10,0.0,GREEN
031221310,12,213,10,0.0,GREEN
031321410,13,214,10,0.0,GREEN
031423110,14,231,10,0.0,GREEN
031521710,15,217,10,0.0,GREEN
030821910,08,219,10,0.0,GREEN
031315710,13,157,10,0.0,GREEN
031104110,11,41,10,0.0,GREEN
031120910,11,209,10,0.0,GREEN
031121010,11,210,10,0.0,GREEN
031121110,11,211,10,0.0,GREEN
031121310,11,213,10,0.0,GREEN
031121410,11,214,10,0.0,GREEN
031121510,11,215,10,0.0,GREEN
031121710,11,217,10,0.0,GREEN
031121810,11,218,10,0.0,GREEN
031121910,11,219,10,0.0,GREEN
031120810,11,208,10,0.0,GREEN
030722010,07,220,10,0.0,GREEN
030822210,08,222,10,0.0,GREEN
031606202,16,62,2,200.0,RED
030502106,05,21,6,0.0,GREEN
031222210,12,222,10,0.0,GREEN
031023010,10,230,10,0.0,GREEN
031503610,15,36,10,0.0,GREEN
031122110,11,221,10,0.0,GREEN
031122210,11,222,10,0.0,GREEN
031122310,11,223,10,0.0,GREEN
031122410,11,224,10,0.0,GREEN
031122510,11,225,10,0.0,GREEN
031122610,11,226,10,0.0,GREEN
031122710,11,227,10,0.0,GREEN
031122910,11,229,10,0.0,GREEN
031123010,11,230,10,0.0,GREEN
031123110,11,231,10,0.0,GREEN
031123310,11,233,10,0.0,GREEN
031221110,12,211,10,0.0,GREEN
031523110,15,231,10,0.0,GREEN
031121210,11,212,10,0.0,GREEN
031120410,11,204,10,0.0,GREEN
031321310,13,213,10,0.0,GREEN
030822310,08,223,10,0.0,GREEN
030621010,06,210,10,0.0,GREEN
030922310,09,223,10,0.0,GREEN
030621810,06,218,10,0.0,GREEN
031021410,10,214,10,0.0,GREEN
030821210,08,212,10,0.0,GREEN
031021310,10,213,10,0.0,GREEN
031421410,14,214,10,0.0,GREEN
031220510,12,205,10,0.0,GREEN
031220610,12,206,10,0.0,GREEN
031220710,12,207,10,0.0,GREEN
031220810,12,208,10,0.0,GREEN
031221010,12,210,10,0.0,GREEN
031221410,12,214,10,0.0,GREEN
031221510,12,215,10,0.0,GREEN
031221610,12,216,10,0.0,GREEN
031320810,13,208,10,0.0,GREEN
031322510,13,225,10,0.0,GREEN
030720710,07,207,10,0.0,GREEN
031221710,12,217,10,0.0,GREEN
031221810,12,218,10,0.0,GREEN
031221910,12,219,10,0.0,GREEN
031222010,12,220,10,0.0,GREEN
031222110,12,221,10,0.0,GREEN
031222410,12,224,10,0.0,GREEN
031222610,12,226,10,0.0,GREEN
031222710,12,227,10,0.0,GREEN
031222810,12,228,10,0.0,GREEN
031322710,13,227,10,0.0,GREEN
031022610,10,226,10,0.0,GREEN
030920610,09,206,10,0.0,GREEN
031005904,10,59,4,0.0,GREEN
030300100,03,1,0,0.0,GREEN
030300101,03,1,1,0.0,GREEN
030300200,03,2,0,0.0,GREEN
030300201,03,2,1,0.0,GREEN
030300300,03,3,0,0.0,GREEN
030300301,03,3,1,0.0,GREEN
030300400,03,4,0,100.0,RED
030300401,03,4,1,0.0,GREEN
030400101,04,1,1,0.0,GREEN
030400200,04,2,0,0.0,GREEN
030400201,04,2,1,0.0,GREEN
030400300,04,3,0,0.0,GREEN
030400301,04,3,1,0.0,GREEN
030400400,04,4,0,0.0,GREEN
030400401,04,4,1,0.0,GREEN
030500100,05,1,0,0.0,GREEN
030500101,05,1,1,0.0,GREEN
030500200,05,2,0,0.0,GREEN
030500201,05,2,1,0.0,GREEN
030500300,05,3,0,0.0,GREEN
030500301,05,3,1,0.0,GREEN
030500400,05,4,0,0.0,GREEN
030500401,05,4,1,0.0,GREEN
030501102,05,11,2,0.0,GREEN
030501104,05,11,4,0.0,GREEN
030501106,05,11,6,0.0,GREEN
030501205,05,12,5,0.0,GREEN
030501206,05,12,6,0.0,GREEN
030501302,05,13,2,0.0,GREEN
030501304,05,13,4,0.0,GREEN
030501305,05,13,5,0.0,GREEN
030501306,05,13,6,0.0,GREEN
030501403,05,14,3,0.0,GREEN
030501405,05,14,5,0.0,GREEN
030501504,05,15,4,0.0,GREEN
030501602,05,16,2,0.0,GREEN
030501606,05,16,6,0.0,GREEN
030502602,05,26,2,0.0,GREEN
030502702,05,27,2,0.0,GREEN
030502706,05,27,6,0.0,GREEN
030502803,05,28,3,0.0,GREEN
030502806,05,28,6,0.0,GREEN
030502903,05,29,3,0.0,GREEN
030503104,05,31,4,0.0,GREEN
030503105,05,31,5,0.0,GREEN
030503302,05,33,2,0.0,GREEN
030503305,05,33,5,0.0,GREEN
030503402,05,34,2,0.0,GREEN
030300602,03,6,2,0.0,GREEN
030300703,03,7,3,0.0,GREEN
030620610,06,206,10,0.0,GREEN
030620710,06,207,10,0.0,GREEN
030620810,06,208,10,0.0,GREEN
031006106,10,61,6,0.0,GREEN
031006200,10,62,0,200.0,RED
031006201,10,62,1,0.0,GREEN
031006202,10,62,2,0.0,GREEN
031006300,10,63,0,200.0,RED
031006400,10,64,0,200.0,RED
031006501,10,65,1,0.0,GREEN
031006502,10,65,2,0.0,GREEN
031006504,10,65,4,0.0,GREEN
031006505,10,65,5,0.0,GREEN
031006601,10,66,1,0.0,GREEN
031006700,10,67,0,100.0,RED
031006702,10,67,2,0.0,GREEN
031006706,10,67,6,0.0,GREEN
031006804,10,68,4,0.0,GREEN
031506503,15,65,3,0.0,GREEN
031506601,15,66,1,0.0,GREEN
031506604,15,66,4,100.0,RED
031506700,15,67,0,100.0,RED
031506701,15,67,1,100.0,RED
031506703,15,67,3,0.0,GREEN
031506800,15,68,0,100.0,RED
031506801,15,68,1,100.0,RED
031506901,15,69,1,100.0,RED
031507000,15,70,0,100.0,RED
031507001,15,70,1,0.0,GREEN
031600100,16,1,0,0.0,GREEN
031600101,16,1,1,0.0,GREEN
031600105,16,1,5,0.0,GREEN
031600200,16,2,0,0.0,GREEN
031600201,16,2,1,0.0,GREEN
031600202,16,2,2,0.0,GREEN
031006900,10,69,0,300.0,RED
031006902,10,69,2,0.0,GREEN
031006903,10,69,3,0.0,GREEN
031006904,10,69,4,0.0,GREEN
031007001,10,70,1,0.0,GREEN
031100101,11,1,1,0.0,GREEN
031100102,11,1,2,0.0,GREEN
031100106,11,1,6,0.0,GREEN
031100200,11,2,0,0.0,GREEN
031100202,11,2,2,0.0,GREEN
031100300,11,3,0,0.0,GREEN
031100301,11,3,1,0.0,GREEN
031100302,11,3,2,0.0,GREEN
031100305,11,3,5,0.0,GREEN
031100400,11,4,0,0.0,GREEN
031100401,11,4,1,0.0,GREEN
031100402,11,4,2,0.0,GREEN
031100403,11,4,3,0.0,GREEN
031100405,11,4,5,0.0,GREEN
031100500,11,5,0,100.0,RED
031100501,11,5,1,0.0,GREEN
031100600,11,6,0,0.0,GREEN
031100601,11,6,1,0.0,GREEN
031204701,12,47,1,0.0,GREEN
031204800,12,48,0,0.0,GREEN
031204900,12,49,0,100.0,RED
031204901,12,49,1,0.0,GREEN
031205004,12,50,4,0.0,GREEN
031205005,12,50,5,0.0,GREEN
031402605,14,26,5,0.0,GREEN
031402703,14,27,3,0.0,GREEN
031402706,14,27,6,0.0,GREEN
031402806,14,28,6,0.0,GREEN
031402905,14,29,5,0.0,GREEN
031403005,14,30,5,0.0,GREEN
031403102,14,31,2,0.0,GREEN
030100204,01,2,4,100.0,RED
030100304,01,3,4,100.0,RED
030100501,01,5,1,100.0,RED
030100701,01,7,1,0.0,GREEN
030100901,01,9,1,0.0,GREEN
031100701,11,7,1,0.0,GREEN
031100706,11,7,6,0.0,GREEN
031100800,11,8,0,0.0,GREEN
031100801,11,8,1,0.0,GREEN
031100802,11,8,2,0.0,GREEN
031100905,11,9,5,0.0,GREEN
031101000,11,10,0,100.0,RED
031101001,11,10,1,0.0,GREEN
031101002,11,10,2,0.0,GREEN
031101004,11,10,4,0.0,GREEN
031101100,11,11,0,0.0,GREEN
031101101,11,11,1,0.0,GREEN
031101200,11,12,0,100.0,RED
031101201,11,12,1,0.0,GREEN
031101206,11,12,6,0.0,GREEN
031101300,11,13,0,0.0,GREEN
031101301,11,13,1,0.0,GREEN
031101304,11,13,4,0.0,GREEN
031205505,12,55,5,0.0,GREEN
031205803,12,58,3,100.0,RED
031205806,12,58,6,0.0,GREEN
031205906,12,59,6,0.0,GREEN
031206003,12,60,3,0.0,GREEN
031206104,12,61,4,0.0,GREEN
031403202,14,32,2,0.0,GREEN
031403206,14,32,6,0.0,GREEN
031403402,14,34,2,0.0,GREEN
031403405,14,34,5,0.0,GREEN
031403406,14,34,6,0.0,GREEN
031403502,14,35,2,100.0,RED
031403506,14,35,6,0.0,GREEN
031403604,14,36,4,0.0,GREEN
031403605,14,36,5,100.0,RED
031403702,14,37,2,0.0,GREEN
031403703,14,37,3,100.0,RED
031403802,14,38,2,100.0,RED
030101601,01,16,1,100.0,RED
030101901,01,19,1,0.0,GREEN
030102001,01,20,1,0.0,GREEN
030103200,01,32,0,0.0,GREEN
030103201,01,32,1,0.0,GREEN
030103300,01,33,0,0.0,GREEN
030103301,01,33,1,0.0,GREEN
030103400,01,34,0,0.0,GREEN
030103401,01,34,1,0.0,GREEN
031101400,11,14,0,0.0,GREEN
031101401,11,14,1,0.0,GREEN
031101501,11,15,1,0.0,GREEN
031101502,11,15,2,0.0,GREEN
031101600,11,16,0,0.0,GREEN
031101601,11,16,1,0.0,GREEN
031101603,11,16,3,0.0,GREEN
031101700,11,17,0,0.0,GREEN
031101701,11,17,1,0.0,GREEN
031101800,11,18,0,100.0,RED
031101801,11,18,1,0.0,GREEN
031101804,11,18,4,0.0,GREEN
031101806,11,18,6,0.0,GREEN
031101900,11,19,0,0.0,GREEN
031102000,11,20,0,0.0,GREEN
031102001,11,20,1,0.0,GREEN
031102004,11,20,4,0.0,GREEN
031206105,12,61,5,0.0,GREEN
031206200,12,62,0,100.0,RED
031206206,12,62,6,0.0,GREEN
031206300,12,63,0,0.0,GREEN
031206301,12,63,1,0.0,GREEN
031206303,12,63,3,0.0,GREEN
031206400,12,64,0,100.0,RED
031206500,12,65,0,100.0,RED
031206501,12,65,1,0.0,GREEN
031206601,12,66,1,0.0,GREEN
031206701,12,67,1,0.0,GREEN
031206702,12,67,2,100.0,RED
031206800,12,68,0,0.0,GREEN
031206801,12,68,1,0.0,GREEN
031206804,12,68,4,0.0,GREEN
031403904,14,39,4,100.0,RED
031404002,14,40,2,0.0,GREEN
031404005,14,40,5,100.0,RED
031404102,14,41,2,0.0,GREEN
031404105,14,41,5,0.0,GREEN
031404106,14,41,6,100.0,RED
031404204,14,42,4,0.0,GREEN
031404302,14,43,2,100.0,RED
031404401,14,44,1,0.0,GREEN
031404601,14,46,1,0.0,GREEN
031303610,13,36,10,0.0,GREEN
031600903,16,9,3,0.0,GREEN
031601803,16,18,3,100.0,RED
031505102,15,51,2,100.0,RED
030702210,07,22,10,0.0,GREEN
031102100,11,21,0,0.0,GREEN
031102101,11,21,1,0.0,GREEN
031102106,11,21,6,0.0,GREEN
031102200,11,22,0,0.0,GREEN
031102201,11,22,1,0.0,GREEN
031102504,11,25,4,0.0,GREEN
031102506,11,25,6,0.0,GREEN
031102605,11,26,5,0.0,GREEN
031102606,11,26,6,0.0,GREEN
031206901,12,69,1,0.0,GREEN
031206905,12,69,5,0.0,GREEN
031206906,12,69,6,0.0,GREEN
031207000,12,70,0,100.0,RED
031207005,12,70,5,0.0,GREEN
031300100,13,1,0,0.0,GREEN
031300101,13,1,1,0.0,GREEN
031300102,13,1,2,0.0,GREEN
031300106,13,1,6,0.0,GREEN
031300200,13,2,0,0.0,GREEN
031300201,13,2,1,0.0,GREEN
031300202,13,2,2,0.0,GREEN
031300204,13,2,4,0.0,GREEN
031300300,13,3,0,0.0,GREEN
031300301,13,3,1,0.0,GREEN
031300302,13,3,2,0.0,GREEN
031300304,13,3,4,0.0,GREEN
031300400,13,4,0,0.0,GREEN
031300401,13,4,1,0.0,GREEN
031300403,13,4,3,0.0,GREEN
031300501,13,5,1,100.0,RED
031300601,13,6,1,100.0,RED
031404700,14,47,0,100.0,RED
031404701,14,47,1,100.0,RED
031404800,14,48,0,100.0,RED
031404801,14,48,1,100.0,RED
031404901,14,49,1,0.0,GREEN
031404902,14,49,2,100.0,RED
031404906,14,49,6,0.0,GREEN
031405103,14,51,3,100.0,RED
031405202,14,52,2,0.0,GREEN
031405203,14,52,3,0.0,GREEN
031405206,14,52,6,0.0,GREEN
031405302,14,53,2,100.0,RED
030100604,01,6,4,0.0,GREEN
031116010,11,160,10,0.0,GREEN
030100704,01,7,4,100.0,RED
030100904,01,9,4,0.0,GREEN
030101004,01,10,4,100.0,RED
030101102,01,11,2,100.0,RED
031102906,11,29,6,0.0,GREEN
031103003,11,30,3,0.0,GREEN
031103006,11,30,6,0.0,GREEN
031103103,11,31,3,0.0,GREEN
031103203,11,32,3,0.0,GREEN
031103204,11,32,4,0.0,GREEN
031103205,11,32,5,0.0,GREEN
031103305,11,33,5,0.0,GREEN
031103406,11,34,6,0.0,GREEN
031300701,13,7,1,100.0,RED
031300800,13,8,0,0.0,GREEN
031300801,13,8,1,100.0,RED
031300900,13,9,0,0.0,GREEN
031300903,13,9,3,0.0,GREEN
031301000,13,10,0,0.0,GREEN
031301001,13,10,1,0.0,GREEN
031301100,13,11,0,100.0,RED
031301101,13,11,1,0.0,GREEN
031301106,13,11,6,0.0,GREEN
031301200,13,12,0,100.0,RED
031301201,13,12,1,100.0,RED
031301202,13,12,2,0.0,GREEN
031301205,13,12,5,0.0,GREEN
031301301,13,13,1,100.0,RED
031301304,13,13,4,100.0,RED
031405604,14,56,4,100.0,RED
031405606,14,56,6,0.0,GREEN
031405902,14,59,2,200.0,RED
031406005,14,60,5,0.0,GREEN
031406102,14,61,2,200.0,RED
031406103,14,61,3,100.0,RED
030601105,06,11,5,0.0,GREEN
030101602,01,16,2,100.0,RED
030101604,01,16,4,100.0,RED
031401403,14,14,3,0.0,GREEN
030101804,01,18,4,0.0,GREEN
030101904,01,19,4,100.0,RED
031103506,11,35,6,0.0,GREEN
031103606,11,36,6,0.0,GREEN
031103704,11,37,4,0.0,GREEN
031103905,11,39,5,0.0,GREEN
031301400,13,14,0,100.0,RED
031301401,13,14,1,0.0,GREEN
031301405,13,14,5,0.0,GREEN
031301500,13,15,0,100.0,RED
031301501,13,15,1,0.0,GREEN
031301600,13,16,0,100.0,RED
031301700,13,17,0,100.0,RED
031301701,13,17,1,100.0,RED
031301702,13,17,2,0.0,GREEN
031301800,13,18,0,100.0,RED
031301801,13,18,1,0.0,GREEN
031301803,13,18,3,0.0,GREEN
031301805,13,18,5,0.0,GREEN
031301900,13,19,0,0.0,GREEN
031301901,13,19,1,0.0,GREEN
031301906,13,19,6,0.0,GREEN
031302000,13,20,0,100.0,RED
031302001,13,20,1,0.0,GREEN
031302006,13,20,6,0.0,GREEN
031302100,13,21,0,100.0,RED
031406106,14,61,6,0.0,GREEN
031406200,14,62,0,100.0,RED
031406201,14,62,1,0.0,GREEN
031406202,14,62,2,100.0,RED
031406203,14,62,3,100.0,RED
031406204,14,62,4,0.0,GREEN
031406206,14,62,6,0.0,GREEN
031406300,14,63,0,100.0,RED
031406400,14,64,0,100.0,RED
031406401,14,64,1,0.0,GREEN
031406402,14,64,2,100.0,RED
031406403,14,64,3,200.0,RED
031406404,14,64,4,100.0,RED
031406500,14,65,0,100.0,RED
031406502,14,65,2,100.0,RED
031406503,14,65,3,0.0,GREEN
031406506,14,65,6,0.0,GREEN
031406600,14,66,0,100.0,RED
031406601,14,66,1,100.0,RED
031406700,14,67,0,100.0,RED
031406701,14,67,1,100.0,RED
031406702,14,67,2,100.0,RED
031406806,14,68,6,0.0,GREEN
031106304,11,63,4,0.0,GREEN
031200806,12,8,6,0.0,GREEN
030102304,01,23,4,0.0,GREEN
031301705,13,17,5,0.0,GREEN
030102504,01,25,4,0.0,GREEN
031104401,11,44,1,0.0,GREEN
031104501,11,45,1,0.0,GREEN
031104601,11,46,1,0.0,GREEN
031104700,11,47,0,200.0,RED
031104706,11,47,6,0.0,GREEN
031104800,11,48,0,100.0,RED
031104801,11,48,1,0.0,GREEN
031104900,11,49,0,200.0,RED
031104901,11,49,1,0.0,GREEN
031105002,11,50,2,0.0,GREEN
031302101,13,21,1,100.0,RED
031302103,13,21,3,0.0,GREEN
031302200,13,22,0,100.0,RED
031302202,13,22,2,0.0,GREEN
031302302,13,23,2,0.0,GREEN
031302703,13,27,3,0.0,GREEN
031302705,13,27,5,0.0,GREEN
031302706,13,27,6,0.0,GREEN
031406900,14,69,0,100.0,RED
031406901,14,69,1,0.0,GREEN
031406905,14,69,5,0.0,GREEN
031407000,14,70,0,100.0,RED
031407001,14,70,1,100.0,RED
031500101,15,1,1,0.0,GREEN
031500200,15,2,0,0.0,GREEN
031500201,15,2,1,0.0,GREEN
031500202,15,2,2,0.0,GREEN
031500300,15,3,0,0.0,GREEN
031500400,15,4,0,0.0,GREEN
031500401,15,4,1,0.0,GREEN
031500402,15,4,2,0.0,GREEN
031500501,15,5,1,100.0,RED
031500600,15,6,0,0.0,GREEN
031500601,15,6,1,0.0,GREEN
031006404,10,64,4,0.0,GREEN
030103202,01,32,2,0.0,GREEN
030103203,01,32,3,0.0,GREEN
030103204,01,32,4,0.0,GREEN
030103302,01,33,2,0.0,GREEN
030103303,01,33,3,0.0,GREEN
030103304,01,33,4,0.0,GREEN
030103402,01,34,2,0.0,GREEN
030103403,01,34,3,0.0,GREEN
030103404,01,34,4,0.0,GREEN
031105104,11,51,4,0.0,GREEN
031105305,11,53,5,0.0,GREEN
031105306,11,53,6,0.0,GREEN
031105405,11,54,5,0.0,GREEN
031105506,11,55,6,0.0,GREEN
031105603,11,56,3,0.0,GREEN
031105606,11,56,6,0.0,GREEN
031302804,13,28,4,0.0,GREEN
031302806,13,28,6,0.0,GREEN
031302905,13,29,5,0.0,GREEN
031303103,13,31,3,100.0,RED
031303203,13,32,3,0.0,GREEN
031303302,13,33,2,100.0,RED
031303402,13,34,2,0.0,GREEN
031303502,13,35,2,100.0,RED
031500603,15,6,3,0.0,GREEN
031500701,15,7,1,100.0,RED
031500800,15,8,0,100.0,RED
031500801,15,8,1,0.0,GREEN
031500804,15,8,4,100.0,RED
031500900,15,9,0,100.0,RED
031500905,15,9,5,0.0,GREEN
031501000,15,10,0,0.0,GREEN
031501001,15,10,1,0.0,GREEN
031501005,15,10,5,0.0,GREEN
031501100,15,11,0,100.0,RED
031501101,15,11,1,0.0,GREEN
031501102,15,11,2,100.0,RED
031501200,15,12,0,100.0,RED
031501201,15,12,1,0.0,GREEN
031501206,15,12,6,0.0,GREEN
031501301,15,13,1,0.0,GREEN
031501302,15,13,2,0.0,GREEN
031404702,14,47,2,100.0,RED
031305303,13,53,3,0.0,GREEN
031302005,13,20,5,0.0,GREEN
031106200,11,62,0,200.0,RED
031106201,11,62,1,0.0,GREEN
031106206,11,62,6,0.0,GREEN
031106300,11,63,0,200.0,RED
031106301,11,63,1,0.0,GREEN
031106305,11,63,5,0.0,GREEN
031106401,11,64,1,0.0,GREEN
031106500,11,65,0,200.0,RED
031303602,13,36,2,100.0,RED
031303606,13,36,6,0.0,GREEN
031303702,13,37,2,0.0,GREEN
031303703,13,37,3,100.0,RED
031303802,13,38,2,0.0,GREEN
031304002,13,40,2,0.0,GREEN
031304005,13,40,5,0.0,GREEN
031304102,13,41,2,0.0,GREEN
031304103,13,41,3,0.0,GREEN
031501400,15,14,0,100.0,RED
031501401,15,14,1,0.0,GREEN
031501402,15,14,2,0.0,GREEN
031501406,15,14,6,0.0,GREEN
031501500,15,15,0,0.0,GREEN
031501501,15,15,1,100.0,RED
031501600,15,16,0,100.0,RED
031501602,15,16,2,1400.0,RED
031501700,15,17,0,0.0,GREEN
031501701,15,17,1,100.0,RED
031501702,15,17,2,100.0,RED
031501801,15,18,1,0.0,GREEN
031501805,15,18,5,0.0,GREEN
031501900,15,19,0,100.0,RED
031501901,15,19,1,100.0,RED
031501902,15,19,2,100.0,RED
031501906,15,19,6,0.0,GREEN
031502000,15,20,0,100.0,RED
031502001,15,20,1,0.0,GREEN
031101704,11,17,4,0.0,GREEN
031402304,14,23,4,0.0,GREEN
031206102,12,61,2,100.0,RED
031504503,15,45,3,100.0,RED
031106600,11,66,0,200.0,RED
031106606,11,66,6,0.0,GREEN
031106700,11,67,0,200.0,RED
031106701,11,67,1,0.0,GREEN
031106703,11,67,3,0.0,GREEN
031106704,11,67,4,0.0,GREEN
031106706,11,67,6,0.0,GREEN
031106801,11,68,1,100.0,RED
031106900,11,69,0,200.0,RED
031106901,11,69,1,0.0,GREEN
031106903,11,69,3,100.0,RED
031107001,11,70,1,0.0,GREEN
031200101,12,1,1,0.0,GREEN
031200102,12,1,2,0.0,GREEN
031200106,12,1,6,0.0,GREEN
031200200,12,2,0,0.0,GREEN
031200201,12,2,1,0.0,GREEN
031200202,12,2,2,0.0,GREEN
031304401,13,44,1,0.0,GREEN
031304405,13,44,5,0.0,GREEN
031304604,13,46,4,0.0,GREEN
031304700,13,47,0,100.0,RED
031304701,13,47,1,0.0,GREEN
031304800,13,48,0,100.0,RED
031304801,13,48,1,0.0,GREEN
031304805,13,48,5,0.0,GREEN
031304900,13,49,0,100.0,RED
031304901,13,49,1,100.0,RED
031304903,13,49,3,0.0,GREEN
031502101,15,21,1,0.0,GREEN
031502103,15,21,3,100.0,RED
031502106,15,21,6,0.0,GREEN
031502200,15,22,0,100.0,RED
031502201,15,22,1,0.0,GREEN
031502206,15,22,6,0.0,GREEN
031502306,15,23,6,0.0,GREEN
031502506,15,25,6,0.0,GREEN
031502602,15,26,2,0.0,GREEN
031502802,15,28,2,0.0,GREEN
031600106,16,1,6,0.0,GREEN
031503704,15,37,4,0.0,GREEN
031305403,13,54,3,0.0,GREEN
031303202,13,32,2,100.0,RED
031306702,13,67,2,100.0,RED
031405405,14,54,5,0.0,GREEN
031402505,14,25,5,0.0,GREEN
031502005,15,20,5,0.0,GREEN
031200301,12,3,1,0.0,GREEN
031200302,12,3,2,0.0,GREEN
031200400,12,4,0,0.0,GREEN
031200401,12,4,1,0.0,GREEN
031200403,12,4,3,0.0,GREEN
031200500,12,5,0,100.0,RED
031200504,12,5,4,0.0,GREEN
031200600,12,6,0,0.0,GREEN
031200601,12,6,1,0.0,GREEN
031200700,12,7,0,0.0,GREEN
031200701,12,7,1,0.0,GREEN
031200703,12,7,3,0.0,GREEN
031200704,12,7,4,0.0,GREEN
031200800,12,8,0,0.0,GREEN
031200801,12,8,1,0.0,GREEN
031200900,12,9,0,100.0,RED
031200901,12,9,1,0.0,GREEN
031200905,12,9,5,0.0,GREEN
031305006,13,50,6,0.0,GREEN
031305205,13,52,5,0.0,GREEN
031305404,13,54,4,0.0,GREEN
031305405,13,54,5,100.0,RED
031305602,13,56,2,100.0,RED
031502905,15,29,5,0.0,GREEN
031502906,15,29,6,0.0,GREEN
031503004,15,30,4,0.0,GREEN
031503202,15,32,2,0.0,GREEN
031503402,15,34,2,100.0,RED
031503502,15,35,2,0.0,GREEN
031600406,16,4,6,0.0,GREEN
030804510,08,45,10,0.0,GREEN
030100303,01,3,3,0.0,GREEN
031300306,13,3,6,0.0,GREEN
031600300,16,3,0,0.0,GREEN
031600301,16,3,1,0.0,GREEN
031600302,16,3,2,0.0,GREEN
031600303,16,3,3,0.0,GREEN
031600304,16,3,4,0.0,GREEN
031600306,16,3,6,0.0,GREEN
031600400,16,4,0,0.0,GREEN
031600403,16,4,3,0.0,GREEN
031600404,16,4,4,0.0,GREEN
031201001,12,10,1,0.0,GREEN
031201003,12,10,3,0.0,GREEN
031201100,12,11,0,0.0,GREEN
031201101,12,11,1,0.0,GREEN
031201102,12,11,2,0.0,GREEN
031201200,12,12,0,0.0,GREEN
031201203,12,12,3,0.0,GREEN
031201300,12,13,0,200.0,RED
031201301,12,13,1,0.0,GREEN
031201306,12,13,6,0.0,GREEN
031201401,12,14,1,0.0,GREEN
031201405,12,14,5,0.0,GREEN
031201500,12,15,0,300.0,RED
031201501,12,15,1,0.0,GREEN
031201701,12,17,1,0.0,GREEN
031305802,13,58,2,0.0,GREEN
031305902,13,59,2,0.0,GREEN
031306102,13,61,2,100.0,RED
031306201,13,62,1,0.0,GREEN
031306202,13,62,2,100.0,RED
031306204,13,62,4,0.0,GREEN
031306300,13,63,0,100.0,RED
031306301,13,63,1,100.0,RED
031306400,13,64,0,100.0,RED
031306402,13,64,2,0.0,GREEN
031306501,13,65,1,0.0,GREEN
031503603,15,36,3,0.0,GREEN
031503702,15,37,2,0.0,GREEN
031503906,15,39,6,0.0,GREEN
031504002,15,40,2,0.0,GREEN
031602901,16,29,1,0.0,GREEN
031603102,16,31,2,0.0,GREEN
031603203,16,32,3,0.0,GREEN
031603301,16,33,1,0.0,GREEN
031603401,16,34,1,0.0,GREEN
031201704,12,17,4,0.0,GREEN
031201706,12,17,6,0.0,GREEN
031201800,12,18,0,0.0,GREEN
031201801,12,18,1,0.0,GREEN
031201900,12,19,0,0.0,GREEN
031202000,12,20,0,0.0,GREEN
031202001,12,20,1,0.0,GREEN
031202003,12,20,3,0.0,GREEN
031202100,12,21,0,0.0,GREEN
031202101,12,21,1,0.0,GREEN
031202103,12,21,3,0.0,GREEN
031202104,12,21,4,0.0,GREEN
031202200,12,22,0,0.0,GREEN
031202201,12,22,1,0.0,GREEN
031306506,13,65,6,0.0,GREEN
031306601,13,66,1,0.0,GREEN
031306700,13,67,0,100.0,RED
031306701,13,67,1,0.0,GREEN
031306705,13,67,5,0.0,GREEN
031306706,13,67,6,0.0,GREEN
031306800,13,68,0,100.0,RED
031306802,13,68,2,100.0,RED
031306805,13,68,5,0.0,GREEN
031306903,13,69,3,300.0,RED
031306906,13,69,6,0.0,GREEN
031307000,13,70,0,100.0,RED
031307001,13,70,1,0.0,GREEN
031307004,13,70,4,0.0,GREEN
031400106,14,1,6,0.0,GREEN
031400200,14,2,0,0.0,GREEN
031400201,14,2,1,0.0,GREEN
031400202,14,2,2,0.0,GREEN
031504304,15,43,4,0.0,GREEN
031504405,15,44,5,100.0,RED
031504701,15,47,1,100.0,RED
031504800,15,48,0,100.0,RED
031504801,15,48,1,0.0,GREEN
031504901,15,49,1,100.0,RED
031504903,15,49,3,200.0,RED
031505004,15,50,4,100.0,RED
031600500,16,5,0,100.0,RED
031600502,16,5,2,100.0,RED
031600506,16,5,6,0.0,GREEN
031600600,16,6,0,100.0,RED
031600601,16,6,1,0.0,GREEN
031600603,16,6,3,200.0,RED
031600700,16,7,0,100.0,RED
031600701,16,7,1,100.0,RED
031600702,16,7,2,100.0,RED
031600800,16,8,0,100.0,RED
031600900,16,9,0,100.0,RED
031600901,16,9,1,100.0,RED
031601001,16,10,1,100.0,RED
031601002,16,10,2,100.0,RED
031601003,16,10,3,0.0,GREEN
031601004,16,10,4,0.0,GREEN
031601006,16,10,6,0.0,GREEN
031601100,16,11,0,100.0,RED
031601104,16,11,4,0.0,GREEN
031601201,16,12,1,100.0,RED
031202506,12,25,6,0.0,GREEN
031202602,12,26,2,0.0,GREEN
031202604,12,26,4,0.0,GREEN
031202906,12,29,6,0.0,GREEN
031203006,12,30,6,0.0,GREEN
031400300,14,3,0,0.0,GREEN
031400301,14,3,1,0.0,GREEN
031400302,14,3,2,0.0,GREEN
031400400,14,4,0,0.0,GREEN
031400401,14,4,1,0.0,GREEN
031400402,14,4,2,0.0,GREEN
031400403,14,4,3,0.0,GREEN
031400500,14,5,0,100.0,RED
031400501,14,5,1,0.0,GREEN
031400505,14,5,5,0.0,GREEN
031400600,14,6,0,100.0,RED
031400601,14,6,1,0.0,GREEN
031400703,14,7,3,0.0,GREEN
031400706,14,7,6,0.0,GREEN
031400801,14,8,1,100.0,RED
031400900,14,9,0,100.0,RED
031400901,14,9,1,0.0,GREEN
031400903,14,9,3,100.0,RED
031400906,14,9,6,0.0,GREEN
031505202,15,52,2,0.0,GREEN
031505203,15,52,3,200.0,RED
031505302,15,53,2,200.0,RED
031505402,15,54,2,200.0,RED
031505406,15,54,6,0.0,GREEN
031505502,15,55,2,100.0,RED
031601203,16,12,3,0.0,GREEN
031601300,16,13,0,100.0,RED
031601304,16,13,4,100.0,RED
031601400,16,14,0,100.0,RED
031601401,16,14,1,100.0,RED
031601402,16,14,2,0.0,GREEN
031601406,16,14,6,0.0,GREEN
031601500,16,15,0,100.0,RED
031601501,16,15,1,0.0,GREEN
031601601,16,16,1,100.0,RED
031601606,16,16,6,0.0,GREEN
031601701,16,17,1,100.0,RED
031601901,16,19,1,100.0,RED
031203302,12,33,2,0.0,GREEN
031203304,12,33,4,0.0,GREEN
031203306,12,33,6,0.0,GREEN
031203404,12,34,4,0.0,GREEN
031203602,12,36,2,0.0,GREEN
031203605,12,36,5,0.0,GREEN
031203705,12,37,5,0.0,GREEN
031401001,14,10,1,0.0,GREEN
031401002,14,10,2,0.0,GREEN
031401101,14,11,1,100.0,RED
031401200,14,12,0,100.0,RED
031401201,14,12,1,100.0,RED
031401204,14,12,4,0.0,GREEN
031401205,14,12,5,0.0,GREEN
031401300,14,13,0,100.0,RED
031401306,14,13,6,0.0,GREEN
031401400,14,14,0,100.0,RED
031401401,14,14,1,100.0,RED
031401501,14,15,1,100.0,RED
031401600,14,16,0,100.0,RED
031401601,14,16,1,0.0,GREEN
031401605,14,16,5,0.0,GREEN
031401700,14,17,0,100.0,RED
031401701,14,17,1,100.0,RED
031505802,15,58,2,100.0,RED
031505904,15,59,4,100.0,RED
031506003,15,60,3,100.0,RED
031506200,15,62,0,100.0,RED
031506400,15,64,0,100.0,RED
031506401,15,64,1,0.0,GREEN
031506500,15,65,0,100.0,RED
031506501,15,65,1,0.0,GREEN
031602001,16,20,1,0.0,GREEN
031602101,16,21,1,0.0,GREEN
031602106,16,21,6,100.0,RED
031602203,16,22,3,0.0,GREEN
031602301,16,23,1,0.0,GREEN
031602501,16,25,1,0.0,GREEN
031602503,16,25,3,0.0,GREEN
031602601,16,26,1,100.0,RED
031204102,12,41,2,0.0,GREEN
031204401,12,44,1,0.0,GREEN
031204504,12,45,4,0.0,GREEN
031204601,12,46,1,0.0,GREEN
031401800,14,18,0,100.0,RED
031401801,14,18,1,100.0,RED
031401803,14,18,3,0.0,GREEN
031401900,14,19,0,100.0,RED
031401901,14,19,1,100.0,RED
031401902,14,19,2,100.0,RED
031402001,14,20,1,0.0,GREEN
031402002,14,20,2,0.0,GREEN
031402006,14,20,6,0.0,GREEN
031402101,14,21,1,0.0,GREEN
031402102,14,21,2,0.0,GREEN
031402200,14,22,0,100.0,RED
031402201,14,22,1,0.0,GREEN
031402202,14,22,2,0.0,GREEN
031402306,14,23,6,0.0,GREEN
031402406,14,24,6,0.0,GREEN
030601505,06,15,5,0.0,GREEN
031501103,15,11,3,0.0,GREEN
031006801,10,68,1,0.0,GREEN
031106800,11,68,0,200.0,RED
030402503,04,25,3,0.0,GREEN
031501410,15,14,10,0.0,GREEN
031002910,10,29,10,0.0,GREEN
030704405,07,44,5,0.0,GREEN
030700904,07,9,4,0.0,GREEN
030700602,07,6,2,0.0,GREEN
030704304,07,43,4,0.0,GREEN
031006701,10,67,1,0.0,GREEN
030804405,08,44,5,0.0,GREEN
031401604,14,16,4,0.0,GREEN
031305210,13,52,10,0.0,GREEN
030906601,09,66,1,0.0,GREEN
030904602,09,46,2,0.0,GREEN
031303405,13,34,5,0.0,GREEN
030901910,09,19,10,0.0,GREEN
030802100,08,21,0,0.0,GREEN
030402802,04,28,2,0.0,GREEN
031403410,14,34,10,0.0,GREEN
031504310,15,43,10,0.0,GREEN
030903310,09,33,10,0.0,GREEN
031302506,13,25,6,0.0,GREEN
031603110,16,31,10,0.0,GREEN
031605902,16,59,2,0.0,GREEN
030602505,06,25,5,0.0,GREEN
030906200,09,62,0,200.0,RED
031102805,11,28,5,0.0,GREEN
030803210,08,32,10,0.0,GREEN
031202710,12,27,10,0.0,GREEN
030703002,07,30,2,0.0,GREEN
030602204,06,22,4,0.0,GREEN
030605506,06,55,6,0.0,GREEN
030704110,07,41,10,0.0,GREEN
031001002,10,10,2,0.0,GREEN
031415710,14,157,10,0.0,GREEN
030805010,08,50,10,0.0,GREEN
031101103,11,11,3,0.0,GREEN
031102910,11,29,10,0.0,GREEN
031204510,12,45,10,0.0,GREEN
031207001,12,70,1,0.0,GREEN
031605410,16,54,10,0.0,GREEN
031605510,16,55,10,0.0,GREEN
031605610,16,56,10,0.0,GREEN
031605710,16,57,10,0.0,GREEN
031605810,16,58,10,0.0,GREEN
031605910,16,59,10,0.0,GREEN
031606010,16,60,10,0.0,GREEN
031606110,16,61,10,0.0,GREEN
031606210,16,62,10,0.0,GREEN
031606310,16,63,10,0.0,GREEN
031606510,16,65,10,0.0,GREEN
031606610,16,66,10,0.0,GREEN
031606710,16,67,10,0.0,GREEN
031606810,16,68,10,0.0,GREEN
031606910,16,69,10,0.0,GREEN
031607010,16,70,10,0.0,GREEN
031607110,16,71,10,0.0,GREEN
031607210,16,72,10,0.0,GREEN
031607310,16,73,10,0.0,GREEN
031316310,13,163,10,0.0,GREEN
030903810,09,38,10,0.0,GREEN
031206600,12,66,0,0.0,GREEN
030705402,07,54,2,0.0,GREEN
031603501,16,35,1,100.0,RED
031603504,16,35,4,100.0,RED
031603701,16,37,1,100.0,RED
031603801,16,38,1,0.0,GREEN
031603802,16,38,2,100.0,RED
031603901,16,39,1,0.0,GREEN
031604001,16,40,1,100.0,RED
031604301,16,43,1,0.0,GREEN
031604303,16,43,3,0.0,GREEN
031604401,16,44,1,0.0,GREEN
031604501,16,45,1,0.0,GREEN
031604801,16,48,1,100.0,RED
031604601,16,46,1,0.0,GREEN
031605301,16,53,1,0.0,GREEN
031606201,16,62,1,0.0,GREEN
031606601,16,66,1,100.0,RED
031604901,16,49,1,0.0,GREEN
031605001,16,50,1,0.0,GREEN
031605004,16,50,4,100.0,RED
031605101,16,51,1,0.0,GREEN
031605201,16,52,1,100.0,RED
031605501,16,55,1,0.0,GREEN
030700000,07,0,0,0.0,GREEN
030800000,08,0,0,0.0,GREEN
030900000,09,0,0,0.0,GREEN
031000000,10,0,0,0.0,GREEN
031100000,11,0,0,0.0,GREEN
031200000,12,0,0,0.0,GREEN
031300000,13,0,0,0.0,GREEN
031400000,14,0,0,0.0,GREEN
031500000,15,0,0,0.0,GREEN
031006401,10,64,1,0.0,GREEN
031605604,16,56,4,100.0,RED
031605701,16,57,1,100.0,RED
031605702,16,57,2,100.0,RED
031605901,16,59,1,100.0,RED
031606101,16,61,1,0.0,GREEN
031606301,16,63,1,0.0,GREEN
031606303,16,63,3,200.0,RED
031604603,16,46,3,100.0,RED
031606401,16,64,1,100.0,RED
031606501,16,65,1,0.0,GREEN
031606504,16,65,4,100.0,RED
031606701,16,67,1,0.0,GREEN
031606703,16,67,3,100.0,RED
031606900,16,69,0,100.0,RED
031607000,16,70,0,100.0,RED
030806201,08,62,1,0.0,GREEN
030904104,09,41,4,0.0,GREEN
031604201,16,42,1,100.0,RED
030400903,04,9,3,0.0,GREEN
030400906,04,9,6,0.0,GREEN
030401004,04,10,4,0.0,GREEN
030401103,04,11,3,0.0,GREEN
030401106,04,11,6,100.0,RED
030401203,04,12,3,0.0,GREEN
030401206,04,12,6,0.0,GREEN
030401306,04,13,6,0.0,GREEN
030401402,04,14,2,0.0,GREEN
030401403,04,14,3,0.0,GREEN
030401404,04,14,4,0.0,GREEN
030401406,04,14,6,0.0,GREEN
030401505,04,15,5,0.0,GREEN
030401506,04,15,6,0.0,GREEN
031006002,10,60,2,0.0,GREEN
031603601,16,36,1,100.0,RED
030302202,03,22,2,0.0,GREEN
030302203,03,22,3,0.0,GREEN
030302304,03,23,4,0.0,GREEN
031604101,16,41,1,100.0,RED
031605502,16,55,2,100.0,RED
030302702,03,27,2,0.0,GREEN
030302705,03,27,5,0.0,GREEN
030302906,03,29,6,0.0,GREEN
030303106,03,31,6,0.0,GREEN
030906301,09,63,1,0.0,GREEN
031605801,16,58,1,0.0,GREEN
030905306,09,53,6,0.0,GREEN
030300102,03,1,2,0.0,GREEN
030300104,03,1,4,0.0,GREEN
030300106,03,1,6,0.0,GREEN
030300202,03,2,2,0.0,GREEN
030300206,03,2,6,0.0,GREEN
030300302,03,3,2,0.0,GREEN
030300304,03,3,4,0.0,GREEN
030300306,03,3,6,0.0,GREEN
030300307,03,3,7,100.0,RED
030300402,03,4,2,0.0,GREEN
030301502,03,15,2,0.0,GREEN
030301504,03,15,4,0.0,GREEN
030301603,03,16,3,0.0,GREEN
030301604,03,16,4,0.0,GREEN
030301702,03,17,2,0.0,GREEN
030301706,03,17,6,0.0,GREEN
031216210,12,162,10,0.0,GREEN
030904010,09,40,10,0.0,GREEN
030300405,03,4,5,0.0,GREEN
030300406,03,4,6,0.0,GREEN
030301103,03,11,3,0.0,GREEN
030301106,03,11,6,0.0,GREEN
031605601,16,56,1,0.0,GREEN
030301803,03,18,3,0.0,GREEN
030301905,03,19,5,0.0,GREEN
030301906,03,19,6,0.0,GREEN
030302102,03,21,2,0.0,GREEN
030302105,03,21,5,0.0,GREEN
031605401,16,54,1,100.0,RED
030400704,04,7,4,0.0,GREEN
030400803,04,8,3,0.0,GREEN
031602701,16,27,1,100.0,RED
031206900,12,69,0,100.0,RED
030902202,09,22,2,0.0,GREEN
030807001,08,70,1,0.0,GREEN
030702604,07,26,4,0.0,GREEN
030602603,06,26,3,0.0,GREEN
030603806,06,38,6,0.0,GREEN
030706501,07,65,1,0.0,GREEN
031506301,15,63,1,0.0,GREEN
030201905,02,19,5,0.0,GREEN
031606803,16,68,3,100.0,RED
031005410,10,54,10,0.0,GREEN
031403210,14,32,10,0.0,GREEN
030702302,07,23,2,0.0,GREEN
031601410,16,14,10,0.0,GREEN
031604410,16,44,10,0.0,GREEN
031604510,16,45,10,0.0,GREEN
031604710,16,47,10,0.0,GREEN
031605010,16,50,10,0.0,GREEN
031605210,16,52,10,0.0,GREEN
031605310,16,53,10,0.0,GREEN
030704610,07,46,10,0.0,GREEN
030704710,07,47,10,0.0,GREEN
030704810,07,48,10,0.0,GREEN
031604610,16,46,10,0.0,GREEN
031004910,10,49,10,0.0,GREEN
030705010,07,50,10,0.0,GREEN
030705110,07,51,10,0.0,GREEN
030705210,07,52,10,0.0,GREEN
030907006,09,70,6,0.0,GREEN
030704410,07,44,10,0.0,GREEN
031403910,14,39,10,0.0,GREEN
031003810,10,38,10,0.0,GREEN
030600503,06,5,3,0.0,GREEN
030901703,09,17,3,0.0,GREEN
030904910,09,49,10,0.0,GREEN
030807310,08,73,10,0.0,GREEN
031400702,14,7,2,100.0,RED
031206510,12,65,10,0.0,GREEN
031502804,15,28,4,100.0,RED
031103010,11,30,10,0.0,GREEN
031003506,10,35,6,0.0,GREEN
031604910,16,49,10,0.0,GREEN
030905810,09,58,10,0.0,GREEN
031202310,12,23,10,0.0,GREEN
031605110,16,51,10,0.0,GREEN
030706202,07,62,2,0.0,GREEN
031503110,15,31,10,0.0,GREEN
030900900,09,9,0,0.0,GREEN
031102102,11,21,2,0.0,GREEN
030707000,07,70,0,300.0,RED
030802210,08,22,10,0.0,GREEN
031306610,13,66,10,0.0,GREEN
030901710,09,17,10,0.0,GREEN
030703110,07,31,10,0.0,GREEN
031001710,10,17,10,0.0,GREEN
031406110,14,61,10,0.0,GREEN
031406800,14,68,0,100.0,RED
031107000,11,70,0,200.0,RED
031006500,10,65,0,200.0,RED
031103602,11,36,2,0.0,GREEN
030600904,06,9,4,0.0,GREEN
030806810,08,68,10,0.0,GREEN
030201606,02,16,6,0.0,GREEN
030202205,02,22,5,0.0,GREEN
030202505,02,25,5,0.0,GREEN
030202605,02,26,5,0.0,GREEN
030202606,02,26,6,0.0,GREEN
030202805,02,28,5,0.0,GREEN
030203005,02,30,5,0.0,GREEN
031103210,11,32,10,0.0,GREEN
031103310,11,33,10,0.0,GREEN
031103410,11,34,10,0.0,GREEN
031103610,11,36,10,0.0,GREEN
031103710,11,37,10,0.0,GREEN
031103810,11,38,10,0.0,GREEN
031103910,11,39,10,0.0,GREEN
031104010,11,40,10,0.0,GREEN
031104310,11,43,10,0.0,GREEN
031104410,11,44,10,0.0,GREEN
031406910,14,69,10,0.0,GREEN
031407010,14,70,10,0.0,GREEN
031407110,14,71,10,0.0,GREEN
031407210,14,72,10,0.0,GREEN
031407310,14,73,10,0.0,GREEN
031415410,14,154,10,0.0,GREEN
031415610,14,156,10,0.0,GREEN
031415910,14,159,10,0.0,GREEN
031416010,14,160,10,0.0,GREEN
031105110,11,51,10,0.0,GREEN
031416310,14,163,10,0.0,GREEN
030802010,08,20,10,0.0,GREEN
030904610,09,46,10,0.0,GREEN
031405310,14,53,10,0.0,GREEN
031101510,11,15,10,0.0,GREEN
031303510,13,35,10,0.0,GREEN
031416210,14,162,10,0.0,GREEN
030801610,08,16,10,0.0,GREEN
030801710,08,17,10,0.0,GREEN
030801810,08,18,10,0.0,GREEN
030801910,08,19,10,0.0,GREEN
030802310,08,23,10,0.0,GREEN
030802410,08,24,10,0.0,GREEN
031104710,11,47,10,0.0,GREEN
031104810,11,48,10,0.0,GREEN
031105310,11,53,10,0.0,GREEN
031105410,11,54,10,0.0,GREEN
031105610,11,56,10,0.0,GREEN
031105710,11,57,10,0.0,GREEN
031105910,11,59,10,0.0,GREEN
031106010,11,60,10,0.0,GREEN
031106110,11,61,10,0.0,GREEN
031416110,14,161,10,0.0,GREEN
031501710,15,17,10,0.0,GREEN
031501910,15,19,10,0.0,GREEN
031502010,15,20,10,0.0,GREEN
031502110,15,21,10,0.0,GREEN
031502210,15,22,10,0.0,GREEN
031502410,15,24,10,0.0,GREEN
031502610,15,26,10,0.0,GREEN
030802110,08,21,10,0.0,GREEN
031305510,13,55,10,0.0,GREEN
031104510,11,45,10,0.0,GREEN
031001910,10,19,10,0.0,GREEN
031106710,11,67,10,0.0,GREEN
031206810,12,68,10,0.0,GREEN
031102110,11,21,10,0.0,GREEN
030903710,09,37,10,0.0,GREEN
031503310,15,33,10,0.0,GREEN
031001510,10,15,10,0.0,GREEN
030803110,08,31,10,0.0,GREEN
030803410,08,34,10,0.0,GREEN
030803710,08,37,10,0.0,GREEN
030803810,08,38,10,0.0,GREEN
030804210,08,42,10,0.0,GREEN
030804310,08,43,10,0.0,GREEN
031106310,11,63,10,0.0,GREEN
031106410,11,64,10,0.0,GREEN
031106510,11,65,10,0.0,GREEN
031106610,11,66,10,0.0,GREEN
031106810,11,68,10,0.0,GREEN
031106910,11,69,10,0.0,GREEN
031107010,11,70,10,0.0,GREEN
031107310,11,73,10,0.0,GREEN
031115410,11,154,10,0.0,GREEN
031115610,11,156,10,0.0,GREEN
031115710,11,157,10,0.0,GREEN
031502710,15,27,10,0.0,GREEN
031502810,15,28,10,0.0,GREEN
031502910,15,29,10,0.0,GREEN
031503010,15,30,10,0.0,GREEN
031503210,15,32,10,0.0,GREEN
031503410,15,34,10,0.0,GREEN
031503510,15,35,10,0.0,GREEN
031503710,15,37,10,0.0,GREEN
031503810,15,38,10,0.0,GREEN
031503910,15,39,10,0.0,GREEN
031504010,15,40,10,0.0,GREEN
031005710,10,57,10,0.0,GREEN
030803010,08,30,10,0.0,GREEN
030802710,08,27,10,0.0,GREEN
030804010,08,40,10,0.0,GREEN
030807210,08,72,10,0.0,GREEN
030815810,08,158,10,0.0,GREEN
030804610,08,46,10,0.0,GREEN
030804710,08,47,10,0.0,GREEN
030805110,08,51,10,0.0,GREEN
030805410,08,54,10,0.0,GREEN
030805610,08,56,10,0.0,GREEN
030805810,08,58,10,0.0,GREEN
031115810,11,158,10,0.0,GREEN
031115910,11,159,10,0.0,GREEN
031116110,11,161,10,0.0,GREEN
031116310,11,163,10,0.0,GREEN
031201610,12,16,10,0.0,GREEN
031201710,12,17,10,0.0,GREEN
031202010,12,20,10,0.0,GREEN
031202110,12,21,10,0.0,GREEN
031202210,12,22,10,0.0,GREEN
031504210,15,42,10,0.0,GREEN
031504410,15,44,10,0.0,GREEN
031504610,15,46,10,0.0,GREEN
031504710,15,47,10,0.0,GREEN
031504810,15,48,10,0.0,GREEN
031504910,15,49,10,0.0,GREEN
031505310,15,53,10,0.0,GREEN
031505410,15,54,10,0.0,GREEN
031505210,15,52,10,0.0,GREEN
031307010,13,70,10,0.0,GREEN
030904110,09,41,10,0.0,GREEN
030905010,09,50,10,0.0,GREEN
030905510,09,55,10,0.0,GREEN
030916210,09,162,10,0.0,GREEN
031007210,10,72,10,0.0,GREEN
030805910,08,59,10,0.0,GREEN
030806410,08,64,10,0.0,GREEN
030806510,08,65,10,0.0,GREEN
030807010,08,70,10,0.0,GREEN
030807110,08,71,10,0.0,GREEN
031202410,12,24,10,0.0,GREEN
031202910,12,29,10,0.0,GREEN
031203010,12,30,10,0.0,GREEN
031203110,12,31,10,0.0,GREEN
031203210,12,32,10,0.0,GREEN
031203310,12,33,10,0.0,GREEN
031203510,12,35,10,0.0,GREEN
031203610,12,36,10,0.0,GREEN
031505710,15,57,10,0.0,GREEN
031505810,15,58,10,0.0,GREEN
031506010,15,60,10,0.0,GREEN
031506210,15,62,10,0.0,GREEN
031506510,15,65,10,0.0,GREEN
031106511,11,65,11,100.0,RED
031202810,12,28,10,0.0,GREEN
031201510,12,15,10,0.0,GREEN
031105510,11,55,10,0.0,GREEN
031204110,12,41,10,0.0,GREEN
031207210,12,72,10,0.0,GREEN
031215710,12,157,10,0.0,GREEN
031216310,12,163,10,0.0,GREEN
031304710,13,47,10,0.0,GREEN
031315510,13,155,10,0.0,GREEN
030815410,08,154,10,0.0,GREEN
030815510,08,155,10,0.0,GREEN
030815610,08,156,10,0.0,GREEN
030815710,08,157,10,0.0,GREEN
030815910,08,159,10,0.0,GREEN
030816010,08,160,10,0.0,GREEN
030816110,08,161,10,0.0,GREEN
030816210,08,162,10,0.0,GREEN
030816310,08,163,10,0.0,GREEN
030901510,09,15,10,0.0,GREEN
030901610,09,16,10,0.0,GREEN
030901810,09,18,10,0.0,GREEN
031203810,12,38,10,0.0,GREEN
031203910,12,39,10,0.0,GREEN
031204010,12,40,10,0.0,GREEN
031204610,12,46,10,0.0,GREEN
031204710,12,47,10,0.0,GREEN
031204810,12,48,10,0.0,GREEN
031205010,12,50,10,0.0,GREEN
031205110,12,51,10,0.0,GREEN
031205210,12,52,10,0.0,GREEN
031205310,12,53,10,0.0,GREEN
031506710,15,67,10,0.0,GREEN
031507010,15,70,10,0.0,GREEN
031507110,15,71,10,0.0,GREEN
031507210,15,72,10,0.0,GREEN
031507310,15,73,10,0.0,GREEN
031515410,15,154,10,0.0,GREEN
031515510,15,155,10,0.0,GREEN
031515710,15,157,10,0.0,GREEN
031515910,15,159,10,0.0,GREEN
031516110,15,161,10,0.0,GREEN
030801510,08,15,10,0.0,GREEN
031004310,10,43,10,0.0,GREEN
031402710,14,27,10,0.0,GREEN
031403710,14,37,10,0.0,GREEN
031404710,14,47,10,0.0,GREEN
031405510,14,55,10,0.0,GREEN
031406710,14,67,10,0.0,GREEN
031505110,15,51,10,0.0,GREEN
031515610,15,156,10,0.0,GREEN
031601910,16,19,10,0.0,GREEN
030902010,09,20,10,0.0,GREEN
030902110,09,21,10,0.0,GREEN
030902210,09,22,10,0.0,GREEN
030902310,09,23,10,0.0,GREEN
030902510,09,25,10,0.0,GREEN
030902610,09,26,10,0.0,GREEN
030902710,09,27,10,0.0,GREEN
030902810,09,28,10,0.0,GREEN
030902910,09,29,10,0.0,GREEN
030903010,09,30,10,0.0,GREEN
030903110,09,31,10,0.0,GREEN
030903210,09,32,10,0.0,GREEN
030903410,09,34,10,0.0,GREEN
031205410,12,54,10,0.0,GREEN
031205710,12,57,10,0.0,GREEN
031205810,12,58,10,0.0,GREEN
031205910,12,59,10,0.0,GREEN
031206010,12,60,10,0.0,GREEN
031206210,12,62,10,0.0,GREEN
031206310,12,63,10,0.0,GREEN
031206410,12,64,10,0.0,GREEN
031206610,12,66,10,0.0,GREEN
031206710,12,67,10,0.0,GREEN
030701510,07,15,10,0.0,GREEN
030701810,07,18,10,0.0,GREEN
030701910,07,19,10,0.0,GREEN
030702010,07,20,10,0.0,GREEN
030702110,07,21,10,0.0,GREEN
030702310,07,23,10,0.0,GREEN
030702510,07,25,10,0.0,GREEN
030702610,07,26,10,0.0,GREEN
030702710,07,27,10,0.0,GREEN
031105810,11,58,10,0.0,GREEN
030906501,09,65,1,0.0,GREEN
030901410,09,14,10,0.0,GREEN
031301510,13,15,10,0.0,GREEN
031204310,12,43,10,0.0,GREEN
030903510,09,35,10,0.0,GREEN
030903610,09,36,10,0.0,GREEN
030903910,09,39,10,0.0,GREEN
030904210,09,42,10,0.0,GREEN
030904410,09,44,10,0.0,GREEN
030904510,09,45,10,0.0,GREEN
030904710,09,47,10,0.0,GREEN
030904810,09,48,10,0.0,GREEN
031206910,12,69,10,0.0,GREEN
031207010,12,70,10,0.0,GREEN
031207110,12,71,10,0.0,GREEN
031207310,12,73,10,0.0,GREEN
031215410,12,154,10,0.0,GREEN
031215510,12,155,10,0.0,GREEN
031215610,12,156,10,0.0,GREEN
031215910,12,159,10,0.0,GREEN
031216110,12,161,10,0.0,GREEN
030702810,07,28,10,0.0,GREEN
030702910,07,29,10,0.0,GREEN
030703210,07,32,10,0.0,GREEN
030703310,07,33,10,0.0,GREEN
030703410,07,34,10,0.0,GREEN
030703510,07,35,10,0.0,GREEN
030703610,07,36,10,0.0,GREEN
030703710,07,37,10,0.0,GREEN
030703810,07,38,10,0.0,GREEN
030704210,07,42,10,0.0,GREEN
031501610,15,16,10,0.0,GREEN
031405810,14,58,10,0.0,GREEN
030907310,09,73,10,0.0,GREEN
030805710,08,57,10,0.0,GREEN
031415810,14,158,10,0.0,GREEN
031506810,15,68,10,0.0,GREEN
030401602,04,16,2,0.0,GREEN
030401802,04,18,2,0.0,GREEN
030905110,09,51,10,0.0,GREEN
030905310,09,53,10,0.0,GREEN
030905410,09,54,10,0.0,GREEN
030905613,09,56,13,100.0,RED
030905710,09,57,10,0.0,GREEN
030905910,09,59,10,0.0,GREEN
030906010,09,60,10,0.0,GREEN
030906110,09,61,10,0.0,GREEN
030906210,09,62,10,0.0,GREEN
030906410,09,64,10,0.0,GREEN
031301410,13,14,10,0.0,GREEN
031301610,13,16,10,0.0,GREEN
031301710,13,17,10,0.0,GREEN
031301810,13,18,10,0.0,GREEN
031302010,13,20,10,0.0,GREEN
031302110,13,21,10,0.0,GREEN
031302210,13,22,10,0.0,GREEN
031302310,13,23,10,0.0,GREEN
031302410,13,24,10,0.0,GREEN
031302510,13,25,10,0.0,GREEN
031302610,13,26,10,0.0,GREEN
031302710,13,27,10,0.0,GREEN
031302810,13,28,10,0.0,GREEN
030704310,07,43,10,0.0,GREEN
031601510,16,15,10,0.0,GREEN
031601610,16,16,10,0.0,GREEN
031601710,16,17,10,0.0,GREEN
031602110,16,21,10,0.0,GREEN
031602210,16,22,10,0.0,GREEN
031602410,16,24,10,0.0,GREEN
031602610,16,26,10,0.0,GREEN
030804410,08,44,10,0.0,GREEN
030805210,08,52,10,0.0,GREEN
030401804,04,18,4,0.0,GREEN
030402105,04,21,5,0.0,GREEN
030402106,04,21,6,0.0,GREEN
030402305,04,23,5,0.0,GREEN
030402402,04,24,2,0.0,GREEN
030402403,04,24,3,0.0,GREEN
030402502,04,25,2,0.0,GREEN
030906510,09,65,10,0.0,GREEN
030906610,09,66,10,0.0,GREEN
030906710,09,67,10,0.0,GREEN
030906810,09,68,10,0.0,GREEN
030906910,09,69,10,0.0,GREEN
030907010,09,70,10,0.0,GREEN
030907210,09,72,10,0.0,GREEN
030915410,09,154,10,0.0,GREEN
030915510,09,155,10,0.0,GREEN
030915610,09,156,10,0.0,GREEN
030915710,09,157,10,0.0,GREEN
030915810,09,158,10,0.0,GREEN
030915910,09,159,10,0.0,GREEN
030916010,09,160,10,0.0,GREEN
031302910,13,29,10,0.0,GREEN
031303010,13,30,10,0.0,GREEN
031303210,13,32,10,0.0,GREEN
031303310,13,33,10,0.0,GREEN
031303710,13,37,10,0.0,GREEN
031303810,13,38,10,0.0,GREEN
031303910,13,39,10,0.0,GREEN
031304110,13,41,10,0.0,GREEN
031304210,13,42,10,0.0,GREEN
031304410,13,44,10,0.0,GREEN
031602810,16,28,10,0.0,GREEN
031602910,16,29,10,0.0,GREEN
031603010,16,30,10,0.0,GREEN
031603210,16,32,10,0.0,GREEN
031603310,16,33,10,0.0,GREEN
031603510,16,35,10,0.0,GREEN
031603810,16,38,10,0.0,GREEN
031604010,16,40,10,0.0,GREEN
031604110,16,41,10,0.0,GREEN
031604210,16,42,10,0.0,GREEN
031203410,12,34,10,0.0,GREEN
030402504,04,25,4,0.0,GREEN
030402506,04,25,6,0.0,GREEN
030402605,04,26,5,0.0,GREEN
030402806,04,28,6,0.0,GREEN
030402902,04,29,2,0.0,GREEN
030403004,04,30,4,0.0,GREEN
030403105,04,31,5,0.0,GREEN
030916110,09,161,10,0.0,GREEN
030916310,09,163,10,0.0,GREEN
031001410,10,14,10,0.0,GREEN
031001610,10,16,10,0.0,GREEN
031001810,10,18,10,0.0,GREEN
031002010,10,20,10,0.0,GREEN
031002410,10,24,10,0.0,GREEN
031002510,10,25,10,0.0,GREEN
031304510,13,45,10,0.0,GREEN
031304810,13,48,10,0.0,GREEN
031304910,13,49,10,0.0,GREEN
031305010,13,50,10,0.0,GREEN
031305310,13,53,10,0.0,GREEN
031305410,13,54,10,0.0,GREEN
031305610,13,56,10,0.0,GREEN
031305710,13,57,10,0.0,GREEN
031305810,13,58,10,0.0,GREEN
031305910,13,59,10,0.0,GREEN
031604310,16,43,10,0.0,GREEN
030706700,07,67,0,100.0,RED
031602510,16,25,10,0.0,GREEN
030800200,08,2,0,0.0,GREEN
030900301,09,3,1,0.0,GREEN
031000101,10,1,1,0.0,GREEN
031000401,10,4,1,0.0,GREEN
031100201,11,2,1,0.0,GREEN
031200300,12,3,0,0.0,GREEN
031400100,14,1,0,0.0,GREEN
031500301,15,3,1,0.0,GREEN
031600401,16,4,1,0.0,GREEN
031603910,16,39,10,0.0,GREEN
031502310,15,23,10,0.0,GREEN
031106604,11,66,4,100.0,RED
031402410,14,24,10,0.0,GREEN
030403205,04,32,5,0.0,GREEN
030403206,04,32,6,0.0,GREEN
030400102,04,1,2,0.0,GREEN
030400105,04,1,5,0.0,GREEN
030400106,04,1,6,0.0,GREEN
030400202,04,2,2,0.0,GREEN
030400302,04,3,2,0.0,GREEN
030400303,04,3,3,0.0,GREEN
030400304,04,3,4,0.0,GREEN
030400402,04,4,2,0.0,GREEN
030400403,04,4,3,0.0,GREEN
030200100,02,1,0,0.0,GREEN
030200101,02,1,1,0.0,GREEN
030200200,02,2,0,0.0,GREEN
030200201,02,2,1,0.0,GREEN
030200300,02,3,0,0.0,GREEN
030200301,02,3,1,0.0,GREEN
030200400,02,4,0,0.0,GREEN
030200401,02,4,1,0.0,GREEN
031002610,10,26,10,0.0,GREEN
031002710,10,27,10,0.0,GREEN
031002810,10,28,10,0.0,GREEN
031003010,10,30,10,0.0,GREEN
031003110,10,31,10,0.0,GREEN
031003210,10,32,10,0.0,GREEN
031003410,10,34,10,0.0,GREEN
031003610,10,36,10,0.0,GREEN
031003910,10,39,10,0.0,GREEN
031004010,10,40,10,0.0,GREEN
031306010,13,60,10,0.0,GREEN
031306210,13,62,10,0.0,GREEN
031306310,13,63,10,0.0,GREEN
031306410,13,64,10,0.0,GREEN
031306510,13,65,10,0.0,GREEN
031306710,13,67,10,0.0,GREEN
031306910,13,69,10,0.0,GREEN
031307110,13,71,10,0.0,GREEN
031307210,13,72,10,0.0,GREEN
031315410,13,154,10,0.0,GREEN
031002210,10,22,10,0.0,GREEN
031402110,14,21,10,0.0,GREEN
031505510,15,55,10,0.0,GREEN
031002310,10,23,10,0.0,GREEN
031406410,14,64,10,0.0,GREEN
031003710,10,37,10,0.0,GREEN
031404410,14,44,10,0.0,GREEN
030806610,08,66,10,0.0,GREEN
031301910,13,19,10,0.0,GREEN
030804910,08,49,10,0.0,GREEN
031303410,13,34,10,0.0,GREEN
030803910,08,39,10,0.0,GREEN
031304310,13,43,10,0.0,GREEN
031505610,15,56,10,0.0,GREEN
031104210,11,42,10,0.0,GREEN
031106210,11,62,10,0.0,GREEN
030200102,02,1,2,0.0,GREEN
030200103,02,1,3,0.0,GREEN
030200105,02,1,5,0.0,GREEN
030200106,02,1,6,0.0,GREEN
030200202,02,2,2,0.0,GREEN
030200205,02,2,5,0.0,GREEN
030200206,02,2,6,0.0,GREEN
030200302,02,3,2,0.0,GREEN
030200303,02,3,3,0.0,GREEN
030200304,02,3,4,0.0,GREEN
030200305,02,3,5,0.0,GREEN
030200306,02,3,6,0.0,GREEN
030200402,02,4,2,0.0,GREEN
030200403,02,4,3,0.0,GREEN
030200405,02,4,5,0.0,GREEN
030200406,02,4,6,0.0,GREEN
031004110,10,41,10,0.0,GREEN
031004410,10,44,10,0.0,GREEN
031004510,10,45,10,0.0,GREEN
031004610,10,46,10,0.0,GREEN
031004710,10,47,10,0.0,GREEN
031004810,10,48,10,0.0,GREEN
031005010,10,50,10,0.0,GREEN
031005110,10,51,10,0.0,GREEN
031005210,10,52,10,0.0,GREEN
031005310,10,53,10,0.0,GREEN
031005510,10,55,10,0.0,GREEN
031315610,13,156,10,0.0,GREEN
031316010,13,160,10,0.0,GREEN
031316110,13,161,10,0.0,GREEN
031316210,13,162,10,0.0,GREEN
031401410,14,14,10,0.0,GREEN
031401610,14,16,10,0.0,GREEN
031401710,14,17,10,0.0,GREEN
031401810,14,18,10,0.0,GREEN
030806910,08,69,10,0.0,GREEN
030902410,09,24,10,0.0,GREEN
031303110,13,31,10,0.0,GREEN
031306810,13,68,10,0.0,GREEN
031506910,15,69,10,0.0,GREEN
031401510,14,15,10,0.0,GREEN
031107110,11,71,10,0.0,GREEN
031216010,12,160,10,0.0,GREEN
031102810,11,28,10,0.0,GREEN
031304610,13,46,10,0.0,GREEN
030200502,02,5,2,0.0,GREEN
030200504,02,5,4,0.0,GREEN
030200605,02,6,5,0.0,GREEN
030200701,02,7,1,0.0,GREEN
031005610,10,56,10,0.0,GREEN
031005810,10,58,10,0.0,GREEN
031005910,10,59,10,0.0,GREEN
031006010,10,60,10,0.0,GREEN
031006210,10,62,10,0.0,GREEN
031006310,10,63,10,0.0,GREEN
031006410,10,64,10,0.0,GREEN
031006510,10,65,10,0.0,GREEN
031006610,10,66,10,0.0,GREEN
031006810,10,68,10,0.0,GREEN
031006910,10,69,10,0.0,GREEN
031007010,10,70,10,0.0,GREEN
031402010,14,20,10,0.0,GREEN
031402210,14,22,10,0.0,GREEN
031402510,14,25,10,0.0,GREEN
031402610,14,26,10,0.0,GREEN
031402810,14,28,10,0.0,GREEN
031402910,14,29,10,0.0,GREEN
031403010,14,30,10,0.0,GREEN
031403510,14,35,10,0.0,GREEN
031007110,10,71,10,0.0,GREEN
031406210,14,62,10,0.0,GREEN
031006110,10,61,10,0.0,GREEN
030904310,09,43,10,0.0,GREEN
031204210,12,42,10,0.0,GREEN
031502510,15,25,10,0.0,GREEN
031307310,13,73,10,0.0,GREEN
030802610,08,26,10,0.0,GREEN
031206110,12,61,10,0.0,GREEN
031506310,15,63,10,0.0,GREEN
030905610,09,56,10,0.0,GREEN
031505010,15,50,10,0.0,GREEN
030200804,02,8,4,0.0,GREEN
030201003,02,10,3,0.0,GREEN
030201004,02,10,4,0.0,GREEN
030201102,02,11,2,0.0,GREEN
030201301,02,13,1,0.0,GREEN
030201303,02,13,3,0.0,GREEN
030201401,02,14,1,0.0,GREEN
030201404,02,14,4,0.0,GREEN
030201504,02,15,4,0.0,GREEN
030201801,02,18,1,0.0,GREEN
031007310,10,73,10,0.0,GREEN
031015410,10,154,10,0.0,GREEN
031015510,10,155,10,0.0,GREEN
031015610,10,156,10,0.0,GREEN
031015710,10,157,10,0.0,GREEN
031015810,10,158,10,0.0,GREEN
031015910,10,159,10,0.0,GREEN
031016010,10,160,10,0.0,GREEN
031016210,10,162,10,0.0,GREEN
031016310,10,163,10,0.0,GREEN
031101610,11,16,10,0.0,GREEN
031404010,14,40,10,0.0,GREEN
031404110,14,41,10,0.0,GREEN
031404210,14,42,10,0.0,GREEN
031404310,14,43,10,0.0,GREEN
031404510,14,45,10,0.0,GREEN
031404610,14,46,10,0.0,GREEN
031404810,14,48,10,0.0,GREEN
031404910,14,49,10,0.0,GREEN
031405010,14,50,10,0.0,GREEN
030907110,09,71,10,0.0,GREEN
031006710,10,67,10,0.0,GREEN
031602010,16,20,10,0.0,GREEN
031002110,10,21,10,0.0,GREEN
031204910,12,49,10,0.0,GREEN
031116210,11,162,10,0.0,GREEN
031602710,16,27,10,0.0,GREEN
031215810,12,158,10,0.0,GREEN
031315910,13,159,10,0.0,GREEN
031415510,14,155,10,0.0,GREEN
031403810,14,38,10,0.0,GREEN
030202202,02,22,2,0.0,GREEN
030202404,02,24,4,0.0,GREEN
030202504,02,25,4,0.0,GREEN
030202602,02,26,2,0.0,GREEN
030202603,02,26,3,0.0,GREEN
030202604,02,26,4,0.0,GREEN
030202702,02,27,2,0.0,GREEN
030202801,02,28,1,0.0,GREEN
030202902,02,29,2,0.0,GREEN
031101810,11,18,10,0.0,GREEN
031101910,11,19,10,0.0,GREEN
031102010,11,20,10,0.0,GREEN
031102310,11,23,10,0.0,GREEN
031102410,11,24,10,0.0,GREEN
031102510,11,25,10,0.0,GREEN
031102610,11,26,10,0.0,GREEN
031102710,11,27,10,0.0,GREEN
031103110,11,31,10,0.0,GREEN
031405110,14,51,10,0.0,GREEN
031405210,14,52,10,0.0,GREEN
031405410,14,54,10,0.0,GREEN
031405610,14,56,10,0.0,GREEN
031405710,14,57,10,0.0,GREEN
031405910,14,59,10,0.0,GREEN
031406310,14,63,10,0.0,GREEN
031406510,14,65,10,0.0,GREEN
031315810,13,158,10,0.0,GREEN
030704010,07,40,10,0.0,GREEN
031506610,15,66,10,0.0,GREEN
031516010,15,160,10,0.0,GREEN
031601810,16,18,10,0.0,GREEN
030202903,02,29,3,0.0,GREEN
030203002,02,30,2,0.0,GREEN
030201106,02,11,6,0.0,GREEN
030606800,06,68,0,100.0,RED
030600300,06,3,0,0.0,GREEN
030601006,06,10,6,0.0,GREEN
030601803,06,18,3,0.0,GREEN
030605303,06,53,3,0.0,GREEN
030606102,06,61,2,0.0,GREEN
030700401,07,4,1,0.0,GREEN
030700700,07,7,0,0.0,GREEN
030700900,07,9,0,0.0,GREEN
030702805,07,28,5,0.0,GREEN
030704105,07,41,5,0.0,GREEN
030705104,07,51,4,0.0,GREEN
030706901,07,69,1,0.0,GREEN
030801000,08,10,0,0.0,GREEN
030801400,08,14,0,0.0,GREEN
030803105,08,31,5,0.0,GREEN
031102210,11,22,10,0.0,GREEN
030804601,08,46,1,0.0,GREEN
030805305,08,53,5,0.0,GREEN
030806004,08,60,4,0.0,GREEN
030901000,09,10,0,200.0,RED
030901104,09,11,4,0.0,GREEN
030906900,09,69,0,200.0,RED
031300402,13,4,2,0.0,GREEN
031301300,13,13,0,100.0,RED
031302002,13,20,2,0.0,GREEN
031303406,13,34,6,0.0,GREEN
031400101,14,1,1,0.0,GREEN
031400902,14,9,2,100.0,RED
031306801,13,68,1,0.0,GREEN
030806400,08,64,0,100.0,RED
030703706,07,37,6,0.0,GREEN
031502705,15,27,5,0.0,GREEN
031600801,16,8,1,0.0,GREEN
031602201,16,22,1,0.0,GREEN
031603101,16,31,1,0.0,GREEN
031306200,13,62,0,100.0,RED
031007000,10,70,0,200.0,RED
030901206,09,12,6,0.0,GREEN
030902205,09,22,5,0.0,GREEN
031000403,10,4,3,0.0,GREEN
031501510,15,15,10,0.0,GREEN
030603202,06,32,2,0.0,GREEN
031506110,15,61,10,0.0,GREEN
031204105,12,41,5,0.0,GREEN
031003310,10,33,10,0.0,GREEN
031101710,11,17,10,0.0,GREEN
031406810,14,68,10,0.0,GREEN
031300705,13,7,5,0.0,GREEN
030401205,04,12,5,0.0,GREEN
030402803,04,28,3,0.0,GREEN
030803310,08,33,10,0.0,GREEN
030620510,06,205,10,0.0,GREEN
031105906,11,59,6,0.0,GREEN
030821110,08,211,10,0.0,GREEN
031307006,13,70,6,0.0,GREEN
031606410,16,64,10,0.0,GREEN
030903106,09,31,6,0.0,GREEN
031003510,10,35,10,0.0,GREEN
030606606,06,66,6,0.0,GREEN
030806202,08,62,2,100.0,RED
030904306,09,43,6,0.0,GREEN
031506410,15,64,10,0.0,GREEN
031204700,12,47,0,100.0,RED
030920410,09,204,10,0.0,GREEN
031403610,14,36,10,0.0,GREEN
031306900,13,69,0,100.0,RED
031400306,14,3,6,0.0,GREEN
031504900,15,49,0,100.0,RED
031423010,14,230,10,0.0,GREEN
031406002,14,60,2,200.0,RED
030623010,06,230,10,0.0,GREEN
031404805,14,48,5,0.0,GREEN
031301902,13,19,2,0.0,GREEN
031406010,14,60,10,0.0,GREEN
031516310,15,163,10,0.0,GREEN
031022010,10,220,10,0.0,GREEN
032703503,27,35,3,100.0,RED
032102802,21,28,2,0.0,GREEN
032001802,20,18,2,100.0,RED
032802702,28,27,2,0.0,GREEN
031900802,19,8,2,100.0,RED
032906102,29,61,2,100.0,RED
032001100,20,11,0,0.0,GREEN
032600302,26,3,2,0.0,GREEN
032602304,26,23,4,100.0,RED
032405002,24,50,2,100.0,RED
031802702,18,27,2,100.0,RED
032604803,26,48,3,100.0,RED
032001800,20,18,0,0.0,GREEN
032000700,20,7,0,0.0,GREEN
032800202,28,2,2,0.0,GREEN
032005602,20,56,2,100.0,RED
032401801,24,18,1,100.0,RED
032505103,25,51,3,100.0,RED
031806201,18,62,1,100.0,RED
031801703,18,17,3,0.0,GREEN
032501900,25,19,0,0.0,GREEN
032200402,22,4,2,0.0,GREEN
032500801,25,8,1,100.0,RED
032300302,23,3,2,0.0,GREEN
032500903,25,9,3,100.0,RED
032502700,25,27,0,0.0,GREEN
032700302,27,3,2,0.0,GREEN
032003802,20,38,2,100.0,RED
032904502,29,45,2,0.0,GREEN
032703203,27,32,3,100.0,RED
032601504,26,15,4,100.0,RED
032604604,26,46,4,100.0,RED
032802103,28,21,3,0.0,GREEN
032803603,28,36,3,100.0,RED
033105202,31,52,2,0.0,GREEN
033105302,31,53,2,0.0,GREEN
033105402,31,54,2,0.0,GREEN
033105502,31,55,2,0.0,GREEN
033105602,31,56,2,0.0,GREEN
033105702,31,57,2,0.0,GREEN
033105802,31,58,2,0.0,GREEN
033105902,31,59,2,0.0,GREEN
033106002,31,60,2,0.0,GREEN
033106102,31,61,2,0.0,GREEN
033106202,31,62,2,0.0,GREEN
033106302,31,63,2,0.0,GREEN
033106402,31,64,2,0.0,GREEN
033106502,31,65,2,0.0,GREEN
033106602,31,66,2,0.0,GREEN
033106702,31,67,2,0.0,GREEN
033106802,31,68,2,0.0,GREEN
033106902,31,69,2,0.0,GREEN
033107002,31,70,2,0.0,GREEN
033107102,31,71,2,0.0,GREEN
033107202,31,72,2,0.0,GREEN
033107302,31,73,2,0.0,GREEN
033100103,31,1,3,0.0,GREEN
033100203,31,2,3,0.0,GREEN
033100303,31,3,3,0.0,GREEN
033100403,31,4,3,0.0,GREEN
033100503,31,5,3,0.0,GREEN
033100603,31,6,3,0.0,GREEN
033100703,31,7,3,0.0,GREEN
033100803,31,8,3,0.0,GREEN
033100903,31,9,3,0.0,GREEN
033101003,31,10,3,0.0,GREEN
033101103,31,11,3,0.0,GREEN
033101203,31,12,3,0.0,GREEN
033101303,31,13,3,0.0,GREEN
033101403,31,14,3,0.0,GREEN
033101503,31,15,3,0.0,GREEN
033101603,31,16,3,0.0,GREEN
033101703,31,17,3,0.0,GREEN
033101803,31,18,3,0.0,GREEN
033101903,31,19,3,0.0,GREEN
033102003,31,20,3,0.0,GREEN
033102103,31,21,3,0.0,GREEN
033102203,31,22,3,0.0,GREEN
033102303,31,23,3,0.0,GREEN
033102403,31,24,3,0.0,GREEN
033102503,31,25,3,0.0,GREEN
033102603,31,26,3,0.0,GREEN
033102703,31,27,3,0.0,GREEN
033102803,31,28,3,0.0,GREEN
033102903,31,29,3,0.0,GREEN
033103003,31,30,3,0.0,GREEN
033103103,31,31,3,0.0,GREEN
033103203,31,32,3,0.0,GREEN
033103303,31,33,3,0.0,GREEN
033103403,31,34,3,0.0,GREEN
033205601,32,56,1,0.0,GREEN
033205701,32,57,1,0.0,GREEN
033205801,32,58,1,0.0,GREEN
033205901,32,59,1,0.0,GREEN
033206001,32,60,1,0.0,GREEN
033206101,32,61,1,0.0,GREEN
033206201,32,62,1,0.0,GREEN
033206301,32,63,1,0.0,GREEN
033206401,32,64,1,0.0,GREEN
033206501,32,65,1,0.0,GREEN
033206601,32,66,1,0.0,GREEN
033206701,32,67,1,0.0,GREEN
033206801,32,68,1,0.0,GREEN
033206901,32,69,1,0.0,GREEN
033207001,32,70,1,0.0,GREEN
033207101,32,71,1,0.0,GREEN
033207201,32,72,1,0.0,GREEN
033207301,32,73,1,0.0,GREEN
033200102,32,1,2,0.0,GREEN
033200202,32,2,2,0.0,GREEN
033200302,32,3,2,0.0,GREEN
033200402,32,4,2,0.0,GREEN
033200502,32,5,2,0.0,GREEN
033200602,32,6,2,0.0,GREEN
033200702,32,7,2,0.0,GREEN
033200802,32,8,2,0.0,GREEN
033200902,32,9,2,0.0,GREEN
033201002,32,10,2,0.0,GREEN
033201102,32,11,2,0.0,GREEN
033201202,32,12,2,0.0,GREEN
033201302,32,13,2,0.0,GREEN
033201402,32,14,2,0.0,GREEN
033201502,32,15,2,0.0,GREEN
033201602,32,16,2,0.0,GREEN
033201702,32,17,2,0.0,GREEN
033201802,32,18,2,0.0,GREEN
033201902,32,19,2,0.0,GREEN
033202002,32,20,2,0.0,GREEN
033202102,32,21,2,0.0,GREEN
033202202,32,22,2,0.0,GREEN
033202302,32,23,2,0.0,GREEN
033202402,32,24,2,0.0,GREEN
033202502,32,25,2,0.0,GREEN
033202602,32,26,2,0.0,GREEN
033202702,32,27,2,0.0,GREEN
033202802,32,28,2,0.0,GREEN
033202902,32,29,2,0.0,GREEN
033203002,32,30,2,0.0,GREEN
033203102,32,31,2,0.0,GREEN
033203202,32,32,2,0.0,GREEN
033203302,32,33,2,0.0,GREEN
033203402,32,34,2,0.0,GREEN
033203502,32,35,2,0.0,GREEN
033203602,32,36,2,0.0,GREEN
033203702,32,37,2,0.0,GREEN
032900100,29,1,0,0.0,GREEN
032900200,29,2,0,0.0,GREEN
032900300,29,3,0,0.0,GREEN
032900400,29,4,0,0.0,GREEN
033103503,31,35,3,0.0,GREEN
033103603,31,36,3,0.0,GREEN
033103703,31,37,3,0.0,GREEN
033103803,31,38,3,0.0,GREEN
033103903,31,39,3,0.0,GREEN
033104003,31,40,3,0.0,GREEN
033104103,31,41,3,0.0,GREEN
033104203,31,42,3,0.0,GREEN
033104303,31,43,3,0.0,GREEN
033104403,31,44,3,0.0,GREEN
033104503,31,45,3,0.0,GREEN
033104603,31,46,3,0.0,GREEN
033104703,31,47,3,0.0,GREEN
033104803,31,48,3,0.0,GREEN
033104903,31,49,3,0.0,GREEN
033105003,31,50,3,0.0,GREEN
033105103,31,51,3,0.0,GREEN
033105203,31,52,3,0.0,GREEN
033105303,31,53,3,0.0,GREEN
033105403,31,54,3,0.0,GREEN
033105503,31,55,3,0.0,GREEN
033105603,31,56,3,0.0,GREEN
033105703,31,57,3,0.0,GREEN
033105803,31,58,3,0.0,GREEN
033105903,31,59,3,0.0,GREEN
033106003,31,60,3,0.0,GREEN
033106103,31,61,3,0.0,GREEN
033106203,31,62,3,0.0,GREEN
033106303,31,63,3,0.0,GREEN
033106403,31,64,3,0.0,GREEN
033106503,31,65,3,0.0,GREEN
033106603,31,66,3,0.0,GREEN
033106703,31,67,3,0.0,GREEN
033106803,31,68,3,0.0,GREEN
033106903,31,69,3,0.0,GREEN
033107003,31,70,3,0.0,GREEN
033107103,31,71,3,0.0,GREEN
033107203,31,72,3,0.0,GREEN
033107303,31,73,3,0.0,GREEN
033200100,32,1,0,0.0,GREEN
033200200,32,2,0,0.0,GREEN
033200300,32,3,0,0.0,GREEN
033200400,32,4,0,0.0,GREEN
033200500,32,5,0,0.0,GREEN
033200600,32,6,0,0.0,GREEN
033200700,32,7,0,0.0,GREEN
033200800,32,8,0,0.0,GREEN
033200900,32,9,0,0.0,GREEN
033201000,32,10,0,0.0,GREEN
033201100,32,11,0,0.0,GREEN
033201200,32,12,0,0.0,GREEN
033201300,32,13,0,0.0,GREEN
033201400,32,14,0,0.0,GREEN
033201500,32,15,0,0.0,GREEN
033201600,32,16,0,0.0,GREEN
033201700,32,17,0,0.0,GREEN
033203802,32,38,2,0.0,GREEN
033203902,32,39,2,0.0,GREEN
033204002,32,40,2,0.0,GREEN
033204102,32,41,2,0.0,GREEN
033204202,32,42,2,0.0,GREEN
033204302,32,43,2,0.0,GREEN
033204402,32,44,2,0.0,GREEN
033204502,32,45,2,0.0,GREEN
033204602,32,46,2,0.0,GREEN
033204702,32,47,2,0.0,GREEN
033204802,32,48,2,0.0,GREEN
033204902,32,49,2,0.0,GREEN
033205002,32,50,2,0.0,GREEN
033205102,32,51,2,0.0,GREEN
033205202,32,52,2,0.0,GREEN
033205302,32,53,2,0.0,GREEN
033205402,32,54,2,0.0,GREEN
033205502,32,55,2,0.0,GREEN
033205602,32,56,2,0.0,GREEN
033205702,32,57,2,0.0,GREEN
033205802,32,58,2,0.0,GREEN
033205902,32,59,2,0.0,GREEN
033206002,32,60,2,0.0,GREEN
033206102,32,61,2,0.0,GREEN
033206202,32,62,2,0.0,GREEN
033206302,32,63,2,0.0,GREEN
033206402,32,64,2,0.0,GREEN
033206502,32,65,2,0.0,GREEN
033206602,32,66,2,0.0,GREEN
033206702,32,67,2,0.0,GREEN
033206802,32,68,2,0.0,GREEN
033206902,32,69,2,0.0,GREEN
033207002,32,70,2,0.0,GREEN
033207102,32,71,2,0.0,GREEN
033207202,32,72,2,0.0,GREEN
033207302,32,73,2,0.0,GREEN
033200103,32,1,3,0.0,GREEN
033200203,32,2,3,0.0,GREEN
033200303,32,3,3,0.0,GREEN
033200403,32,4,3,0.0,GREEN
033200503,32,5,3,0.0,GREEN
033200603,32,6,3,0.0,GREEN
033200703,32,7,3,0.0,GREEN
033200803,32,8,3,0.0,GREEN
033200903,32,9,3,0.0,GREEN
033201003,32,10,3,0.0,GREEN
033201103,32,11,3,0.0,GREEN
033201203,32,12,3,0.0,GREEN
033201303,32,13,3,0.0,GREEN
033201403,32,14,3,0.0,GREEN
033201503,32,15,3,0.0,GREEN
033201603,32,16,3,0.0,GREEN
033201703,32,17,3,0.0,GREEN
033201803,32,18,3,0.0,GREEN
033201903,32,19,3,0.0,GREEN
033202003,32,20,3,0.0,GREEN
032902800,29,28,0,0.0,GREEN
032903800,29,38,0,100.0,RED
032904300,29,43,0,100.0,RED
032905300,29,53,0,100.0,RED
033201800,32,18,0,0.0,GREEN
033201900,32,19,0,0.0,GREEN
033202000,32,20,0,0.0,GREEN
033202100,32,21,0,0.0,GREEN
033202200,32,22,0,0.0,GREEN
033202300,32,23,0,0.0,GREEN
033202400,32,24,0,0.0,GREEN
033202500,32,25,0,0.0,GREEN
033202600,32,26,0,0.0,GREEN
033202700,32,27,0,0.0,GREEN
033202800,32,28,0,0.0,GREEN
033202900,32,29,0,0.0,GREEN
033203000,32,30,0,0.0,GREEN
033203100,32,31,0,0.0,GREEN
033203200,32,32,0,0.0,GREEN
033203300,32,33,0,0.0,GREEN
033203400,32,34,0,0.0,GREEN
033203500,32,35,0,0.0,GREEN
033203600,32,36,0,0.0,GREEN
033203700,32,37,0,0.0,GREEN
033203800,32,38,0,0.0,GREEN
033203900,32,39,0,0.0,GREEN
033204000,32,40,0,0.0,GREEN
033204100,32,41,0,0.0,GREEN
033204200,32,42,0,0.0,GREEN
033204300,32,43,0,0.0,GREEN
033204400,32,44,0,0.0,GREEN
033204500,32,45,0,0.0,GREEN
033204600,32,46,0,0.0,GREEN
033204700,32,47,0,0.0,GREEN
033204800,32,48,0,0.0,GREEN
033204900,32,49,0,0.0,GREEN
033205000,32,50,0,0.0,GREEN
033205100,32,51,0,0.0,GREEN
033205200,32,52,0,0.0,GREEN
033205300,32,53,0,0.0,GREEN
033205400,32,54,0,0.0,GREEN
033205500,32,55,0,0.0,GREEN
033205600,32,56,0,0.0,GREEN
033205700,32,57,0,0.0,GREEN
033205800,32,58,0,0.0,GREEN
033205900,32,59,0,0.0,GREEN
033206000,32,60,0,0.0,GREEN
033206100,32,61,0,0.0,GREEN
033206200,32,62,0,0.0,GREEN
033206300,32,63,0,0.0,GREEN
033206400,32,64,0,0.0,GREEN
033206500,32,65,0,0.0,GREEN
033206600,32,66,0,0.0,GREEN
033206700,32,67,0,0.0,GREEN
033206800,32,68,0,0.0,GREEN
033206900,32,69,0,0.0,GREEN
033207000,32,70,0,0.0,GREEN
033207100,32,71,0,0.0,GREEN
033207200,32,72,0,0.0,GREEN
033202103,32,21,3,0.0,GREEN
033202203,32,22,3,0.0,GREEN
033202303,32,23,3,0.0,GREEN
033202403,32,24,3,0.0,GREEN
033202503,32,25,3,0.0,GREEN
033202603,32,26,3,0.0,GREEN
033202703,32,27,3,0.0,GREEN
033202803,32,28,3,0.0,GREEN
033202903,32,29,3,0.0,GREEN
033203003,32,30,3,0.0,GREEN
033203103,32,31,3,0.0,GREEN
033203203,32,32,3,0.0,GREEN
033203303,32,33,3,0.0,GREEN
033203403,32,34,3,0.0,GREEN
033203503,32,35,3,0.0,GREEN
033203603,32,36,3,0.0,GREEN
033203703,32,37,3,0.0,GREEN
033203803,32,38,3,0.0,GREEN
033203903,32,39,3,0.0,GREEN
033204003,32,40,3,0.0,GREEN
033204103,32,41,3,0.0,GREEN
033204203,32,42,3,0.0,GREEN
033204303,32,43,3,0.0,GREEN
033204403,32,44,3,0.0,GREEN
033204503,32,45,3,0.0,GREEN
033204603,32,46,3,0.0,GREEN
033204703,32,47,3,0.0,GREEN
033204803,32,48,3,0.0,GREEN
033204903,32,49,3,0.0,GREEN
033205003,32,50,3,0.0,GREEN
033205103,32,51,3,0.0,GREEN
033205203,32,52,3,0.0,GREEN
033205303,32,53,3,0.0,GREEN
033205403,32,54,3,0.0,GREEN
033205503,32,55,3,0.0,GREEN
033205603,32,56,3,0.0,GREEN
033205703,32,57,3,0.0,GREEN
033205803,32,58,3,0.0,GREEN
033205903,32,59,3,0.0,GREEN
033206003,32,60,3,0.0,GREEN
033206103,32,61,3,0.0,GREEN
033206203,32,62,3,0.0,GREEN
033206303,32,63,3,0.0,GREEN
033206403,32,64,3,0.0,GREEN
033206503,32,65,3,0.0,GREEN
033206603,32,66,3,0.0,GREEN
033206703,32,67,3,0.0,GREEN
033206803,32,68,3,0.0,GREEN
033206903,32,69,3,0.0,GREEN
033207003,32,70,3,0.0,GREEN
033207103,32,71,3,0.0,GREEN
033207203,32,72,3,0.0,GREEN
033207303,32,73,3,0.0,GREEN
032900101,29,1,1,0.0,GREEN
032900201,29,2,1,0.0,GREEN
032900301,29,3,1,0.0,GREEN
032900401,29,4,1,0.0,GREEN
032902601,29,26,1,0.0,GREEN
032902701,29,27,1,0.0,GREEN
033207300,32,73,0,0.0,GREEN
033200101,32,1,1,0.0,GREEN
033200201,32,2,1,0.0,GREEN
033200301,32,3,1,0.0,GREEN
033200401,32,4,1,0.0,GREEN
033200501,32,5,1,0.0,GREEN
033200601,32,6,1,0.0,GREEN
033200701,32,7,1,0.0,GREEN
033200801,32,8,1,0.0,GREEN
033200901,32,9,1,0.0,GREEN
033201001,32,10,1,0.0,GREEN
033201101,32,11,1,0.0,GREEN
033201201,32,12,1,0.0,GREEN
033201301,32,13,1,0.0,GREEN
033201401,32,14,1,0.0,GREEN
033201501,32,15,1,0.0,GREEN
033201601,32,16,1,0.0,GREEN
033201701,32,17,1,0.0,GREEN
033201801,32,18,1,0.0,GREEN
033201901,32,19,1,0.0,GREEN
033202001,32,20,1,0.0,GREEN
033202101,32,21,1,0.0,GREEN
033202201,32,22,1,0.0,GREEN
033202301,32,23,1,0.0,GREEN
033202401,32,24,1,0.0,GREEN
033202501,32,25,1,0.0,GREEN
033202601,32,26,1,0.0,GREEN
033202701,32,27,1,0.0,GREEN
033202801,32,28,1,0.0,GREEN
033202901,32,29,1,0.0,GREEN
033203001,32,30,1,0.0,GREEN
033203101,32,31,1,0.0,GREEN
033203201,32,32,1,0.0,GREEN
033203301,32,33,1,0.0,GREEN
033203401,32,34,1,0.0,GREEN
033203501,32,35,1,0.0,GREEN
033203601,32,36,1,0.0,GREEN
033203701,32,37,1,0.0,GREEN
033203801,32,38,1,0.0,GREEN
033203901,32,39,1,0.0,GREEN
033204001,32,40,1,0.0,GREEN
033204101,32,41,1,0.0,GREEN
033204201,32,42,1,0.0,GREEN
033204301,32,43,1,0.0,GREEN
033204401,32,44,1,0.0,GREEN
033204501,32,45,1,0.0,GREEN
033204601,32,46,1,0.0,GREEN
033204701,32,47,1,0.0,GREEN
033204801,32,48,1,0.0,GREEN
033204901,32,49,1,0.0,GREEN
033205001,32,50,1,0.0,GREEN
033205101,32,51,1,0.0,GREEN
033205201,32,52,1,0.0,GREEN
033205301,32,53,1,0.0,GREEN
033205401,32,54,1,0.0,GREEN
033205501,32,55,1,0.0,GREEN
032904301,29,43,1,100.0,RED
032904401,29,44,1,0.0,GREEN
032905101,29,51,1,0.0,GREEN
032905301,29,53,1,100.0,RED
032905401,29,54,1,100.0,RED
032905501,29,55,1,100.0,RED
032905601,29,56,1,0.0,GREEN
032905701,29,57,1,0.0,GREEN
032906901,29,69,1,0.0,GREEN
032907101,29,71,1,100.0,RED
032900102,29,1,2,0.0,GREEN
032900202,29,2,2,0.0,GREEN
032900302,29,3,2,0.0,GREEN
032900402,29,4,2,0.0,GREEN
032900802,29,8,2,100.0,RED
032901102,29,11,2,0.0,GREEN
032901302,29,13,2,100.0,RED
032901602,29,16,2,100.0,RED
032901702,29,17,2,100.0,RED
032500100,25,1,0,0.0,GREEN
032500400,25,4,0,0.0,GREEN
032500500,25,5,0,0.0,GREEN
032500600,25,6,0,0.0,GREEN
032500700,25,7,0,0.0,GREEN
032502800,25,28,0,0.0,GREEN
032502900,25,29,0,0.0,GREEN
032503000,25,30,0,0.0,GREEN
032503100,25,31,0,0.0,GREEN
032700100,27,1,0,0.0,GREEN
032700200,27,2,0,0.0,GREEN
032700300,27,3,0,0.0,GREEN
032700400,27,4,0,0.0,GREEN
032702600,27,26,0,0.0,GREEN
032702800,27,28,0,0.0,GREEN
032902402,29,24,2,100.0,RED
032902802,29,28,2,0.0,GREEN
032902902,29,29,2,100.0,RED
032903202,29,32,2,100.0,RED
032903602,29,36,2,100.0,RED
032904602,29,46,2,100.0,RED
032906302,29,63,2,100.0,RED
032906802,29,68,2,100.0,RED
032906902,29,69,2,0.0,GREEN
032500101,25,1,1,0.0,GREEN
032501401,25,14,1,100.0,RED
032700101,27,1,1,0.0,GREEN
032700201,27,2,1,0.0,GREEN
032700301,27,3,1,0.0,GREEN
032700401,27,4,1,0.0,GREEN
032901603,29,16,3,0.0,GREEN
032902203,29,22,3,100.0,RED
032903803,29,38,3,0.0,GREEN
032904503,29,45,3,100.0,RED
032906103,29,61,3,100.0,RED
032502601,25,26,1,0.0,GREEN
032502701,25,27,1,0.0,GREEN
032502801,25,28,1,0.0,GREEN
032502901,25,29,1,0.0,GREEN
032503001,25,30,1,0.0,GREEN
032503101,25,31,1,0.0,GREEN
032504601,25,46,1,100.0,RED
032505301,25,53,1,100.0,RED
032500102,25,1,2,0.0,GREEN
032702101,27,21,1,100.0,RED
032702601,27,26,1,0.0,GREEN
032702701,27,27,1,0.0,GREEN
032702801,27,28,1,0.0,GREEN
032704701,27,47,1,100.0,RED
032705701,27,57,1,100.0,RED
032700102,27,1,2,0.0,GREEN
033000100,30,1,0,0.0,GREEN
033000200,30,2,0,0.0,GREEN
033000300,30,3,0,0.0,GREEN
033000400,30,4,0,0.0,GREEN
033000500,30,5,0,0.0,GREEN
033000600,30,6,0,0.0,GREEN
033000700,30,7,0,0.0,GREEN
033000800,30,8,0,0.0,GREEN
033000900,30,9,0,0.0,GREEN
033001000,30,10,0,0.0,GREEN
033001100,30,11,0,0.0,GREEN
033001200,30,12,0,0.0,GREEN
033001300,30,13,0,0.0,GREEN
033001400,30,14,0,0.0,GREEN
033001500,30,15,0,0.0,GREEN
033001600,30,16,0,0.0,GREEN
033001700,30,17,0,0.0,GREEN
033001800,30,18,0,0.0,GREEN
033001900,30,19,0,0.0,GREEN
033002000,30,20,0,0.0,GREEN
033002100,30,21,0,0.0,GREEN
033002200,30,22,0,0.0,GREEN
033002300,30,23,0,0.0,GREEN
033002400,30,24,0,0.0,GREEN
033002500,30,25,0,0.0,GREEN
033002600,30,26,0,0.0,GREEN
033002700,30,27,0,0.0,GREEN
033002800,30,28,0,0.0,GREEN
033002900,30,29,0,0.0,GREEN
033003000,30,30,0,0.0,GREEN
033003100,30,31,0,0.0,GREEN
033003200,30,32,0,0.0,GREEN
033003300,30,33,0,0.0,GREEN
033003400,30,34,0,0.0,GREEN
033003500,30,35,0,0.0,GREEN
033003600,30,36,0,0.0,GREEN
033003700,30,37,0,0.0,GREEN
033003800,30,38,0,0.0,GREEN
033003900,30,39,0,0.0,GREEN
033004000,30,40,0,0.0,GREEN
033004100,30,41,0,0.0,GREEN
033004200,30,42,0,0.0,GREEN
033004300,30,43,0,0.0,GREEN
033004400,30,44,0,0.0,GREEN
032500902,25,9,2,100.0,RED
032502602,25,26,2,0.0,GREEN
032502902,25,29,2,0.0,GREEN
032503002,25,30,2,0.0,GREEN
032503102,25,31,2,0.0,GREEN
032503402,25,34,2,100.0,RED
032503702,25,37,2,100.0,RED
032504302,25,43,2,100.0,RED
032505102,25,51,2,100.0,RED
032505202,25,52,2,100.0,RED
032505902,25,59,2,100.0,RED
032700402,27,4,2,0.0,GREEN
032702502,27,25,2,100.0,RED
032702602,27,26,2,0.0,GREEN
032702702,27,27,2,0.0,GREEN
032702802,27,28,2,0.0,GREEN
032702902,27,29,2,100.0,RED
032703602,27,36,2,100.0,RED
032703702,27,37,2,100.0,RED
032704202,27,42,2,0.0,GREEN
032704302,27,43,2,100.0,RED
032705302,27,53,2,100.0,RED
033004500,30,45,0,0.0,GREEN
033004600,30,46,0,0.0,GREEN
033004700,30,47,0,0.0,GREEN
033004800,30,48,0,0.0,GREEN
033004900,30,49,0,0.0,GREEN
033005000,30,50,0,0.0,GREEN
033005100,30,51,0,0.0,GREEN
033005200,30,52,0,0.0,GREEN
033005300,30,53,0,0.0,GREEN
033005400,30,54,0,0.0,GREEN
033005500,30,55,0,0.0,GREEN
033005600,30,56,0,0.0,GREEN
033005700,30,57,0,0.0,GREEN
033005800,30,58,0,0.0,GREEN
033005900,30,59,0,0.0,GREEN
033006000,30,60,0,0.0,GREEN
033006100,30,61,0,0.0,GREEN
033006200,30,62,0,0.0,GREEN
033006300,30,63,0,0.0,GREEN
033006400,30,64,0,0.0,GREEN
033006500,30,65,0,0.0,GREEN
033006600,30,66,0,0.0,GREEN
033006700,30,67,0,0.0,GREEN
033006800,30,68,0,0.0,GREEN
033006900,30,69,0,0.0,GREEN
033007000,30,70,0,0.0,GREEN
033007100,30,71,0,0.0,GREEN
033007200,30,72,0,0.0,GREEN
033007300,30,73,0,0.0,GREEN
033000101,30,1,1,0.0,GREEN
033000201,30,2,1,0.0,GREEN
033000301,30,3,1,0.0,GREEN
033000401,30,4,1,0.0,GREEN
033000501,30,5,1,0.0,GREEN
033000601,30,6,1,0.0,GREEN
033000701,30,7,1,0.0,GREEN
033000801,30,8,1,0.0,GREEN
033000901,30,9,1,0.0,GREEN
033001001,30,10,1,0.0,GREEN
033001101,30,11,1,0.0,GREEN
033001201,30,12,1,0.0,GREEN
033001301,30,13,1,0.0,GREEN
033001401,30,14,1,0.0,GREEN
033001501,30,15,1,0.0,GREEN
033001601,30,16,1,0.0,GREEN
033001701,30,17,1,0.0,GREEN
033001801,30,18,1,0.0,GREEN
033001901,30,19,1,0.0,GREEN
033002001,30,20,1,0.0,GREEN
033002101,30,21,1,0.0,GREEN
033002201,30,22,1,0.0,GREEN
033002301,30,23,1,0.0,GREEN
033002401,30,24,1,0.0,GREEN
033002501,30,25,1,0.0,GREEN
033002601,30,26,1,0.0,GREEN
033002701,30,27,1,0.0,GREEN
032506902,25,69,2,100.0,RED
032500103,25,1,3,0.0,GREEN
032501003,25,10,3,0.0,GREEN
032501103,25,11,3,100.0,RED
032502003,25,20,3,100.0,RED
032502603,25,26,3,0.0,GREEN
032502703,25,27,3,0.0,GREEN
032502803,25,28,3,0.0,GREEN
032502903,25,29,3,0.0,GREEN
032503003,25,30,3,0.0,GREEN
032503103,25,31,3,0.0,GREEN
032706702,27,67,2,100.0,RED
032706902,27,69,2,100.0,RED
032707002,27,70,2,100.0,RED
032702503,27,25,3,0.0,GREEN
032703303,27,33,3,0.0,GREEN
033002801,30,28,1,0.0,GREEN
033002901,30,29,1,0.0,GREEN
033003001,30,30,1,0.0,GREEN
033003101,30,31,1,0.0,GREEN
033003201,30,32,1,0.0,GREEN
033003301,30,33,1,0.0,GREEN
033003401,30,34,1,0.0,GREEN
033003501,30,35,1,0.0,GREEN
033003601,30,36,1,0.0,GREEN
033003701,30,37,1,0.0,GREEN
033003801,30,38,1,0.0,GREEN
033003901,30,39,1,0.0,GREEN
033004001,30,40,1,0.0,GREEN
033004101,30,41,1,0.0,GREEN
033004201,30,42,1,0.0,GREEN
033004301,30,43,1,0.0,GREEN
033004401,30,44,1,0.0,GREEN
033004501,30,45,1,0.0,GREEN
033004601,30,46,1,0.0,GREEN
033004701,30,47,1,0.0,GREEN
033004801,30,48,1,0.0,GREEN
033004901,30,49,1,0.0,GREEN
033005001,30,50,1,0.0,GREEN
033005101,30,51,1,0.0,GREEN
033005201,30,52,1,0.0,GREEN
033005301,30,53,1,0.0,GREEN
033005401,30,54,1,0.0,GREEN
033005501,30,55,1,0.0,GREEN
033005601,30,56,1,0.0,GREEN
033005701,30,57,1,0.0,GREEN
033005801,30,58,1,0.0,GREEN
033005901,30,59,1,0.0,GREEN
033006001,30,60,1,0.0,GREEN
033006101,30,61,1,0.0,GREEN
033006201,30,62,1,0.0,GREEN
033006301,30,63,1,0.0,GREEN
033006401,30,64,1,0.0,GREEN
033006501,30,65,1,0.0,GREEN
033006601,30,66,1,0.0,GREEN
033006701,30,67,1,0.0,GREEN
033006801,30,68,1,0.0,GREEN
033006901,30,69,1,0.0,GREEN
033007001,30,70,1,0.0,GREEN
033007101,30,71,1,0.0,GREEN
033007201,30,72,1,0.0,GREEN
033007301,30,73,1,0.0,GREEN
033000102,30,1,2,0.0,GREEN
033000202,30,2,2,0.0,GREEN
033000302,30,3,2,0.0,GREEN
033000402,30,4,2,0.0,GREEN
033000502,30,5,2,0.0,GREEN
033000602,30,6,2,0.0,GREEN
033000702,30,7,2,0.0,GREEN
033000802,30,8,2,0.0,GREEN
032500104,25,1,4,0.0,GREEN
032501604,25,16,4,100.0,RED
032501804,25,18,4,100.0,RED
032502704,25,27,4,0.0,GREEN
032502804,25,28,4,0.0,GREEN
032502904,25,29,4,0.0,GREEN
032705103,27,51,3,100.0,RED
032702204,27,22,4,0.0,GREEN
033000902,30,9,2,0.0,GREEN
033001002,30,10,2,0.0,GREEN
033001102,30,11,2,0.0,GREEN
033001202,30,12,2,0.0,GREEN
033001302,30,13,2,0.0,GREEN
033001402,30,14,2,0.0,GREEN
033001502,30,15,2,0.0,GREEN
033001602,30,16,2,0.0,GREEN
033001702,30,17,2,0.0,GREEN
033001802,30,18,2,0.0,GREEN
033001902,30,19,2,0.0,GREEN
033002002,30,20,2,0.0,GREEN
033002102,30,21,2,0.0,GREEN
033002202,30,22,2,0.0,GREEN
033002302,30,23,2,0.0,GREEN
033002402,30,24,2,0.0,GREEN
033002502,30,25,2,0.0,GREEN
033002602,30,26,2,0.0,GREEN
033002702,30,27,2,0.0,GREEN
033002802,30,28,2,0.0,GREEN
033002902,30,29,2,0.0,GREEN
033003002,30,30,2,0.0,GREEN
033003102,30,31,2,0.0,GREEN
033003202,30,32,2,0.0,GREEN
033003302,30,33,2,0.0,GREEN
033003402,30,34,2,0.0,GREEN
033003502,30,35,2,0.0,GREEN
033003602,30,36,2,0.0,GREEN
033003702,30,37,2,0.0,GREEN
033003802,30,38,2,0.0,GREEN
033003902,30,39,2,0.0,GREEN
033004002,30,40,2,0.0,GREEN
033004102,30,41,2,0.0,GREEN
033004202,30,42,2,0.0,GREEN
033004302,30,43,2,0.0,GREEN
033004402,30,44,2,0.0,GREEN
033004502,30,45,2,0.0,GREEN
033004602,30,46,2,0.0,GREEN
033004702,30,47,2,0.0,GREEN
033004802,30,48,2,0.0,GREEN
033004902,30,49,2,0.0,GREEN
033005002,30,50,2,0.0,GREEN
033005102,30,51,2,0.0,GREEN
033005202,30,52,2,0.0,GREEN
033005302,30,53,2,0.0,GREEN
033005402,30,54,2,0.0,GREEN
033005502,30,55,2,0.0,GREEN
033005602,30,56,2,0.0,GREEN
033005702,30,57,2,0.0,GREEN
033005802,30,58,2,0.0,GREEN
033005902,30,59,2,0.0,GREEN
033006002,30,60,2,0.0,GREEN
033006102,30,61,2,0.0,GREEN
033006202,30,62,2,0.0,GREEN
033006302,30,63,2,0.0,GREEN
033006402,30,64,2,0.0,GREEN
032503004,25,30,4,0.0,GREEN
032503104,25,31,4,0.0,GREEN
032505104,25,51,4,0.0,GREEN
032506904,25,69,4,100.0,RED
032600100,26,1,0,0.0,GREEN
032600200,26,2,0,0.0,GREEN
032600300,26,3,0,0.0,GREEN
032600400,26,4,0,0.0,GREEN
032600500,26,5,0,100.0,RED
032703504,27,35,4,100.0,RED
032705204,27,52,4,0.0,GREEN
032800100,28,1,0,0.0,GREEN
032800200,28,2,0,0.0,GREEN
032800300,28,3,0,0.0,GREEN
032800400,28,4,0,0.0,GREEN
033006502,30,65,2,0.0,GREEN
033006602,30,66,2,0.0,GREEN
033006702,30,67,2,0.0,GREEN
033006802,30,68,2,0.0,GREEN
033006902,30,69,2,0.0,GREEN
033007002,30,70,2,0.0,GREEN
033007102,30,71,2,0.0,GREEN
033007202,30,72,2,0.0,GREEN
033007302,30,73,2,0.0,GREEN
033000103,30,1,3,0.0,GREEN
033000203,30,2,3,0.0,GREEN
033000303,30,3,3,0.0,GREEN
033000403,30,4,3,0.0,GREEN
033000503,30,5,3,0.0,GREEN
033000603,30,6,3,0.0,GREEN
033000703,30,7,3,0.0,GREEN
033000803,30,8,3,0.0,GREEN
033000903,30,9,3,0.0,GREEN
033001003,30,10,3,0.0,GREEN
033001103,30,11,3,0.0,GREEN
033001203,30,12,3,0.0,GREEN
033001303,30,13,3,0.0,GREEN
033001403,30,14,3,0.0,GREEN
033001503,30,15,3,0.0,GREEN
033001603,30,16,3,0.0,GREEN
033001703,30,17,3,0.0,GREEN
033001803,30,18,3,0.0,GREEN
033001903,30,19,3,0.0,GREEN
033002003,30,20,3,0.0,GREEN
033002103,30,21,3,0.0,GREEN
033002203,30,22,3,0.0,GREEN
033002303,30,23,3,0.0,GREEN
033002403,30,24,3,0.0,GREEN
033002503,30,25,3,0.0,GREEN
033002603,30,26,3,0.0,GREEN
033002703,30,27,3,0.0,GREEN
033002803,30,28,3,0.0,GREEN
033002903,30,29,3,0.0,GREEN
033003003,30,30,3,0.0,GREEN
033003103,30,31,3,0.0,GREEN
033003203,30,32,3,0.0,GREEN
033003303,30,33,3,0.0,GREEN
033003403,30,34,3,0.0,GREEN
033003503,30,35,3,0.0,GREEN
033003603,30,36,3,0.0,GREEN
033003703,30,37,3,0.0,GREEN
033003803,30,38,3,0.0,GREEN
033003903,30,39,3,0.0,GREEN
033004003,30,40,3,0.0,GREEN
033004103,30,41,3,0.0,GREEN
033004203,30,42,3,0.0,GREEN
033004303,30,43,3,0.0,GREEN
033004403,30,44,3,0.0,GREEN
033004503,30,45,3,0.0,GREEN
033004603,30,46,3,0.0,GREEN
033004703,30,47,3,0.0,GREEN
032602600,26,26,0,0.0,GREEN
032602700,26,27,0,0.0,GREEN
032602800,26,28,0,0.0,GREEN
032802600,28,26,0,0.0,GREEN
032802700,28,27,0,0.0,GREEN
032802800,28,28,0,0.0,GREEN
033004803,30,48,3,0.0,GREEN
033004903,30,49,3,0.0,GREEN
033005003,30,50,3,0.0,GREEN
033005103,30,51,3,0.0,GREEN
033005203,30,52,3,0.0,GREEN
033005303,30,53,3,0.0,GREEN
033005403,30,54,3,0.0,GREEN
033005503,30,55,3,0.0,GREEN
033005603,30,56,3,0.0,GREEN
033005703,30,57,3,0.0,GREEN
033005803,30,58,3,0.0,GREEN
033005903,30,59,3,0.0,GREEN
033006003,30,60,3,0.0,GREEN
033006103,30,61,3,0.0,GREEN
033006203,30,62,3,0.0,GREEN
033006303,30,63,3,0.0,GREEN
033006403,30,64,3,0.0,GREEN
033006503,30,65,3,0.0,GREEN
033006603,30,66,3,0.0,GREEN
033006703,30,67,3,0.0,GREEN
033006803,30,68,3,0.0,GREEN
033006903,30,69,3,0.0,GREEN
033007003,30,70,3,0.0,GREEN
033007103,30,71,3,0.0,GREEN
033007203,30,72,3,0.0,GREEN
033007303,30,73,3,0.0,GREEN
033100100,31,1,0,0.0,GREEN
033100200,31,2,0,0.0,GREEN
033100300,31,3,0,0.0,GREEN
033100400,31,4,0,0.0,GREEN
033100500,31,5,0,0.0,GREEN
033100600,31,6,0,0.0,GREEN
033100700,31,7,0,0.0,GREEN
033100800,31,8,0,0.0,GREEN
033100900,31,9,0,0.0,GREEN
033101000,31,10,0,0.0,GREEN
033101100,31,11,0,0.0,GREEN
033101200,31,12,0,0.0,GREEN
033101300,31,13,0,0.0,GREEN
033101400,31,14,0,0.0,GREEN
033101500,31,15,0,0.0,GREEN
033101600,31,16,0,0.0,GREEN
033101700,31,17,0,0.0,GREEN
033101800,31,18,0,0.0,GREEN
033101900,31,19,0,0.0,GREEN
033102000,31,20,0,0.0,GREEN
033102100,31,21,0,0.0,GREEN
033102200,31,22,0,0.0,GREEN
033102300,31,23,0,0.0,GREEN
033102400,31,24,0,0.0,GREEN
033102500,31,25,0,0.0,GREEN
033102600,31,26,0,0.0,GREEN
033102700,31,27,0,0.0,GREEN
033102800,31,28,0,0.0,GREEN
033102900,31,29,0,0.0,GREEN
033103000,31,30,0,0.0,GREEN
032600101,26,1,1,0.0,GREEN
032600201,26,2,1,0.0,GREEN
032600301,26,3,1,0.0,GREEN
032600601,26,6,1,100.0,RED
032602601,26,26,1,0.0,GREEN
032602701,26,27,1,0.0,GREEN
032602801,26,28,1,0.0,GREEN
032603701,26,37,1,100.0,RED
032800101,28,1,1,0.0,GREEN
032800201,28,2,1,0.0,GREEN
032800401,28,4,1,0.0,GREEN
032802601,28,26,1,0.0,GREEN
032802701,28,27,1,0.0,GREEN
032802801,28,28,1,0.0,GREEN
033103100,31,31,0,0.0,GREEN
033103200,31,32,0,0.0,GREEN
033103300,31,33,0,0.0,GREEN
033103400,31,34,0,0.0,GREEN
033103500,31,35,0,0.0,GREEN
033103600,31,36,0,0.0,GREEN
033103700,31,37,0,0.0,GREEN
033103800,31,38,0,0.0,GREEN
033103900,31,39,0,0.0,GREEN
033104000,31,40,0,0.0,GREEN
033104100,31,41,0,0.0,GREEN
033104200,31,42,0,0.0,GREEN
033104300,31,43,0,0.0,GREEN
033104400,31,44,0,0.0,GREEN
033104500,31,45,0,0.0,GREEN
033104600,31,46,0,0.0,GREEN
033104700,31,47,0,0.0,GREEN
033104800,31,48,0,0.0,GREEN
033104900,31,49,0,0.0,GREEN
033105000,31,50,0,0.0,GREEN
033105100,31,51,0,0.0,GREEN
033105200,31,52,0,0.0,GREEN
033105300,31,53,0,0.0,GREEN
033105400,31,54,0,0.0,GREEN
033105500,31,55,0,0.0,GREEN
033105600,31,56,0,0.0,GREEN
033105700,31,57,0,0.0,GREEN
033105800,31,58,0,0.0,GREEN
033105900,31,59,0,0.0,GREEN
033106000,31,60,0,0.0,GREEN
033106100,31,61,0,0.0,GREEN
033106200,31,62,0,0.0,GREEN
033106300,31,63,0,0.0,GREEN
033106400,31,64,0,0.0,GREEN
033106500,31,65,0,0.0,GREEN
033106600,31,66,0,0.0,GREEN
033106700,31,67,0,0.0,GREEN
033106800,31,68,0,0.0,GREEN
033106900,31,69,0,0.0,GREEN
033107000,31,70,0,0.0,GREEN
033107100,31,71,0,0.0,GREEN
033107200,31,72,0,0.0,GREEN
033107300,31,73,0,0.0,GREEN
033100101,31,1,1,0.0,GREEN
033100201,31,2,1,0.0,GREEN
033100301,31,3,1,0.0,GREEN
033100401,31,4,1,0.0,GREEN
033100501,31,5,1,0.0,GREEN
033100601,31,6,1,0.0,GREEN
033100701,31,7,1,0.0,GREEN
033100801,31,8,1,0.0,GREEN
033100901,31,9,1,0.0,GREEN
033101001,31,10,1,0.0,GREEN
033101101,31,11,1,0.0,GREEN
033101201,31,12,1,0.0,GREEN
032606801,26,68,1,100.0,RED
032600102,26,1,2,0.0,GREEN
032600202,26,2,2,0.0,GREEN
032600402,26,4,2,0.0,GREEN
032600502,26,5,2,0.0,GREEN
032601502,26,15,2,100.0,RED
032601602,26,16,2,100.0,RED
032602602,26,26,2,0.0,GREEN
032602702,26,27,2,0.0,GREEN
032602802,26,28,2,0.0,GREEN
032800102,28,1,2,0.0,GREEN
032800302,28,3,2,0.0,GREEN
032800402,28,4,2,0.0,GREEN
032802602,28,26,2,0.0,GREEN
033101301,31,13,1,0.0,GREEN
033101401,31,14,1,0.0,GREEN
033101501,31,15,1,0.0,GREEN
033101601,31,16,1,0.0,GREEN
033101701,31,17,1,0.0,GREEN
033101801,31,18,1,0.0,GREEN
033101901,31,19,1,0.0,GREEN
033102001,31,20,1,0.0,GREEN
033102101,31,21,1,0.0,GREEN
033102201,31,22,1,0.0,GREEN
033102301,31,23,1,0.0,GREEN
033102401,31,24,1,0.0,GREEN
033102501,31,25,1,0.0,GREEN
033102601,31,26,1,0.0,GREEN
033102701,31,27,1,0.0,GREEN
033102801,31,28,1,0.0,GREEN
033102901,31,29,1,0.0,GREEN
033103001,31,30,1,0.0,GREEN
033103101,31,31,1,0.0,GREEN
033103201,31,32,1,0.0,GREEN
033103301,31,33,1,0.0,GREEN
033103401,31,34,1,0.0,GREEN
033103501,31,35,1,0.0,GREEN
033103601,31,36,1,0.0,GREEN
033103701,31,37,1,0.0,GREEN
033103801,31,38,1,0.0,GREEN
033103901,31,39,1,0.0,GREEN
033104001,31,40,1,0.0,GREEN
033104101,31,41,1,0.0,GREEN
033104201,31,42,1,0.0,GREEN
033104301,31,43,1,0.0,GREEN
033104401,31,44,1,0.0,GREEN
033104501,31,45,1,0.0,GREEN
033104601,31,46,1,0.0,GREEN
033104701,31,47,1,0.0,GREEN
033104801,31,48,1,0.0,GREEN
033104901,31,49,1,0.0,GREEN
033105001,31,50,1,0.0,GREEN
033105101,31,51,1,0.0,GREEN
033105201,31,52,1,0.0,GREEN
033105301,31,53,1,0.0,GREEN
033105401,31,54,1,0.0,GREEN
033105501,31,55,1,0.0,GREEN
033105601,31,56,1,0.0,GREEN
033105701,31,57,1,0.0,GREEN
033105801,31,58,1,0.0,GREEN
033105901,31,59,1,0.0,GREEN
033106001,31,60,1,0.0,GREEN
033106101,31,61,1,0.0,GREEN
033106201,31,62,1,0.0,GREEN
033106301,31,63,1,0.0,GREEN
033106401,31,64,1,0.0,GREEN
033106501,31,65,1,0.0,GREEN
033106601,31,66,1,0.0,GREEN
033106701,31,67,1,0.0,GREEN
033106801,31,68,1,0.0,GREEN
032603502,26,35,2,0.0,GREEN
032604402,26,44,2,100.0,RED
032604902,26,49,2,100.0,RED
032605702,26,57,2,100.0,RED
032605802,26,58,2,100.0,RED
032605902,26,59,2,100.0,RED
032606202,26,62,2,100.0,RED
032600703,26,7,3,100.0,RED
032600903,26,9,3,100.0,RED
032803102,28,31,2,0.0,GREEN
032803802,28,38,2,0.0,GREEN
032804302,28,43,2,100.0,RED
032804402,28,44,2,100.0,RED
032805002,28,50,2,0.0,GREEN
032805902,28,59,2,100.0,RED
033106901,31,69,1,0.0,GREEN
033107001,31,70,1,0.0,GREEN
033107101,31,71,1,0.0,GREEN
033107201,31,72,1,0.0,GREEN
033107301,31,73,1,0.0,GREEN
033100102,31,1,2,0.0,GREEN
033100202,31,2,2,0.0,GREEN
033100302,31,3,2,0.0,GREEN
033100402,31,4,2,0.0,GREEN
033100502,31,5,2,0.0,GREEN
033100602,31,6,2,0.0,GREEN
033100702,31,7,2,0.0,GREEN
033100802,31,8,2,0.0,GREEN
033100902,31,9,2,0.0,GREEN
033101002,31,10,2,0.0,GREEN
033101102,31,11,2,0.0,GREEN
033101202,31,12,2,0.0,GREEN
033101302,31,13,2,0.0,GREEN
033101402,31,14,2,0.0,GREEN
033101502,31,15,2,0.0,GREEN
033101602,31,16,2,0.0,GREEN
033101702,31,17,2,0.0,GREEN
033101802,31,18,2,0.0,GREEN
033101902,31,19,2,0.0,GREEN
033102002,31,20,2,0.0,GREEN
033102102,31,21,2,0.0,GREEN
033102202,31,22,2,0.0,GREEN
033102302,31,23,2,0.0,GREEN
033102402,31,24,2,0.0,GREEN
033102502,31,25,2,0.0,GREEN
033102602,31,26,2,0.0,GREEN
033102702,31,27,2,0.0,GREEN
033102802,31,28,2,0.0,GREEN
033102902,31,29,2,0.0,GREEN
033103002,31,30,2,0.0,GREEN
033103102,31,31,2,0.0,GREEN
033103202,31,32,2,0.0,GREEN
033103302,31,33,2,0.0,GREEN
033103402,31,34,2,0.0,GREEN
033103502,31,35,2,0.0,GREEN
033103602,31,36,2,0.0,GREEN
033103702,31,37,2,0.0,GREEN
033103802,31,38,2,0.0,GREEN
033103902,31,39,2,0.0,GREEN
033104002,31,40,2,0.0,GREEN
033104102,31,41,2,0.0,GREEN
033104202,31,42,2,0.0,GREEN
033104302,31,43,2,0.0,GREEN
033104402,31,44,2,0.0,GREEN
033104502,31,45,2,0.0,GREEN
033104602,31,46,2,0.0,GREEN
033104702,31,47,2,0.0,GREEN
033104802,31,48,2,0.0,GREEN
033104902,31,49,2,0.0,GREEN
033105002,31,50,2,0.0,GREEN
033105102,31,51,2,0.0,GREEN
032602103,26,21,3,100.0,RED
032605003,26,50,3,0.0,GREEN
032700202,27,2,2,0.0,GREEN
032506004,25,60,4,0.0,GREEN
032000402,20,4,2,0.0,GREEN
032503502,25,35,2,100.0,RED
032501203,25,12,3,100.0,RED
031900300,19,3,0,0.0,GREEN
031802700,18,27,0,0.0,GREEN
031700100,17,1,0,0.0,GREEN
032502600,25,26,0,0.0,GREEN
031700200,17,2,0,0.0,GREEN
031700300,17,3,0,0.0,GREEN
031700500,17,5,0,100.0,RED
031700600,17,6,0,100.0,RED
031700700,17,7,0,100.0,RED
031900100,19,1,0,0.0,GREEN
031900200,19,2,0,0.0,GREEN
031900400,19,4,0,0.0,GREEN
031900500,19,5,0,100.0,RED
031900600,19,6,0,0.0,GREEN
031902600,19,26,0,0.0,GREEN
031902700,19,27,0,0.0,GREEN
031902800,19,28,0,0.0,GREEN
031800100,18,1,0,200.0,RED
031800200,18,2,0,0.0,GREEN
031800300,18,3,0,0.0,GREEN
032002100,20,21,0,0.0,GREEN
032703002,27,30,2,100.0,RED
032704002,27,40,2,100.0,RED
032904403,29,44,3,100.0,RED
032902302,29,23,2,0.0,GREEN
032002200,20,22,0,0.0,GREEN
032702700,27,27,0,0.0,GREEN
032902801,29,28,1,0.0,GREEN
032800301,28,3,1,0.0,GREEN
032600401,26,4,1,0.0,GREEN
032901502,29,15,2,100.0,RED
032805102,28,51,2,100.0,RED
032501800,25,18,0,0.0,GREEN
032100101,21,1,1,0.0,GREEN
032100201,21,2,1,0.0,GREEN
032100301,21,3,1,0.0,GREEN
032100401,21,4,1,0.0,GREEN
032102601,21,26,1,0.0,GREEN
032102701,21,27,1,0.0,GREEN
032102602,21,26,2,0.0,GREEN
032103102,21,31,2,100.0,RED
032106502,21,65,2,100.0,RED
032106602,21,66,2,100.0,RED
032100103,21,1,3,0.0,GREEN
032100203,21,2,3,0.0,GREEN
032100303,21,3,3,0.0,GREEN
032100403,21,4,3,0.0,GREEN
032200200,22,2,0,0.0,GREEN
032200300,22,3,0,0.0,GREEN
032200400,22,4,0,0.0,GREEN
032200600,22,6,0,0.0,GREEN
032200800,22,8,0,0.0,GREEN
032200900,22,9,0,0.0,GREEN
032201300,22,13,0,0.0,GREEN
032201400,22,14,0,0.0,GREEN
032201500,22,15,0,0.0,GREEN
032201600,22,16,0,0.0,GREEN
032201800,22,18,0,0.0,GREEN
032202000,22,20,0,0.0,GREEN
032202200,22,22,0,0.0,GREEN
032202600,22,26,0,0.0,GREEN
032202700,22,27,0,0.0,GREEN
032202800,22,28,0,0.0,GREEN
032200101,22,1,1,0.0,GREEN
032200201,22,2,1,0.0,GREEN
032200401,22,4,1,0.0,GREEN
032202601,22,26,1,0.0,GREEN
032202801,22,28,1,0.0,GREEN
032205301,22,53,1,100.0,RED
032205501,22,55,1,100.0,RED
032206301,22,63,1,100.0,RED
032400500,24,5,0,0.0,GREEN
032202802,22,28,2,0.0,GREEN
032200102,22,1,2,0.0,GREEN
032200202,22,2,2,0.0,GREEN
032200302,22,3,2,0.0,GREEN
032202602,22,26,2,0.0,GREEN
032202702,22,27,2,0.0,GREEN
032404203,24,42,3,100.0,RED
032202701,22,27,1,0.0,GREEN
032405403,24,54,3,100.0,RED
031700901,17,9,1,100.0,RED
031701201,17,12,1,100.0,RED
031702101,17,21,1,100.0,RED
032306502,23,65,2,100.0,RED
032401002,24,10,2,100.0,RED
032201900,22,19,0,0.0,GREEN
032602502,26,25,2,100.0,RED
032202503,22,25,3,0.0,GREEN
031702501,17,25,1,100.0,RED
031702601,17,26,1,0.0,GREEN
031702801,17,28,1,100.0,RED
031703201,17,32,1,100.0,RED
031703701,17,37,1,100.0,RED
031705501,17,55,1,100.0,RED
031706101,17,61,1,100.0,RED
031706201,17,62,1,100.0,RED
031706401,17,64,1,100.0,RED
031706801,17,68,1,100.0,RED
031707101,17,71,1,0.0,GREEN
031707201,17,72,1,0.0,GREEN
031707301,17,73,1,0.0,GREEN
032301400,23,14,0,0.0,GREEN
032304503,23,45,3,100.0,RED
032103302,21,33,2,100.0,RED
032300702,23,7,2,100.0,RED
032102100,21,21,0,0.0,GREEN
031700401,17,4,1,0.0,GREEN
032400100,24,1,0,0.0,GREEN
032102300,21,23,0,0.0,GREEN
032401500,24,15,0,0.0,GREEN
032002500,20,25,0,0.0,GREEN
032203503,22,35,3,100.0,RED
032205703,22,57,3,100.0,RED
032300100,23,1,0,100.0,RED
032300200,23,2,0,0.0,GREEN
032300300,23,3,0,0.0,GREEN
032300400,23,4,0,0.0,GREEN
032300500,23,5,0,0.0,GREEN
032300800,23,8,0,0.0,GREEN
032300900,23,9,0,0.0,GREEN
032301100,23,11,0,0.0,GREEN
032301200,23,12,0,0.0,GREEN
032301300,23,13,0,0.0,GREEN
032301600,23,16,0,0.0,GREEN
031703902,17,39,2,100.0,RED
031704002,17,40,2,100.0,RED
031704202,17,42,2,0.0,GREEN
031706002,17,60,2,100.0,RED
031706102,17,61,2,100.0,RED
032401300,24,13,0,0.0,GREEN
031703501,17,35,1,0.0,GREEN
031700801,17,8,1,100.0,RED
032102600,21,26,0,0.0,GREEN
032102801,21,28,1,0.0,GREEN
032402600,24,26,0,0.0,GREEN
032403600,24,36,0,0.0,GREEN
032402903,24,29,3,0.0,GREEN
032403002,24,30,2,0.0,GREEN
032200301,22,3,1,0.0,GREEN
032300401,23,4,1,0.0,GREEN
032301800,23,18,0,0.0,GREEN
032301900,23,19,0,0.0,GREEN
032302600,23,26,0,0.0,GREEN
032302700,23,27,0,0.0,GREEN
032302800,23,28,0,0.0,GREEN
031707102,17,71,2,0.0,GREEN
031707202,17,72,2,0.0,GREEN
031707302,17,73,2,0.0,GREEN
031700403,17,4,3,100.0,RED
031700603,17,6,3,100.0,RED
031700703,17,7,3,0.0,GREEN
031700803,17,8,3,0.0,GREEN
031701003,17,10,3,0.0,GREEN
031701303,17,13,3,100.0,RED
031701503,17,15,3,100.0,RED
031702203,17,22,3,100.0,RED
031702303,17,23,3,100.0,RED
031702503,17,25,3,100.0,RED
031702803,17,28,3,100.0,RED
031702903,17,29,3,0.0,GREEN
031703103,17,31,3,100.0,RED
031703303,17,33,3,0.0,GREEN
031703403,17,34,3,0.0,GREEN
031703503,17,35,3,0.0,GREEN
031703703,17,37,3,100.0,RED
031704203,17,42,3,0.0,GREEN
031701203,17,12,3,100.0,RED
032302500,23,25,0,0.0,GREEN
032302300,23,23,0,0.0,GREEN
032300101,23,1,1,0.0,GREEN
032300201,23,2,1,0.0,GREEN
032300301,23,3,1,0.0,GREEN
032302601,23,26,1,0.0,GREEN
032302701,23,27,1,0.0,GREEN
032302801,23,28,1,0.0,GREEN
031704703,17,47,3,0.0,GREEN
031704903,17,49,3,0.0,GREEN
031705003,17,50,3,0.0,GREEN
031705103,17,51,3,100.0,RED
031705503,17,55,3,100.0,RED
031706503,17,65,3,100.0,RED
031706703,17,67,3,100.0,RED
031706803,17,68,3,100.0,RED
031707103,17,71,3,0.0,GREEN
031707203,17,72,3,0.0,GREEN
031707303,17,73,3,0.0,GREEN
031800101,18,1,1,0.0,GREEN
031800201,18,2,1,0.0,GREEN
031800301,18,3,1,0.0,GREEN
031800401,18,4,1,0.0,GREEN
031801401,18,14,1,100.0,RED
031802601,18,26,1,0.0,GREEN
031802701,18,27,1,0.0,GREEN
032302100,23,21,0,0.0,GREEN
032301603,23,16,3,0.0,GREEN
032304501,23,45,1,100.0,RED
031802801,18,28,1,0.0,GREEN
031803601,18,36,1,100.0,RED
031805201,18,52,1,100.0,RED
031805501,18,55,1,100.0,RED
031806901,18,69,1,100.0,RED
031807101,18,71,1,0.0,GREEN
031807201,18,72,1,0.0,GREEN
031807301,18,73,1,0.0,GREEN
031800302,18,3,2,0.0,GREEN
031800402,18,4,2,100.0,RED
032400600,24,6,0,0.0,GREEN
032200700,22,7,0,0.0,GREEN
032300102,23,1,2,0.0,GREEN
032300202,23,2,2,0.0,GREEN
032300402,23,4,2,0.0,GREEN
032300802,23,8,2,100.0,RED
032302602,23,26,2,0.0,GREEN
032302702,23,27,2,0.0,GREEN
031801402,18,14,2,200.0,RED
031801602,18,16,2,100.0,RED
031802402,18,24,2,100.0,RED
031802602,18,26,2,100.0,RED
031802802,18,28,2,0.0,GREEN
031804002,18,40,2,100.0,RED
031804202,18,42,2,100.0,RED
032401200,24,12,0,0.0,GREEN
032101700,21,17,0,0.0,GREEN
032301203,23,12,3,100.0,RED
032302103,23,21,3,100.0,RED
031807102,18,71,2,0.0,GREEN
031807202,18,72,2,0.0,GREEN
031807302,18,73,2,0.0,GREEN
031800303,18,3,3,0.0,GREEN
031800503,18,5,3,0.0,GREEN
031800703,18,7,3,0.0,GREEN
031800803,18,8,3,100.0,RED
031801003,18,10,3,0.0,GREEN
031801103,18,11,3,100.0,RED
031801303,18,13,3,100.0,RED
031801403,18,14,3,100.0,RED
031801603,18,16,3,100.0,RED
031801903,18,19,3,100.0,RED
031802403,18,24,3,0.0,GREEN
031802703,18,27,3,0.0,GREEN
031803403,18,34,3,0.0,GREEN
031803703,18,37,3,0.0,GREEN
031804103,18,41,3,0.0,GREEN
031804503,18,45,3,100.0,RED
031804803,18,48,3,0.0,GREEN
032302403,23,24,3,0.0,GREEN
032303003,23,30,3,100.0,RED
032303103,23,31,3,100.0,RED
032307003,23,70,3,100.0,RED
032400200,24,2,0,400.0,RED
032400400,24,4,0,0.0,GREEN
031805003,18,50,3,0.0,GREEN
031805103,18,51,3,0.0,GREEN
031805303,18,53,3,100.0,RED
031805703,18,57,3,100.0,RED
031806003,18,60,3,100.0,RED
031806103,18,61,3,0.0,GREEN
031806203,18,62,3,0.0,GREEN
031806303,18,63,3,100.0,RED
031806603,18,66,3,100.0,RED
031807103,18,71,3,0.0,GREEN
031807203,18,72,3,0.0,GREEN
031807303,18,73,3,0.0,GREEN
031900301,19,3,1,0.0,GREEN
031900501,19,5,1,100.0,RED
031901601,19,16,1,100.0,RED
032307301,23,73,1,100.0,RED
032401800,24,18,0,0.0,GREEN
032400700,24,7,0,0.0,GREEN
032400900,24,9,0,0.0,GREEN
032401100,24,11,0,0.0,GREEN
032401600,24,16,0,0.0,GREEN
032401900,24,19,0,0.0,GREEN
032402100,24,21,0,0.0,GREEN
032402200,24,22,0,0.0,GREEN
032402500,24,25,0,0.0,GREEN
032402700,24,27,0,0.0,GREEN
032402800,24,28,0,0.0,GREEN
032402900,24,29,0,0.0,GREEN
032403000,24,30,0,0.0,GREEN
032403100,24,31,0,0.0,GREEN
032403200,24,32,0,0.0,GREEN
032403300,24,33,0,0.0,GREEN
032403400,24,34,0,0.0,GREEN
032403500,24,35,0,0.0,GREEN
032403700,24,37,0,0.0,GREEN
031902701,19,27,1,0.0,GREEN
031902801,19,28,1,0.0,GREEN
032400800,24,8,0,0.0,GREEN
032400501,24,5,1,100.0,RED
032400601,24,6,1,100.0,RED
032401701,24,17,1,0.0,GREEN
032402601,24,26,1,0.0,GREEN
032402701,24,27,1,0.0,GREEN
032402801,24,28,1,0.0,GREEN
032402901,24,29,1,0.0,GREEN
032403001,24,30,1,0.0,GREEN
032403101,24,31,1,0.0,GREEN
032403201,24,32,1,0.0,GREEN
032403301,24,33,1,0.0,GREEN
032403401,24,34,1,0.0,GREEN
032403501,24,35,1,0.0,GREEN
032403601,24,36,1,0.0,GREEN
032403701,24,37,1,0.0,GREEN
031907101,19,71,1,0.0,GREEN
031907201,19,72,1,0.0,GREEN
031907301,19,73,1,0.0,GREEN
031900202,19,2,2,0.0,GREEN
031900302,19,3,2,0.0,GREEN
031900402,19,4,2,0.0,GREEN
031901302,19,13,2,100.0,RED
031901802,19,18,2,100.0,RED
032100202,21,2,2,0.0,GREEN
032101800,21,18,0,0.0,GREEN
032405901,24,59,1,100.0,RED
032406301,24,63,1,100.0,RED
031907102,19,71,2,0.0,GREEN
031907202,19,72,2,0.0,GREEN
031907302,19,73,2,0.0,GREEN
031902603,19,26,3,0.0,GREEN
031902703,19,27,3,100.0,RED
031902803,19,28,3,0.0,GREEN
032302200,23,22,0,0.0,GREEN
032201700,22,17,0,0.0,GREEN
032400802,24,8,2,100.0,RED
032400902,24,9,2,0.0,GREEN
032401402,24,14,2,100.0,RED
032401502,24,15,2,0.0,GREEN
032401602,24,16,2,0.0,GREEN
032402602,24,26,2,0.0,GREEN
032402702,24,27,2,0.0,GREEN
032402802,24,28,2,0.0,GREEN
032402902,24,29,2,0.0,GREEN
032403102,24,31,2,0.0,GREEN
032403202,24,32,2,0.0,GREEN
032403302,24,33,2,0.0,GREEN
032403402,24,34,2,0.0,GREEN
032403502,24,35,2,0.0,GREEN
032403602,24,36,2,0.0,GREEN
032403702,24,37,2,0.0,GREEN
032404202,24,42,2,100.0,RED
032405702,24,57,2,100.0,RED
031907103,19,71,3,0.0,GREEN
031907203,19,72,3,0.0,GREEN
031907303,19,73,3,0.0,GREEN
032200500,22,5,0,0.0,GREEN
032405902,24,59,2,0.0,GREEN
032101600,21,16,0,0.0,GREEN
032400103,24,1,3,0.0,GREEN
032402603,24,26,3,0.0,GREEN
032402703,24,27,3,0.0,GREEN
032402803,24,28,3,0.0,GREEN
032403003,24,30,3,0.0,GREEN
032403103,24,31,3,0.0,GREEN
032403203,24,32,3,0.0,GREEN
032403303,24,33,3,0.0,GREEN
032403403,24,34,3,0.0,GREEN
032403503,24,35,3,0.0,GREEN
032403603,24,36,3,0.0,GREEN
032403703,24,37,3,0.0,GREEN
032100100,21,1,0,0.0,GREEN
032100200,21,2,0,0.0,GREEN
032100300,21,3,0,0.0,GREEN
032100400,21,4,0,0.0,GREEN
032100500,21,5,0,0.0,GREEN
032100600,21,6,0,0.0,GREEN
032100700,21,7,0,0.0,GREEN
032100900,21,9,0,0.0,GREEN
032101000,21,10,0,0.0,GREEN
032101100,21,11,0,0.0,GREEN
032101200,21,12,0,0.0,GREEN
032101300,21,13,0,0.0,GREEN
032101400,21,14,0,0.0,GREEN
032101500,21,15,0,0.0,GREEN
032101900,21,19,0,0.0,GREEN
032102000,21,20,0,0.0,GREEN
032102200,21,22,0,0.0,GREEN
032102400,21,24,0,0.0,GREEN
032102700,21,27,0,0.0,GREEN
032102800,21,28,0,0.0,GREEN
032105901,21,59,1,100.0,RED
032100102,21,1,2,0.0,GREEN
032100302,21,3,2,0.0,GREEN
032100402,21,4,2,0.0,GREEN
032101102,21,11,2,100.0,RED
032100703,21,7,3,100.0,RED
032100803,21,8,3,100.0,RED
032103603,21,36,3,100.0,RED
032000100,20,1,0,0.0,GREEN
032000101,20,1,1,0.0,GREEN
032000102,20,1,2,0.0,GREEN
032000200,20,2,0,0.0,GREEN
032000201,20,2,1,0.0,GREEN
032000202,20,2,2,0.0,GREEN
032000300,20,3,0,0.0,GREEN
032000301,20,3,1,0.0,GREEN
032000302,20,3,2,0.0,GREEN
032000400,20,4,0,0.0,GREEN
032000401,20,4,1,0.0,GREEN
032000600,20,6,0,0.0,GREEN
032000802,20,8,2,100.0,RED
032000900,20,9,0,0.0,GREEN
032001000,20,10,0,0.0,GREEN
032001200,20,12,0,0.0,GREEN
032001203,20,12,3,100.0,RED
032001400,20,14,0,0.0,GREEN
032001500,20,15,0,0.0,GREEN
032001600,20,16,0,0.0,GREEN
032001900,20,19,0,0.0,GREEN
032002000,20,20,0,0.0,GREEN
032002300,20,23,0,0.0,GREEN
032002400,20,24,0,0.0,GREEN
032002600,20,26,0,0.0,GREEN
032002601,20,26,1,0.0,GREEN
032002602,20,26,2,0.0,GREEN
032002700,20,27,0,0.0,GREEN
032002701,20,27,1,0.0,GREEN
032002702,20,27,2,0.0,GREEN
032002800,20,28,0,0.0,GREEN
032002801,20,28,1,0.0,GREEN
032002802,20,28,2,0.0,GREEN
032007400,20,74,0,0.0,GREEN
032007401,20,74,1,0.0,GREEN
032007402,20,74,2,0.0,GREEN
032007403,20,74,3,0.0,GREEN
032007500,20,75,0,0.0,GREEN
032007600,20,76,0,0.0,GREEN
032000500,20,5,0,0.0,GREEN
032901903,29,19,3,0.0,GREEN
032600602,26,6,2,0.0,GREEN
031806701,18,67,1,100.0,RED
031902601,19,26,1,0.0,GREEN
031804203,18,42,3,0.0,GREEN
031802603,18,26,3,0.0,GREEN
032401400,24,14,0,0.0,GREEN
031802103,18,21,3,0.0,GREEN
032407406,24,74,6,0.0,GREEN
032407501,24,75,1,0.0,GREEN
032407502,24,75,2,0.0,GREEN
032407503,24,75,3,0.0,GREEN
032407504,24,75,4,0.0,GREEN
032407505,24,75,5,0.0,GREEN
032407601,24,76,1,0.0,GREEN
032407605,24,76,5,0.0,GREEN
032407606,24,76,6,0.0,GREEN
032407702,24,77,2,0.0,GREEN
032407703,24,77,3,0.0,GREEN
032407704,24,77,4,0.0,GREEN
032407705,24,77,5,0.0,GREEN
032407706,24,77,6,0.0,GREEN
032407802,24,78,2,0.0,GREEN
032708402,27,84,2,100.0,RED
032407803,24,78,3,0.0,GREEN
032407804,24,78,4,0.0,GREEN
032407805,24,78,5,0.0,GREEN
032407806,24,78,6,0.0,GREEN
032407902,24,79,2,0.0,GREEN
032407903,24,79,3,0.0,GREEN
032407904,24,79,4,0.0,GREEN
032407905,24,79,5,0.0,GREEN
032407906,24,79,6,0.0,GREEN
032408003,24,80,3,0.0,GREEN
032408004,24,80,4,0.0,GREEN
032408005,24,80,5,0.0,GREEN
032408006,24,80,6,0.0,GREEN
032408103,24,81,3,0.0,GREEN
032408104,24,81,4,0.0,GREEN
032408105,24,81,5,0.0,GREEN
032408106,24,81,6,0.0,GREEN
032408203,24,82,3,0.0,GREEN
032408204,24,82,4,0.0,GREEN
032408205,24,82,5,0.0,GREEN
032408206,24,82,6,0.0,GREEN
032408302,24,83,2,0.0,GREEN
032408303,24,83,3,0.0,GREEN
032408304,24,83,4,0.0,GREEN
032408305,24,83,5,0.0,GREEN
032408306,24,83,6,0.0,GREEN
032408402,24,84,2,0.0,GREEN
032408403,24,84,3,0.0,GREEN
032408404,24,84,4,0.0,GREEN
032408405,24,84,5,0.0,GREEN
032408406,24,84,6,0.0,GREEN
032408502,24,85,2,0.0,GREEN
032408503,24,85,3,0.0,GREEN
032408504,24,85,4,0.0,GREEN
032408505,24,85,5,0.0,GREEN
032408506,24,85,6,0.0,GREEN
032408602,24,86,2,0.0,GREEN
032408603,24,86,3,0.0,GREEN
032408604,24,86,4,0.0,GREEN
032408605,24,86,5,0.0,GREEN
032408606,24,86,6,0.0,GREEN
032408702,24,87,2,0.0,GREEN
032408703,24,87,3,0.0,GREEN
032408704,24,87,4,0.0,GREEN
032408705,24,87,5,0.0,GREEN
032408706,24,87,6,0.0,GREEN
032408802,24,88,2,0.0,GREEN
032408803,24,88,3,0.0,GREEN
032408804,24,88,4,0.0,GREEN
032408805,24,88,5,0.0,GREEN
032407500,24,75,0,0.0,GREEN
032407600,24,76,0,0.0,GREEN
032408000,24,80,0,0.0,GREEN
032408100,24,81,0,0.0,GREEN
032408200,24,82,0,0.0,GREEN
032408300,24,83,0,0.0,GREEN
032408400,24,84,0,0.0,GREEN
032408500,24,85,0,0.0,GREEN
032408600,24,86,0,0.0,GREEN
032408800,24,88,0,0.0,GREEN
032408806,24,88,6,0.0,GREEN
032808404,28,84,4,100.0,RED
032808904,28,89,4,100.0,RED
032809004,28,90,4,100.0,RED
032508001,25,80,1,100.0,RED
031805903,18,59,3,0.0,GREEN
032607701,26,77,1,0.0,GREEN
032607702,26,77,2,0.0,GREEN
032607801,26,78,1,0.0,GREEN
032607802,26,78,2,0.0,GREEN
032607901,26,79,1,0.0,GREEN
032607902,26,79,2,0.0,GREEN
032608001,26,80,1,0.0,GREEN
032608002,26,80,2,0.0,GREEN
032707701,27,77,1,0.0,GREEN
032707702,27,77,2,0.0,GREEN
032707801,27,78,1,0.0,GREEN
032707802,27,78,2,0.0,GREEN
032707901,27,79,1,0.0,GREEN
032707902,27,79,2,0.0,GREEN
032708001,27,80,1,0.0,GREEN
032708002,27,80,2,0.0,GREEN
032807701,28,77,1,0.0,GREEN
032807702,28,77,2,0.0,GREEN
032807801,28,78,1,0.0,GREEN
032807802,28,78,2,0.0,GREEN
032807901,28,79,1,0.0,GREEN
032807902,28,79,2,0.0,GREEN
032808001,28,80,1,0.0,GREEN
032808002,28,80,2,0.0,GREEN
032907701,29,77,1,0.0,GREEN
032907702,29,77,2,0.0,GREEN
032907801,29,78,1,0.0,GREEN
032907802,29,78,2,0.0,GREEN
032907901,29,79,1,0.0,GREEN
032907902,29,79,2,0.0,GREEN
032908001,29,80,1,0.0,GREEN
032908002,29,80,2,0.0,GREEN
032607700,26,77,0,0.0,GREEN
032607800,26,78,0,0.0,GREEN
032607900,26,79,0,0.0,GREEN
032608000,26,80,0,0.0,GREEN
032707700,27,77,0,0.0,GREEN
032707800,27,78,0,0.0,GREEN
032707900,27,79,0,0.0,GREEN
032708000,27,80,0,0.0,GREEN
032807700,28,77,0,0.0,GREEN
032807800,28,78,0,0.0,GREEN
032807900,28,79,0,0.0,GREEN
032907700,29,77,0,0.0,GREEN
032907800,29,78,0,0.0,GREEN
032907900,29,79,0,0.0,GREEN
032602704,26,27,4,0.0,GREEN
032703105,27,31,5,0.0,GREEN
032703206,27,32,6,100.0,RED
032703706,27,37,6,0.0,GREEN
032703905,27,39,5,0.0,GREEN
032904306,29,43,6,0.0,GREEN
032205406,22,54,6,0.0,GREEN
032205706,22,57,6,0.0,GREEN
032207004,22,70,4,100.0,RED
032207104,22,71,4,100.0,RED
032704706,27,47,6,100.0,RED
032704906,27,49,6,100.0,RED
032705006,27,50,6,0.0,GREEN
032705106,27,51,6,0.0,GREEN
032705206,27,52,6,0.0,GREEN
032705405,27,54,5,0.0,GREEN
032705406,27,54,6,0.0,GREEN
032705506,27,55,6,100.0,RED
032705605,27,56,5,100.0,RED
032705706,27,57,6,0.0,GREEN
032705806,27,58,6,100.0,RED
032705906,27,59,6,100.0,RED
031900205,19,2,5,0.0,GREEN
031900306,19,3,6,0.0,GREEN
031900105,19,1,5,0.0,GREEN
031900106,19,1,6,100.0,RED
031900204,19,2,4,0.0,GREEN
031900206,19,2,6,0.0,GREEN
031900304,19,3,4,0.0,GREEN
031900305,19,3,5,0.0,GREEN
031900404,19,4,4,0.0,GREEN
031900405,19,4,5,0.0,GREEN
031900406,19,4,6,0.0,GREEN
031900506,19,5,6,0.0,GREEN
031900705,19,7,5,100.0,RED
031900706,19,7,6,0.0,GREEN
031901305,19,13,5,100.0,RED
032300106,23,1,6,0.0,GREEN
032300704,23,7,4,0.0,GREEN
032301606,23,16,6,100.0,RED
032301804,23,18,4,100.0,RED
031902605,19,26,5,0.0,GREEN
031902606,19,26,6,0.0,GREEN
031902704,19,27,4,0.0,GREEN
031902705,19,27,5,0.0,GREEN
031902706,19,27,6,0.0,GREEN
031902804,19,28,4,0.0,GREEN
031902805,19,28,5,0.0,GREEN
031902806,19,28,6,0.0,GREEN
032301806,23,18,6,0.0,GREEN
032302106,23,21,6,100.0,RED
032302604,23,26,4,0.0,GREEN
032302605,23,26,5,0.0,GREEN
032302606,23,26,6,0.0,GREEN
032302806,23,28,6,0.0,GREEN
032303204,23,32,4,100.0,RED
032802405,28,24,5,0.0,GREEN
032802406,28,24,6,0.0,GREEN
032802506,28,25,6,0.0,GREEN
032802906,28,29,6,100.0,RED
032803004,28,30,4,0.0,GREEN
032803206,28,32,6,0.0,GREEN
032803306,28,33,6,0.0,GREEN
032803406,28,34,6,0.0,GREEN
032803504,28,35,4,0.0,GREEN
032803506,28,35,6,0.0,GREEN
032803604,28,36,4,0.0,GREEN
032304006,23,40,6,0.0,GREEN
032304905,23,49,5,100.0,RED
032803806,28,38,6,100.0,RED
032804106,28,41,6,0.0,GREEN
032804306,28,43,6,100.0,RED
032804505,28,45,5,0.0,GREEN
032804604,28,46,4,100.0,RED
032804606,28,46,6,0.0,GREEN
032804704,28,47,4,100.0,RED
032804706,28,47,6,0.0,GREEN
032804906,28,49,6,0.0,GREEN
032805006,28,50,6,0.0,GREEN
032805206,28,52,6,0.0,GREEN
032805306,28,53,6,0.0,GREEN
031907100,19,71,0,0.0,GREEN
031907104,19,71,4,0.0,GREEN
031907105,19,71,5,0.0,GREEN
031907106,19,71,6,0.0,GREEN
031907200,19,72,0,0.0,GREEN
031907204,19,72,4,0.0,GREEN
031907205,19,72,5,0.0,GREEN
031907206,19,72,6,0.0,GREEN
031907300,19,73,0,0.0,GREEN
032305606,23,56,6,0.0,GREEN
032805504,28,55,4,100.0,RED
032805506,28,55,6,100.0,RED
032805804,28,58,4,0.0,GREEN
032806006,28,60,6,0.0,GREEN
031907304,19,73,4,0.0,GREEN
031907305,19,73,5,0.0,GREEN
031907306,19,73,6,0.0,GREEN
032000105,20,1,5,0.0,GREEN
032000306,20,3,6,0.0,GREEN
032000505,20,5,5,100.0,RED
032000705,20,7,5,100.0,RED
032001104,20,11,4,100.0,RED
032001304,20,13,4,100.0,RED
032001406,20,14,6,100.0,RED
032400104,24,1,4,0.0,GREEN
032400105,24,1,5,0.0,GREEN
032400106,24,1,6,0.0,GREEN
032400204,24,2,4,0.0,GREEN
032400205,24,2,5,0.0,GREEN
032400206,24,2,6,0.0,GREEN
032400304,24,3,4,0.0,GREEN
032400305,24,3,5,0.0,GREEN
032400306,24,3,6,0.0,GREEN
032400404,24,4,4,0.0,GREEN
032400405,24,4,5,0.0,GREEN
032400406,24,4,6,0.0,GREEN
032400504,24,5,4,0.0,GREEN
032400505,24,5,5,0.0,GREEN
032400506,24,5,6,0.0,GREEN
032400604,24,6,4,0.0,GREEN
032400605,24,6,5,0.0,GREEN
032400606,24,6,6,0.0,GREEN
032400704,24,7,4,0.0,GREEN
032400705,24,7,5,0.0,GREEN
032400706,24,7,6,0.0,GREEN
032400804,24,8,4,0.0,GREEN
032400805,24,8,5,0.0,GREEN
032400806,24,8,6,0.0,GREEN
032400904,24,9,4,0.0,GREEN
032400905,24,9,5,0.0,GREEN
032400906,24,9,6,0.0,GREEN
032401004,24,10,4,0.0,GREEN
032401005,24,10,5,0.0,GREEN
032401006,24,10,6,0.0,GREEN
032401104,24,11,4,0.0,GREEN
032401105,24,11,5,0.0,GREEN
032401106,24,11,6,0.0,GREEN
032401204,24,12,4,0.0,GREEN
032401205,24,12,5,0.0,GREEN
032401206,24,12,6,0.0,GREEN
032401304,24,13,4,0.0,GREEN
032401305,24,13,5,0.0,GREEN
032401306,24,13,6,0.0,GREEN
032401404,24,14,4,0.0,GREEN
032401405,24,14,5,0.0,GREEN
032401406,24,14,6,0.0,GREEN
032401504,24,15,4,0.0,GREEN
032401505,24,15,5,0.0,GREEN
032401506,24,15,6,0.0,GREEN
032401604,24,16,4,0.0,GREEN
032401605,24,16,5,0.0,GREEN
032401606,24,16,6,0.0,GREEN
032401704,24,17,4,0.0,GREEN
032401705,24,17,5,0.0,GREEN
032900206,29,2,6,0.0,GREEN
032900505,29,5,5,0.0,GREEN
032900604,29,6,4,100.0,RED
032900606,29,6,6,0.0,GREEN
032900804,29,8,4,0.0,GREEN
032901006,29,10,6,100.0,RED
032901105,29,11,5,100.0,RED
032901204,29,12,4,0.0,GREEN
032901205,29,12,5,100.0,RED
032901206,29,12,6,100.0,RED
032901305,29,13,5,0.0,GREEN
032901306,29,13,6,100.0,RED
032901406,29,14,6,100.0,RED
032901506,29,15,6,100.0,RED
032002906,20,29,6,0.0,GREEN
032003105,20,31,5,100.0,RED
032401706,24,17,6,0.0,GREEN
032401804,24,18,4,0.0,GREEN
032401805,24,18,5,0.0,GREEN
032401806,24,18,6,0.0,GREEN
032401904,24,19,4,0.0,GREEN
032401905,24,19,5,0.0,GREEN
032401906,24,19,6,0.0,GREEN
032402004,24,20,4,0.0,GREEN
032402005,24,20,5,0.0,GREEN
032402006,24,20,6,0.0,GREEN
032402104,24,21,4,0.0,GREEN
032402105,24,21,5,0.0,GREEN
032402106,24,21,6,0.0,GREEN
032402204,24,22,4,0.0,GREEN
032402205,24,22,5,0.0,GREEN
032402206,24,22,6,0.0,GREEN
032402304,24,23,4,0.0,GREEN
032402305,24,23,5,0.0,GREEN
032402306,24,23,6,0.0,GREEN
032402404,24,24,4,0.0,GREEN
032402405,24,24,5,0.0,GREEN
032402406,24,24,6,0.0,GREEN
032402504,24,25,4,0.0,GREEN
032402505,24,25,5,0.0,GREEN
032402506,24,25,6,0.0,GREEN
032402604,24,26,4,0.0,GREEN
032402605,24,26,5,0.0,GREEN
032402606,24,26,6,0.0,GREEN
032402704,24,27,4,0.0,GREEN
032402705,24,27,5,0.0,GREEN
032402706,24,27,6,0.0,GREEN
032402804,24,28,4,0.0,GREEN
032402805,24,28,5,0.0,GREEN
032402806,24,28,6,0.0,GREEN
032402904,24,29,4,0.0,GREEN
032402905,24,29,5,0.0,GREEN
032402906,24,29,6,0.0,GREEN
032403004,24,30,4,0.0,GREEN
032403005,24,30,5,0.0,GREEN
032403006,24,30,6,0.0,GREEN
032403104,24,31,4,0.0,GREEN
032403105,24,31,5,0.0,GREEN
032403106,24,31,6,0.0,GREEN
032403204,24,32,4,0.0,GREEN
032403205,24,32,5,0.0,GREEN
032403206,24,32,6,0.0,GREEN
032403304,24,33,4,0.0,GREEN
032403305,24,33,5,0.0,GREEN
032403306,24,33,6,0.0,GREEN
032403404,24,34,4,0.0,GREEN
032403405,24,34,5,0.0,GREEN
032403406,24,34,6,0.0,GREEN
032403504,24,35,4,0.0,GREEN
032403505,24,35,5,0.0,GREEN
032403506,24,35,6,0.0,GREEN
032901904,29,19,4,0.0,GREEN
032902606,29,26,6,0.0,GREEN
032903406,29,34,6,100.0,RED
032903604,29,36,4,0.0,GREEN
032903606,29,36,6,0.0,GREEN
032503005,25,30,5,0.0,GREEN
032306606,23,66,6,0.0,GREEN
032004405,20,44,5,100.0,RED
032005204,20,52,4,100.0,RED
032403604,24,36,4,0.0,GREEN
032403605,24,36,5,0.0,GREEN
032403606,24,36,6,0.0,GREEN
032403704,24,37,4,0.0,GREEN
032403705,24,37,5,0.0,GREEN
032403706,24,37,6,0.0,GREEN
032403804,24,38,4,0.0,GREEN
032403805,24,38,5,0.0,GREEN
032403806,24,38,6,0.0,GREEN
032403904,24,39,4,0.0,GREEN
032403905,24,39,5,0.0,GREEN
032403906,24,39,6,0.0,GREEN
032404004,24,40,4,0.0,GREEN
032404005,24,40,5,0.0,GREEN
032404006,24,40,6,0.0,GREEN
032404104,24,41,4,0.0,GREEN
032404105,24,41,5,0.0,GREEN
032404106,24,41,6,0.0,GREEN
032404204,24,42,4,0.0,GREEN
032404205,24,42,5,0.0,GREEN
032404206,24,42,6,0.0,GREEN
032404304,24,43,4,0.0,GREEN
032404305,24,43,5,0.0,GREEN
032404306,24,43,6,0.0,GREEN
032404404,24,44,4,0.0,GREEN
032404405,24,44,5,0.0,GREEN
032404406,24,44,6,0.0,GREEN
032404504,24,45,4,0.0,GREEN
032404505,24,45,5,0.0,GREEN
032404506,24,45,6,0.0,GREEN
032404604,24,46,4,0.0,GREEN
032404605,24,46,5,0.0,GREEN
032404606,24,46,6,0.0,GREEN
032404704,24,47,4,0.0,GREEN
032404705,24,47,5,0.0,GREEN
032404706,24,47,6,0.0,GREEN
032404804,24,48,4,0.0,GREEN
032404805,24,48,5,0.0,GREEN
032404806,24,48,6,0.0,GREEN
032404904,24,49,4,0.0,GREEN
032404905,24,49,5,0.0,GREEN
032404906,24,49,6,0.0,GREEN
032405005,24,50,5,100.0,RED
032405006,24,50,6,100.0,RED
032903706,29,37,6,0.0,GREEN
032903806,29,38,6,0.0,GREEN
032903906,29,39,6,0.0,GREEN
032904006,29,40,6,0.0,GREEN
032904106,29,41,6,0.0,GREEN
032904206,29,42,6,0.0,GREEN
032904605,29,46,5,0.0,GREEN
032904706,29,47,6,0.0,GREEN
032904805,29,48,5,0.0,GREEN
032904806,29,48,6,0.0,GREEN
032904905,29,49,5,0.0,GREEN
032905404,29,54,4,100.0,RED
032006706,20,67,6,100.0,RED
032006804,20,68,4,100.0,RED
032007004,20,70,4,100.0,RED
032007104,20,71,4,0.0,GREEN
032905606,29,56,6,0.0,GREEN
032007206,20,72,6,100.0,RED
032007304,20,73,4,0.0,GREEN
032100104,21,1,4,0.0,GREEN
032100105,21,1,5,0.0,GREEN
032100106,21,1,6,0.0,GREEN
032100204,21,2,4,0.0,GREEN
032100205,21,2,5,0.0,GREEN
032100206,21,2,6,0.0,GREEN
032100304,21,3,4,0.0,GREEN
032100305,21,3,5,0.0,GREEN
032100306,21,3,6,0.0,GREEN
032100404,21,4,4,0.0,GREEN
032100405,21,4,5,0.0,GREEN
032100406,21,4,6,0.0,GREEN
032100904,21,9,4,0.0,GREEN
032101105,21,11,5,100.0,RED
032101405,21,14,5,100.0,RED
032500105,25,1,5,0.0,GREEN
032500106,25,1,6,0.0,GREEN
032500706,25,7,6,0.0,GREEN
032502406,25,24,6,100.0,RED
032502605,25,26,5,0.0,GREEN
032906001,29,60,1,100.0,RED
032804406,28,44,6,0.0,GREEN
032803906,28,39,6,100.0,RED
032900504,29,5,4,0.0,GREEN
032101804,21,18,4,100.0,RED
032102606,21,26,6,0.0,GREEN
032102804,21,28,4,0.0,GREEN
032502606,25,26,6,0.0,GREEN
032502705,25,27,5,0.0,GREEN
032502706,25,27,6,0.0,GREEN
032502805,25,28,5,0.0,GREEN
032502806,25,28,6,0.0,GREEN
032502905,25,29,5,0.0,GREEN
032502906,25,29,6,0.0,GREEN
032503006,25,30,6,0.0,GREEN
032503105,25,31,5,0.0,GREEN
032503106,25,31,6,0.0,GREEN
032503205,25,32,5,100.0,RED
032503806,25,38,6,100.0,RED
032503906,25,39,6,100.0,RED
032504006,25,40,6,100.0,RED
032504206,25,42,6,100.0,RED
032504306,25,43,6,100.0,RED
032504406,25,44,6,100.0,RED
032504606,25,46,6,100.0,RED
032504906,25,49,6,100.0,RED
032505106,25,51,6,100.0,RED
032505206,25,52,6,100.0,RED
031704901,17,49,1,100.0,RED
032603105,26,31,5,0.0,GREEN
032505405,25,54,5,0.0,GREEN
032505706,25,57,6,100.0,RED
032506106,25,61,6,100.0,RED
032506306,25,63,6,0.0,GREEN
032506406,25,64,6,100.0,RED
032506606,25,66,6,0.0,GREEN
032506706,25,67,6,100.0,RED
032600105,26,1,5,0.0,GREEN
032600106,26,1,6,0.0,GREEN
032302704,23,27,4,0.0,GREEN
032506506,25,65,6,0.0,GREEN
032105804,21,58,4,100.0,RED
032106306,21,63,6,0.0,GREEN
032106406,21,64,6,0.0,GREEN
032603006,26,30,6,0.0,GREEN
032803105,28,31,5,0.0,GREEN
032200104,22,1,4,0.0,GREEN
032200105,22,1,5,0.0,GREEN
032200106,22,1,6,0.0,GREEN
032200204,22,2,4,0.0,GREEN
032200205,22,2,5,100.0,RED
032200206,22,2,6,100.0,RED
032200304,22,3,4,0.0,GREEN
032200305,22,3,5,0.0,GREEN
032200306,22,3,6,0.0,GREEN
032200404,22,4,4,100.0,RED
032200405,22,4,5,0.0,GREEN
032200406,22,4,6,0.0,GREEN
032604705,26,47,5,0.0,GREEN
032604906,26,49,6,0.0,GREEN
032605606,26,56,6,0.0,GREEN
032202604,22,26,4,0.0,GREEN
032202605,22,26,5,0.0,GREEN
032202606,22,26,6,0.0,GREEN
032202705,22,27,5,0.0,GREEN
032202706,22,27,6,100.0,RED
032202804,22,28,4,0.0,GREEN
032202805,22,28,5,0.0,GREEN
032202806,22,28,6,0.0,GREEN
032203206,22,32,6,0.0,GREEN
031805403,18,54,3,100.0,RED
031701103,17,11,3,0.0,GREEN
032705304,27,53,4,100.0,RED
032402110,24,21,10,0.0,GREEN
032402610,24,26,10,0.0,GREEN
031700903,17,9,3,0.0,GREEN
034600800,46,8,0,0.0,GREEN
034603000,46,30,0,0.0,GREEN
034406106,44,61,6,0.0,GREEN
034405404,44,54,4,0.0,GREEN
034805810,48,58,10,0.0,GREEN
034404905,44,49,5,0.0,GREEN
034404006,44,40,6,0.0,GREEN
034814812,48,148,12,0.0,GREEN
034815012,48,150,12,0.0,GREEN
034403400,44,34,0,0.0,GREEN
034813512,48,135,12,0.0,GREEN
034402900,44,29,0,0.0,GREEN
034602900,46,29,0,0.0,GREEN
034406600,44,66,0,0.0,GREEN
034602100,46,21,0,0.0,GREEN
034502400,45,24,0,0.0,GREEN
034810213,48,102,13,0.0,GREEN
034503400,45,34,0,0.0,GREEN
034501000,45,10,0,0.0,GREEN
034405201,44,52,1,0.0,GREEN
034404700,44,47,0,0.0,GREEN
034402404,44,24,4,0.0,GREEN
034816911,48,169,11,0.0,GREEN
034801811,48,18,11,0.0,GREEN
034605011,46,50,11,100.0,RED
034808811,48,88,11,0.0,GREEN
034602800,46,28,0,0.0,GREEN
034405503,44,55,3,0.0,GREEN
034406500,44,65,0,0.0,GREEN
034505210,45,52,10,0.0,GREEN
034502200,45,22,0,0.0,GREEN
034603700,46,37,0,0.0,GREEN
034407105,44,71,5,0.0,GREEN
034813811,48,138,11,0.0,GREEN
034502500,45,25,0,0.0,GREEN
034808311,48,83,11,0.0,GREEN
034815310,48,153,10,0.0,GREEN
034816113,48,161,13,0.0,GREEN
034601000,46,10,0,0.0,GREEN
034405700,44,57,0,0.0,GREEN
034500600,45,6,0,0.0,GREEN
034401101,44,11,1,0.0,GREEN
034401102,44,11,2,0.0,GREEN
034401103,44,11,3,0.0,GREEN
034401104,44,11,4,0.0,GREEN
034401105,44,11,5,0.0,GREEN
034401106,44,11,6,0.0,GREEN
034200500,42,5,0,0.0,GREEN
034101700,41,17,0,0.0,GREEN
034406201,44,62,1,0.0,GREEN
034406202,44,62,2,0.0,GREEN
034406203,44,62,3,0.0,GREEN
034406204,44,62,4,0.0,GREEN
034406205,44,62,5,0.0,GREEN
034406206,44,62,6,0.0,GREEN
034802810,48,28,10,0.0,GREEN
034802811,48,28,11,0.0,GREEN
034802812,48,28,12,0.0,GREEN
034802813,48,28,13,0.0,GREEN
034802711,48,27,11,0.0,GREEN
034802712,48,27,12,0.0,GREEN
034802713,48,27,13,0.0,GREEN
034802610,48,26,10,0.0,GREEN
034802612,48,26,12,0.0,GREEN
034802613,48,26,13,0.0,GREEN
034801205,48,12,5,0.0,GREEN
034801206,48,12,6,0.0,GREEN
034406300,44,63,0,0.0,GREEN
034406301,44,63,1,0.0,GREEN
034406302,44,63,2,0.0,GREEN
034406303,44,63,3,0.0,GREEN
034406305,44,63,5,0.0,GREEN
034406306,44,63,6,0.0,GREEN
034802510,48,25,10,0.0,GREEN
034802511,48,25,11,0.0,GREEN
034802512,48,25,12,0.0,GREEN
034802513,48,25,13,0.0,GREEN
034802410,48,24,10,0.0,GREEN
034802411,48,24,11,0.0,GREEN
034802412,48,24,12,0.0,GREEN
034802413,48,24,13,0.0,GREEN
034402202,44,22,2,0.0,GREEN
034402203,44,22,3,0.0,GREEN
034402204,44,22,4,0.0,GREEN
034402205,44,22,5,0.0,GREEN
034402206,44,22,6,0.0,GREEN
034812010,48,120,10,0.0,GREEN
034805200,48,52,0,0.0,GREEN
034805201,48,52,1,100.0,RED
034805202,48,52,2,0.0,GREEN
034808110,48,81,10,0.0,GREEN
034808111,48,81,11,0.0,GREEN
034808112,48,81,12,0.0,GREEN
034808113,48,81,13,0.0,GREEN
034808010,48,80,10,0.0,GREEN
034808011,48,80,11,0.0,GREEN
034808012,48,80,12,0.0,GREEN
034808013,48,80,13,0.0,GREEN
034404000,44,40,0,0.0,GREEN
034404001,44,40,1,0.0,GREEN
034404002,44,40,2,0.0,GREEN
034404003,44,40,3,0.0,GREEN
034404004,44,40,4,0.0,GREEN
034404005,44,40,5,0.0,GREEN
034202200,42,22,0,0.0,GREEN
034814710,48,147,10,0.0,GREEN
034807910,48,79,10,0.0,GREEN
034807911,48,79,11,0.0,GREEN
034807912,48,79,12,0.0,GREEN
034807913,48,79,13,0.0,GREEN
034807810,48,78,10,0.0,GREEN
034807811,48,78,11,0.0,GREEN
034807812,48,78,12,0.0,GREEN
034807813,48,78,13,0.0,GREEN
034404101,44,41,1,0.0,GREEN
034404102,44,41,2,0.0,GREEN
034404103,44,41,3,0.0,GREEN
034404104,44,41,4,0.0,GREEN
034404105,44,41,5,0.0,GREEN
034404106,44,41,6,0.0,GREEN
034202300,42,23,0,0.0,GREEN
034807710,48,77,10,0.0,GREEN
034807711,48,77,11,0.0,GREEN
034801105,48,11,5,0.0,GREEN
034801106,48,11,6,0.0,GREEN
034504300,45,43,0,0.0,GREEN
034504301,45,43,1,0.0,GREEN
034504302,45,43,2,0.0,GREEN
034504303,45,43,3,0.0,GREEN
034504304,45,43,4,0.0,GREEN
034504305,45,43,5,0.0,GREEN
034406400,44,64,0,0.0,GREEN
034406401,44,64,1,0.0,GREEN
034406402,44,64,2,0.0,GREEN
034406403,44,64,3,0.0,GREEN
034406404,44,64,4,0.0,GREEN
034406405,44,64,5,0.0,GREEN
034406406,44,64,6,0.0,GREEN
034802311,48,23,11,0.0,GREEN
034802312,48,23,12,0.0,GREEN
034802313,48,23,13,0.0,GREEN
034802210,48,22,10,0.0,GREEN
034802211,48,22,11,0.0,GREEN
034802212,48,22,12,0.0,GREEN
034802213,48,22,13,0.0,GREEN
034801004,48,10,4,100.0,RED
034801006,48,10,6,0.0,GREEN
034504200,45,42,0,0.0,GREEN
034504201,45,42,1,0.0,GREEN
034504202,45,42,2,0.0,GREEN
034504203,45,42,3,0.0,GREEN
034504204,45,42,4,0.0,GREEN
034504205,45,42,5,0.0,GREEN
034406501,44,65,1,0.0,GREEN
034406502,44,65,2,0.0,GREEN
034406503,44,65,3,0.0,GREEN
034406504,44,65,4,0.0,GREEN
034406505,44,65,5,0.0,GREEN
034406506,44,65,6,0.0,GREEN
034802110,48,21,10,0.0,GREEN
034802111,48,21,11,0.0,GREEN
034802112,48,21,12,0.0,GREEN
034802113,48,21,13,0.0,GREEN
034402300,44,23,0,0.0,GREEN
034402301,44,23,1,0.0,GREEN
034402302,44,23,2,0.0,GREEN
034402303,44,23,3,0.0,GREEN
034402304,44,23,4,0.0,GREEN
034402306,44,23,6,0.0,GREEN
034100500,41,5,0,0.0,GREEN
034811910,48,119,10,0.0,GREEN
034811710,48,117,10,0.0,GREEN
034807712,48,77,12,0.0,GREEN
034807713,48,77,13,0.0,GREEN
034807610,48,76,10,0.0,GREEN
034807611,48,76,11,0.0,GREEN
034807612,48,76,12,0.0,GREEN
034807613,48,76,13,0.0,GREEN
034807510,48,75,10,0.0,GREEN
034807511,48,75,11,0.0,GREEN
034807512,48,75,12,0.0,GREEN
034807513,48,75,13,0.0,GREEN
034803300,48,33,0,0.0,GREEN
034404200,44,42,0,0.0,GREEN
034404201,44,42,1,0.0,GREEN
034404202,44,42,2,0.0,GREEN
034404204,44,42,4,0.0,GREEN
034404205,44,42,5,0.0,GREEN
034404206,44,42,6,0.0,GREEN
034202400,42,24,0,0.0,GREEN
034807410,48,74,10,0.0,GREEN
034807411,48,74,11,0.0,GREEN
034807413,48,74,13,0.0,GREEN
034807312,48,73,12,0.0,GREEN
034814711,48,147,11,0.0,GREEN
034814712,48,147,12,0.0,GREEN
034814610,48,146,10,0.0,GREEN
034814611,48,146,11,0.0,GREEN
034814612,48,146,12,0.0,GREEN
034814613,48,146,13,0.0,GREEN
034814510,48,145,10,0.0,GREEN
034814511,48,145,11,0.0,GREEN
034814512,48,145,12,0.0,GREEN
034814513,48,145,13,0.0,GREEN
034806300,48,63,0,0.0,GREEN
034806302,48,63,2,100.0,RED
034806304,48,63,4,100.0,RED
034401200,44,12,0,0.0,GREEN
034401201,44,12,1,0.0,GREEN
034401202,44,12,2,0.0,GREEN
034401203,44,12,3,0.0,GREEN
034401204,44,12,4,0.0,GREEN
034401205,44,12,5,0.0,GREEN
034401206,44,12,6,0.0,GREEN
034200600,42,6,0,0.0,GREEN
034805100,48,51,0,0.0,GREEN
034402400,44,24,0,0.0,GREEN
034402401,44,24,1,0.0,GREEN
034402402,44,24,2,0.0,GREEN
034402403,44,24,3,0.0,GREEN
034402405,44,24,5,0.0,GREEN
034402406,44,24,6,0.0,GREEN
034201300,42,13,0,0.0,GREEN
034100400,41,4,0,0.0,GREEN
034811610,48,116,10,0.0,GREEN
034807313,48,73,13,0.0,GREEN
034404300,44,43,0,0.0,GREEN
034404301,44,43,1,0.0,GREEN
034404302,44,43,2,0.0,GREEN
034404303,44,43,3,0.0,GREEN
034404305,44,43,5,0.0,GREEN
034404306,44,43,6,0.0,GREEN
034807210,48,72,10,0.0,GREEN
034807211,48,72,11,0.0,GREEN
034807212,48,72,12,0.0,GREEN
034807213,48,72,13,0.0,GREEN
034807110,48,71,10,0.0,GREEN
034807111,48,71,11,0.0,GREEN
034807112,48,71,12,0.0,GREEN
034807113,48,71,13,0.0,GREEN
034605101,46,51,1,100.0,RED
034101600,41,16,0,0.0,GREEN
034814410,48,144,10,0.0,GREEN
034814411,48,144,11,0.0,GREEN
034814412,48,144,12,0.0,GREEN
034814310,48,143,10,0.0,GREEN
034814311,48,143,11,0.0,GREEN
034814312,48,143,12,0.0,GREEN
034814313,48,143,13,0.0,GREEN
034806200,48,62,0,0.0,GREEN
034401300,44,13,0,0.0,GREEN
034401301,44,13,1,0.0,GREEN
034401302,44,13,2,0.0,GREEN
034401303,44,13,3,0.0,GREEN
034401304,44,13,4,0.0,GREEN
034401305,44,13,5,0.0,GREEN
034401306,44,13,6,0.0,GREEN
034805003,48,50,3,0.0,GREEN
034402500,44,25,0,0.0,GREEN
034402501,44,25,1,0.0,GREEN
034402503,44,25,3,0.0,GREEN
034402504,44,25,4,0.0,GREEN
034402505,44,25,5,0.0,GREEN
034402506,44,25,6,0.0,GREEN
034201400,42,14,0,0.0,GREEN
034811410,48,114,10,0.0,GREEN
034404400,44,44,0,0.0,GREEN
034404401,44,44,1,0.0,GREEN
034404402,44,44,2,0.0,GREEN
034404403,44,44,3,0.0,GREEN
034404404,44,44,4,0.0,GREEN
034404406,44,44,6,0.0,GREEN
034807010,48,70,10,0.0,GREEN
034807011,48,70,11,0.0,GREEN
034807012,48,70,12,0.0,GREEN
034807013,48,70,13,0.0,GREEN
034806910,48,69,10,0.0,GREEN
034806912,48,69,12,0.0,GREEN
034806913,48,69,13,0.0,GREEN
034806810,48,68,10,0.0,GREEN
034806811,48,68,11,0.0,GREEN
034806813,48,68,13,0.0,GREEN
034803004,48,30,4,0.0,GREEN
034200700,42,7,0,0.0,GREEN
034101500,41,15,0,0.0,GREEN
034814210,48,142,10,0.0,GREEN
034814211,48,142,11,0.0,GREEN
034814212,48,142,12,0.0,GREEN
034814213,48,142,13,0.0,GREEN
034814110,48,141,10,0.0,GREEN
034814111,48,141,11,0.0,GREEN
034814113,48,141,13,0.0,GREEN
034806100,48,61,0,0.0,GREEN
034806101,48,61,1,0.0,GREEN
034401400,44,14,0,0.0,GREEN
034401401,44,14,1,0.0,GREEN
034401402,44,14,2,0.0,GREEN
034401403,44,14,3,0.0,GREEN
034401404,44,14,4,0.0,GREEN
034401406,44,14,6,0.0,GREEN
034811412,48,114,12,0.0,GREEN
034811413,48,114,13,0.0,GREEN
034811310,48,113,10,0.0,GREEN
034811311,48,113,11,0.0,GREEN
034811312,48,113,12,0.0,GREEN
034811313,48,113,13,0.0,GREEN
034402600,44,26,0,0.0,GREEN
034402601,44,26,1,0.0,GREEN
034402602,44,26,2,0.0,GREEN
034402603,44,26,3,0.0,GREEN
034402606,44,26,6,0.0,GREEN
034201500,42,15,0,0.0,GREEN
034817112,48,171,12,0.0,GREEN
034817110,48,171,10,0.0,GREEN
034817111,48,171,11,0.0,GREEN
034404501,44,45,1,0.0,GREEN
034404503,44,45,3,0.0,GREEN
034404504,44,45,4,0.0,GREEN
034404505,44,45,5,0.0,GREEN
034404506,44,45,6,0.0,GREEN
034806710,48,67,10,0.0,GREEN
034806711,48,67,11,0.0,GREEN
034806713,48,67,13,0.0,GREEN
034806610,48,66,10,0.0,GREEN
034806611,48,66,11,0.0,GREEN
034806612,48,66,12,0.0,GREEN
034806613,48,66,13,0.0,GREEN
034404601,44,46,1,0.0,GREEN
034404602,44,46,2,0.0,GREEN
034404603,44,46,3,0.0,GREEN
034404604,44,46,4,0.0,GREEN
034404605,44,46,5,0.0,GREEN
034404606,44,46,6,0.0,GREEN
034100300,41,3,0,0.0,GREEN
034811210,48,112,10,0.0,GREEN
034811211,48,112,11,0.0,GREEN
034811212,48,112,12,0.0,GREEN
034811213,48,112,13,0.0,GREEN
034811110,48,111,10,0.0,GREEN
034811111,48,111,11,0.0,GREEN
034811113,48,111,13,0.0,GREEN
034811010,48,110,10,0.0,GREEN
034811011,48,110,11,0.0,GREEN
034811012,48,110,12,0.0,GREEN
034811013,48,110,13,0.0,GREEN
034402700,44,27,0,0.0,GREEN
034402701,44,27,1,0.0,GREEN
034402702,44,27,2,0.0,GREEN
034402703,44,27,3,0.0,GREEN
034402704,44,27,4,0.0,GREEN
034402705,44,27,5,0.0,GREEN
034402706,44,27,6,0.0,GREEN
034301100,43,12,0,0.0,GREEN
034817113,48,171,13,0.0,GREEN
034607305,46,73,5,0.0,GREEN
034400100,44,1,0,0.0,GREEN
034400101,44,1,1,0.0,GREEN
034400102,44,1,2,0.0,GREEN
034400103,44,1,3,0.0,GREEN
034400105,44,1,5,0.0,GREEN
034102700,41,27,0,0.0,GREEN
034817010,48,170,10,0.0,GREEN
034817012,48,170,12,0.0,GREEN
034817013,48,170,13,0.0,GREEN
034816910,48,169,10,0.0,GREEN
034816912,48,169,12,0.0,GREEN
034816913,48,169,13,0.0,GREEN
034807300,48,73,0,300.0,RED
034807304,48,73,4,0.0,GREEN
034202600,42,26,0,0.0,GREEN
034806510,48,65,10,0.0,GREEN
034806511,48,65,11,0.0,GREEN
034806512,48,65,12,0.0,GREEN
034806410,48,64,10,0.0,GREEN
034806412,48,64,12,0.0,GREEN
034806413,48,64,13,0.0,GREEN
034404701,44,47,1,0.0,GREEN
034404702,44,47,2,0.0,GREEN
034404703,44,47,3,0.0,GREEN
034404704,44,47,4,0.0,GREEN
034404705,44,47,5,0.0,GREEN
034200800,42,8,0,0.0,GREEN
034101400,41,14,0,0.0,GREEN
034814010,48,140,10,0.0,GREEN
034814011,48,140,11,0.0,GREEN
034814012,48,140,12,0.0,GREEN
034814013,48,140,13,0.0,GREEN
034813910,48,139,10,0.0,GREEN
034813911,48,139,11,0.0,GREEN
034813912,48,139,12,0.0,GREEN
034813913,48,139,13,0.0,GREEN
034813810,48,138,10,0.0,GREEN
034813812,48,138,12,0.0,GREEN
034813813,48,138,13,0.0,GREEN
034806000,48,60,0,0.0,GREEN
034806003,48,60,3,0.0,GREEN
034100200,41,2,0,0.0,GREEN
034100100,41,1,0,0.0,GREEN
034810910,48,109,10,0.0,GREEN
034810911,48,109,11,0.0,GREEN
034810913,48,109,13,0.0,GREEN
034810810,48,108,10,0.0,GREEN
034810811,48,108,11,0.0,GREEN
034810812,48,108,12,0.0,GREEN
034810813,48,108,13,0.0,GREEN
034402800,44,28,0,0.0,GREEN
034402801,44,28,1,0.0,GREEN
034402802,44,28,2,0.0,GREEN
034402803,44,28,3,0.0,GREEN
034402804,44,28,4,0.0,GREEN
034607205,46,72,5,0.0,GREEN
034400200,44,2,0,0.0,GREEN
034400201,44,2,1,0.0,GREEN
034400202,44,2,2,0.0,GREEN
034400203,44,2,3,0.0,GREEN
034400204,44,2,4,0.0,GREEN
034400205,44,2,5,0.0,GREEN
034400206,44,2,6,0.0,GREEN
034102600,41,26,0,0.0,GREEN
034816810,48,168,10,0.0,GREEN
034816812,48,168,12,0.0,GREEN
034816813,48,168,13,0.0,GREEN
034816711,48,167,11,0.0,GREEN
034816712,48,167,12,0.0,GREEN
034816713,48,167,13,0.0,GREEN
034816610,48,166,10,0.0,GREEN
034202700,42,27,0,0.0,GREEN
034806310,48,63,10,0.0,GREEN
034806311,48,63,11,0.0,GREEN
034806312,48,63,12,0.0,GREEN
034806313,48,63,13,0.0,GREEN
034806210,48,62,10,0.0,GREEN
034806211,48,62,11,0.0,GREEN
034806212,48,62,12,0.0,GREEN
034806213,48,62,13,0.0,GREEN
034806110,48,61,10,0.0,GREEN
034806111,48,61,11,0.0,GREEN
034806112,48,61,12,0.0,GREEN
034806113,48,61,13,0.0,GREEN
034404800,44,48,0,0.0,GREEN
034404801,44,48,1,0.0,GREEN
034404802,44,48,2,0.0,GREEN
034404803,44,48,3,0.0,GREEN
034404804,44,48,4,0.0,GREEN
034404806,44,48,6,0.0,GREEN
034806010,48,60,10,0.0,GREEN
034401501,44,15,1,0.0,GREEN
034401502,44,15,2,0.0,GREEN
034401503,44,15,3,0.0,GREEN
034401504,44,15,4,0.0,GREEN
034401505,44,15,5,0.0,GREEN
034401506,44,15,6,0.0,GREEN
034200900,42,9,0,0.0,GREEN
034101300,41,13,0,0.0,GREEN
034813710,48,137,10,0.0,GREEN
034813711,48,137,11,0.0,GREEN
034813712,48,137,12,0.0,GREEN
034813713,48,137,13,0.0,GREEN
034813611,48,136,11,0.0,GREEN
034813612,48,136,12,0.0,GREEN
034813613,48,136,13,0.0,GREEN
034805900,48,59,0,0.0,GREEN
034805903,48,59,3,100.0,RED
034810710,48,107,10,0.0,GREEN
034810712,48,107,12,0.0,GREEN
034810713,48,107,13,0.0,GREEN
034810610,48,106,10,0.0,GREEN
034810611,48,106,11,0.0,GREEN
034810612,48,106,12,0.0,GREEN
034804604,48,46,4,0.0,GREEN
034402901,44,29,1,0.0,GREEN
034402902,44,29,2,0.0,GREEN
034402903,44,29,3,0.0,GREEN
034402905,44,29,5,0.0,GREEN
034402906,44,29,6,0.0,GREEN
034810510,48,105,10,0.0,GREEN
034810511,48,105,11,0.0,GREEN
034810512,48,105,12,0.0,GREEN
034810513,48,105,13,0.0,GREEN
034810411,48,104,11,0.0,GREEN
034810412,48,104,12,0.0,GREEN
034810413,48,104,13,0.0,GREEN
034810310,48,103,10,0.0,GREEN
034810311,48,103,11,0.0,GREEN
034810312,48,103,12,0.0,GREEN
034810313,48,103,13,0.0,GREEN
034816611,48,166,11,0.0,GREEN
034816613,48,166,13,0.0,GREEN
034807200,48,72,0,0.0,GREEN
034807203,48,72,3,0.0,GREEN
034607105,46,71,5,100.0,RED
034400300,44,3,0,0.0,GREEN
034400301,44,3,1,0.0,GREEN
034400302,44,3,2,0.0,GREEN
034400303,44,3,3,0.0,GREEN
034400304,44,3,4,0.0,GREEN
034400305,44,3,5,0.0,GREEN
034400306,44,3,6,0.0,GREEN
034102500,41,25,0,0.0,GREEN
034816510,48,165,10,0.0,GREEN
034816511,48,165,11,0.0,GREEN
034816512,48,165,12,0.0,GREEN
034816513,48,165,13,0.0,GREEN
034816411,48,164,11,0.0,GREEN
034806011,48,60,11,0.0,GREEN
034806012,48,60,12,0.0,GREEN
034806013,48,60,13,0.0,GREEN
034805910,48,59,10,0.0,GREEN
034805911,48,59,11,0.0,GREEN
034805912,48,59,12,0.0,GREEN
034805913,48,59,13,0.0,GREEN
034802603,48,26,3,100.0,RED
034404900,44,49,0,0.0,GREEN
034404901,44,49,1,0.0,GREEN
034404902,44,49,2,0.0,GREEN
034404903,44,49,3,0.0,GREEN
034404904,44,49,4,0.0,GREEN
034805811,48,58,11,0.0,GREEN
034805812,48,58,12,0.0,GREEN
034805813,48,58,13,0.0,GREEN
034805710,48,57,10,0.0,GREEN
034805711,48,57,11,0.0,GREEN
034805712,48,57,12,0.0,GREEN
034805713,48,57,13,0.0,GREEN
034405000,44,50,0,0.0,GREEN
034405001,44,50,1,0.0,GREEN
034813511,48,135,11,0.0,GREEN
034805905,48,59,5,100.0,RED
034401600,44,16,0,0.0,GREEN
034401601,44,16,1,0.0,GREEN
034401602,44,16,2,0.0,GREEN
034401603,44,16,3,0.0,GREEN
034401604,44,16,4,0.0,GREEN
034401605,44,16,5,0.0,GREEN
034401606,44,16,6,0.0,GREEN
034300600,43,7,0,0.0,GREEN
034101200,41,12,0,0.0,GREEN
034813510,48,135,10,0.0,GREEN
034403000,44,30,0,0.0,GREEN
034403001,44,30,1,0.0,GREEN
034403002,44,30,2,0.0,GREEN
034403003,44,30,3,0.0,GREEN
034403004,44,30,4,0.0,GREEN
034403005,44,30,5,0.0,GREEN
034403006,44,30,6,0.0,GREEN
034201600,42,16,0,0.0,GREEN
034810210,48,102,10,0.0,GREEN
034810212,48,102,12,0.0,GREEN
034810110,48,101,10,0.0,GREEN
034810111,48,101,11,0.0,GREEN
034810112,48,101,12,0.0,GREEN
034810113,48,101,13,0.0,GREEN
034816413,48,164,13,0.0,GREEN
034807100,48,71,0,0.0,GREEN
034400400,44,4,0,0.0,GREEN
034400401,44,4,1,0.0,GREEN
034400402,44,4,2,0.0,GREEN
034400403,44,4,3,0.0,GREEN
034400404,44,4,4,0.0,GREEN
034400405,44,4,5,0.0,GREEN
034400406,44,4,6,0.0,GREEN
034200200,42,2,0,0.0,GREEN
034200100,42,1,0,0.0,GREEN
034405002,44,50,2,0.0,GREEN
034405003,44,50,3,0.0,GREEN
034405004,44,50,4,0.0,GREEN
034405005,44,50,5,0.0,GREEN
034405006,44,50,6,0.0,GREEN
034805610,48,56,10,0.0,GREEN
034805611,48,56,11,0.0,GREEN
034805511,48,55,11,0.0,GREEN
034805512,48,55,12,0.0,GREEN
034805513,48,55,13,0.0,GREEN
034805410,48,54,10,0.0,GREEN
034805411,48,54,11,0.0,GREEN
034805412,48,54,12,0.0,GREEN
034805413,48,54,13,0.0,GREEN
034405101,44,51,1,0.0,GREEN
034405103,44,51,3,0.0,GREEN
034405104,44,51,4,0.0,GREEN
034405105,44,51,5,0.0,GREEN
034405106,44,51,6,0.0,GREEN
034805310,48,53,10,0.0,GREEN
034805311,48,53,11,0.0,GREEN
034805312,48,53,12,0.0,GREEN
034805313,48,53,13,0.0,GREEN
034805210,48,52,10,0.0,GREEN
034805211,48,52,11,0.0,GREEN
034805212,48,52,12,0.0,GREEN
034805213,48,52,13,0.0,GREEN
034802300,48,23,0,0.0,GREEN
034802302,48,23,2,0.0,GREEN
034813513,48,135,13,0.0,GREEN
034813410,48,134,10,0.0,GREEN
034813411,48,134,11,0.0,GREEN
034813412,48,134,12,0.0,GREEN
034813413,48,134,13,0.0,GREEN
034805800,48,58,0,0.0,GREEN
034401700,44,17,0,0.0,GREEN
034401701,44,17,1,0.0,GREEN
034401702,44,17,2,0.0,GREEN
034401703,44,17,3,0.0,GREEN
034401704,44,17,4,0.0,GREEN
034401705,44,17,5,0.0,GREEN
034401706,44,17,6,0.0,GREEN
034300700,43,8,0,0.0,GREEN
034403100,44,31,0,0.0,GREEN
034403101,44,31,1,0.0,GREEN
034403102,44,31,2,0.0,GREEN
034403103,44,31,3,0.0,GREEN
034403104,44,31,4,0.0,GREEN
034403105,44,31,5,0.0,GREEN
034403106,44,31,6,0.0,GREEN
034201700,42,17,0,0.0,GREEN
034810010,48,100,10,0.0,GREEN
034810011,48,100,11,0.0,GREEN
034810012,48,100,12,0.0,GREEN
034810013,48,100,13,0.0,GREEN
034809910,48,99,10,0.0,GREEN
034809911,48,99,11,0.0,GREEN
034809912,48,99,12,0.0,GREEN
034809913,48,99,13,0.0,GREEN
034403200,44,32,0,0.0,GREEN
034403201,44,32,1,0.0,GREEN
034403202,44,32,2,0.0,GREEN
034403203,44,32,3,0.0,GREEN
034403204,44,32,4,0.0,GREEN
034403205,44,32,5,0.0,GREEN
034403206,44,32,6,0.0,GREEN
034102400,41,24,0,0.0,GREEN
034816310,48,163,10,0.0,GREEN
034816312,48,163,12,0.0,GREEN
034816313,48,163,13,0.0,GREEN
034816210,48,162,10,0.0,GREEN
034816211,48,162,11,0.0,GREEN
034816213,48,162,13,0.0,GREEN
034807000,48,70,0,0.0,GREEN
034807002,48,70,2,100.0,RED
034400500,44,5,0,0.0,GREEN
034400501,44,5,1,0.0,GREEN
034400502,44,5,2,0.0,GREEN
034400503,44,5,3,0.0,GREEN
034400504,44,5,4,0.0,GREEN
034400505,44,5,5,0.0,GREEN
034400506,44,5,6,0.0,GREEN
034405200,44,52,0,0.0,GREEN
034405202,44,52,2,0.0,GREEN
034405203,44,52,3,0.0,GREEN
034405204,44,52,4,0.0,GREEN
034405205,44,52,5,0.0,GREEN
034405206,44,52,6,0.0,GREEN
034805110,48,51,10,0.0,GREEN
034805111,48,51,11,0.0,GREEN
034805112,48,51,12,0.0,GREEN
034805113,48,51,13,0.0,GREEN
034805010,48,50,10,0.0,GREEN
034805011,48,50,11,0.0,GREEN
034805012,48,50,12,0.0,GREEN
034805013,48,50,13,0.0,GREEN
034802203,48,22,3,0.0,GREEN
034802205,48,22,5,0.0,GREEN
034405301,44,53,1,0.0,GREEN
034405302,44,53,2,0.0,GREEN
034405304,44,53,4,0.0,GREEN
034405305,44,53,5,0.0,GREEN
034405306,44,53,6,0.0,GREEN
034804910,48,49,10,0.0,GREEN
034804911,48,49,11,0.0,GREEN
034804912,48,49,12,0.0,GREEN
034804913,48,49,13,0.0,GREEN
034804810,48,48,10,0.0,GREEN
034804811,48,48,11,100.0,RED
034101100,41,11,0,0.0,GREEN
034813310,48,133,10,0.0,GREEN
034813311,48,133,11,0.0,GREEN
034813312,48,133,12,0.0,GREEN
034813313,48,133,13,0.0,GREEN
034813210,48,132,10,0.0,GREEN
034813211,48,132,11,0.0,GREEN
034813213,48,132,13,0.0,GREEN
034813110,48,131,10,0.0,GREEN
034813111,48,131,11,0.0,GREEN
034813112,48,131,12,0.0,GREEN
034813113,48,131,13,0.0,GREEN
034805700,48,57,0,0.0,GREEN
034401800,44,18,0,0.0,GREEN
034401801,44,18,1,0.0,GREEN
034401802,44,18,2,0.0,GREEN
034401803,44,18,3,0.0,GREEN
034401804,44,18,4,0.0,GREEN
034401805,44,18,5,0.0,GREEN
034401806,44,18,6,0.0,GREEN
034300800,43,9,0,0.0,GREEN
034201800,42,18,0,0.0,GREEN
034809810,48,98,10,0.0,GREEN
034809812,48,98,12,0.0,GREEN
034809813,48,98,13,0.0,GREEN
034809710,48,97,10,0.0,GREEN
034809711,48,97,11,0.0,GREEN
034809712,48,97,12,0.0,GREEN
034809610,48,96,10,0.0,GREEN
034809611,48,96,11,0.0,GREEN
034809612,48,96,12,0.0,GREEN
034809613,48,96,13,0.0,GREEN
034403301,44,33,1,0.0,GREEN
034403302,44,33,2,0.0,GREEN
034403303,44,33,3,0.0,GREEN
034403304,44,33,4,0.0,GREEN
034403305,44,33,5,0.0,GREEN
034403306,44,33,6,0.0,GREEN
034200300,42,3,0,0.0,GREEN
034102300,41,23,0,0.0,GREEN
034816110,48,161,10,0.0,GREEN
034816111,48,161,11,0.0,GREEN
034816112,48,161,12,0.0,GREEN
034816011,48,160,11,0.0,GREEN
034816012,48,160,12,0.0,GREEN
034816013,48,160,13,0.0,GREEN
034815910,48,159,10,0.0,GREEN
034815911,48,159,11,0.0,GREEN
034815912,48,159,12,0.0,GREEN
034815913,48,159,13,0.0,GREEN
034806900,48,69,0,0.0,GREEN
034804812,48,48,12,0.0,GREEN
034804813,48,48,13,0.0,GREEN
034804710,48,47,10,0.0,GREEN
034804711,48,47,11,0.0,GREEN
034804712,48,47,12,0.0,GREEN
034804713,48,47,13,0.0,GREEN
034802102,48,21,2,0.0,GREEN
034405400,44,54,0,0.0,GREEN
034405401,44,54,1,0.0,GREEN
034405402,44,54,2,0.0,GREEN
034405403,44,54,3,0.0,GREEN
034405405,44,54,5,0.0,GREEN
034405406,44,54,6,0.0,GREEN
034804610,48,46,10,0.0,GREEN
034804611,48,46,11,0.0,GREEN
034804613,48,46,13,0.0,GREEN
034804510,48,45,10,0.0,GREEN
034804511,48,45,11,0.0,GREEN
034804512,48,45,12,0.0,GREEN
034804513,48,45,13,0.0,GREEN
034802001,48,20,1,100.0,RED
034802003,48,20,3,0.0,GREEN
034405500,44,55,0,0.0,GREEN
034405502,44,55,2,0.0,GREEN
034101000,41,10,0,0.0,GREEN
034813010,48,130,10,0.0,GREEN
034813011,48,130,11,0.0,GREEN
034813012,48,130,12,0.0,GREEN
034813013,48,130,13,0.0,GREEN
034812910,48,129,10,0.0,GREEN
034812911,48,129,11,0.0,GREEN
034812912,48,129,12,0.0,GREEN
034812913,48,129,13,0.0,GREEN
034805600,48,56,0,0.0,GREEN
034805602,48,56,2,100.0,RED
034401900,44,19,0,0.0,GREEN
034401901,44,19,1,0.0,GREEN
034401902,44,19,2,0.0,GREEN
034401903,44,19,3,0.0,GREEN
034401904,44,19,4,0.0,GREEN
034401905,44,19,5,0.0,GREEN
034401906,44,19,6,0.0,GREEN
034809510,48,95,10,0.0,GREEN
034809511,48,95,11,0.0,GREEN
034809512,48,95,12,0.0,GREEN
034809513,48,95,13,0.0,GREEN
034809410,48,94,10,0.0,GREEN
034809411,48,94,11,0.0,GREEN
034809412,48,94,12,0.0,GREEN
034809413,48,94,13,0.0,GREEN
034804104,48,41,4,0.0,GREEN
034403401,44,34,1,0.0,GREEN
034403402,44,34,2,0.0,GREEN
034403403,44,34,3,0.0,GREEN
034403404,44,34,4,0.0,GREEN
034403405,44,34,5,0.0,GREEN
034403406,44,34,6,0.0,GREEN
034400600,44,6,0,0.0,GREEN
034400601,44,6,1,0.0,GREEN
034400602,44,6,2,0.0,GREEN
034400603,44,6,3,0.0,GREEN
034400605,44,6,5,0.0,GREEN
034400606,44,6,6,0.0,GREEN
034102200,41,22,0,0.0,GREEN
034815810,48,158,10,0.0,GREEN
034815811,48,158,11,0.0,GREEN
034815812,48,158,12,0.0,GREEN
034815813,48,158,13,0.0,GREEN
034815710,48,157,10,0.0,GREEN
034815711,48,157,11,0.0,GREEN
034815712,48,157,12,0.0,GREEN
034815713,48,157,13,0.0,GREEN
034806800,48,68,0,0.0,GREEN
034400700,44,7,0,0.0,GREEN
034400701,44,7,1,0.0,GREEN
034405504,44,55,4,0.0,GREEN
034405505,44,55,5,0.0,GREEN
034405506,44,55,6,0.0,GREEN
034804410,48,44,10,0.0,GREEN
034804411,48,44,11,0.0,GREEN
034804412,48,44,12,0.0,GREEN
034804413,48,44,13,0.0,GREEN
034804310,48,43,10,0.0,GREEN
034804311,48,43,11,0.0,GREEN
034804312,48,43,12,0.0,GREEN
034804313,48,43,13,0.0,GREEN
034405600,44,56,0,0.0,GREEN
034405602,44,56,2,0.0,GREEN
034405603,44,56,3,0.0,GREEN
034405604,44,56,4,0.0,GREEN
034405605,44,56,5,0.0,GREEN
034405606,44,56,6,0.0,GREEN
034804210,48,42,10,0.0,GREEN
034804211,48,42,11,0.0,GREEN
034804212,48,42,12,0.0,GREEN
034804213,48,42,13,0.0,GREEN
034804110,48,41,10,0.0,GREEN
034804111,48,41,11,0.0,GREEN
034804112,48,41,12,0.0,GREEN
034804113,48,41,13,0.0,GREEN
034804010,48,40,10,0.0,GREEN
034804011,48,40,11,0.0,GREEN
034804012,48,40,12,0.0,GREEN
034804013,48,40,13,0.0,GREEN
034402001,44,20,1,0.0,GREEN
034201000,42,10,0,0.0,GREEN
034100900,41,9,0,0.0,GREEN
034812710,48,127,10,0.0,GREEN
034805500,48,55,0,0.0,GREEN
034805502,48,55,2,100.0,RED
034606305,46,63,5,0.0,GREEN
034402002,44,20,2,0.0,GREEN
034809311,48,93,11,0.0,GREEN
034809312,48,93,12,0.0,GREEN
034809313,48,93,13,0.0,GREEN
034809210,48,92,10,0.0,GREEN
034809211,48,92,11,0.0,GREEN
034809212,48,92,12,0.0,GREEN
034809213,48,92,13,0.0,GREEN
034804002,48,40,2,0.0,GREEN
034403501,44,35,1,0.0,GREEN
034403502,44,35,2,0.0,GREEN
034403504,44,35,4,0.0,GREEN
034403505,44,35,5,0.0,GREEN
034403506,44,35,6,0.0,GREEN
034201900,42,19,0,0.0,GREEN
034809110,48,91,10,0.0,GREEN
034809111,48,91,11,0.0,GREEN
034809112,48,91,12,0.0,GREEN
034809010,48,90,10,0.0,GREEN
034809011,48,90,11,0.0,GREEN
034809013,48,90,13,0.0,GREEN
034808910,48,89,10,0.0,GREEN
034808911,48,89,11,0.0,GREEN
034808912,48,89,12,0.0,GREEN
034400702,44,7,2,0.0,GREEN
034400703,44,7,3,0.0,GREEN
034400704,44,7,4,0.0,GREEN
034400706,44,7,6,0.0,GREEN
034102100,41,21,0,0.0,GREEN
034815610,48,156,10,0.0,GREEN
034815611,48,156,11,0.0,GREEN
034815510,48,155,10,0.0,GREEN
034815511,48,155,11,0.0,GREEN
034815512,48,155,12,0.0,GREEN
034815513,48,155,13,0.0,GREEN
034806700,48,67,0,0.0,GREEN
034806704,48,67,4,0.0,GREEN
034606905,46,69,5,0.0,GREEN
034400800,44,8,0,0.0,GREEN
034400801,44,8,1,0.0,GREEN
034400802,44,8,2,0.0,GREEN
034400803,44,8,3,0.0,GREEN
034405702,44,57,2,0.0,GREEN
034405703,44,57,3,0.0,GREEN
034405704,44,57,4,0.0,GREEN
034405705,44,57,5,0.0,GREEN
034405706,44,57,6,0.0,GREEN
034803911,48,39,11,0.0,GREEN
034803912,48,39,12,0.0,GREEN
034803913,48,39,13,0.0,GREEN
034803810,48,38,10,0.0,GREEN
034803811,48,38,11,0.0,GREEN
034803813,48,38,13,0.0,GREEN
034801701,48,17,1,0.0,GREEN
034504600,45,46,0,0.0,GREEN
034504601,45,46,1,0.0,GREEN
034504602,45,46,2,0.0,GREEN
034504603,45,46,3,0.0,GREEN
034504604,45,46,4,0.0,GREEN
034504605,45,46,5,0.0,GREEN
034405800,44,58,0,0.0,GREEN
034405801,44,58,1,0.0,GREEN
034405802,44,58,2,0.0,GREEN
034405803,44,58,3,0.0,GREEN
034405804,44,58,4,0.0,GREEN
034405805,44,58,5,0.0,GREEN
034405806,44,58,6,0.0,GREEN
034803710,48,37,10,0.0,GREEN
034803711,48,37,11,0.0,GREEN
034803712,48,37,12,0.0,GREEN
034803713,48,37,13,0.0,GREEN
034803610,48,36,10,0.0,GREEN
034803611,48,36,11,0.0,GREEN
034803612,48,36,12,0.0,GREEN
034803613,48,36,13,0.0,GREEN
034402003,44,20,3,0.0,GREEN
034402004,44,20,4,0.0,GREEN
034402005,44,20,5,0.0,GREEN
034402006,44,20,6,0.0,GREEN
034201100,42,11,0,0.0,GREEN
034100800,41,8,0,0.0,GREEN
034812610,48,126,10,0.0,GREEN
034812410,48,124,10,0.0,GREEN
034808913,48,89,13,0.0,GREEN
034403600,44,36,0,0.0,GREEN
034403601,44,36,1,0.0,GREEN
034403602,44,36,2,0.0,GREEN
034403604,44,36,4,0.0,GREEN
034403605,44,36,5,0.0,GREEN
034403606,44,36,6,0.0,GREEN
034202000,42,20,0,0.0,GREEN
034808710,48,87,10,0.0,GREEN
034808711,48,87,11,0.0,GREEN
034808712,48,87,12,0.0,GREEN
034808713,48,87,13,0.0,GREEN
034400804,44,8,4,100.0,RED
034400805,44,8,5,0.0,GREEN
034400806,44,8,6,0.0,GREEN
034102000,41,20,0,0.0,GREEN
034815410,48,154,10,0.0,GREEN
034815411,48,154,11,0.0,GREEN
034815412,48,154,12,0.0,GREEN
034815413,48,154,13,0.0,GREEN
034815312,48,153,12,0.0,GREEN
034815313,48,153,13,0.0,GREEN
034815210,48,152,10,0.0,GREEN
034815211,48,152,11,0.0,GREEN
034815212,48,152,12,0.0,GREEN
034815213,48,152,13,0.0,GREEN
034806600,48,66,0,0.0,GREEN
034801605,48,16,5,0.0,GREEN
034801606,48,16,6,0.0,GREEN
034504500,45,45,0,0.0,GREEN
034504501,45,45,1,0.0,GREEN
034504503,45,45,3,0.0,GREEN
034504504,45,45,4,0.0,GREEN
034504505,45,45,5,0.0,GREEN
034405900,44,59,0,0.0,GREEN
034405901,44,59,1,0.0,GREEN
034405902,44,59,2,0.0,GREEN
034405903,44,59,3,0.0,GREEN
034405904,44,59,4,0.0,GREEN
034405905,44,59,5,0.0,GREEN
034803510,48,35,10,0.0,GREEN
034803511,48,35,11,0.0,GREEN
034803512,48,35,12,0.0,GREEN
034803513,48,35,13,0.0,GREEN
034803411,48,34,11,0.0,GREEN
034803412,48,34,12,0.0,GREEN
034803413,48,34,13,0.0,GREEN
034803310,48,33,10,0.0,GREEN
034803312,48,33,12,0.0,GREEN
034803313,48,33,13,0.0,GREEN
034801502,48,15,2,0.0,GREEN
034801504,48,15,4,0.0,GREEN
034801505,48,15,5,0.0,GREEN
034801506,48,15,6,0.0,GREEN
034504400,45,44,0,0.0,GREEN
034504402,45,44,2,0.0,GREEN
034504403,45,44,3,0.0,GREEN
034504404,45,44,4,0.0,GREEN
034504405,45,44,5,0.0,GREEN
034406000,44,60,0,0.0,GREEN
034406002,44,60,2,0.0,GREEN
034406003,44,60,3,0.0,GREEN
034406004,44,60,4,0.0,GREEN
034406005,44,60,5,0.0,GREEN
034805403,48,54,3,0.0,GREEN
034805404,48,54,4,0.0,GREEN
034606205,46,62,5,100.0,RED
034402100,44,21,0,0.0,GREEN
034402101,44,21,1,0.0,GREEN
034402102,44,21,2,0.0,GREEN
034402103,44,21,3,0.0,GREEN
034402104,44,21,4,0.0,GREEN
034402105,44,21,5,0.0,GREEN
034402106,44,21,6,0.0,GREEN
034201200,42,12,0,0.0,GREEN
034812310,48,123,10,0.0,GREEN
034403700,44,37,0,0.0,GREEN
034403701,44,37,1,0.0,GREEN
034403702,44,37,2,0.0,GREEN
034403703,44,37,3,0.0,GREEN
034403704,44,37,4,0.0,GREEN
034403705,44,37,5,0.0,GREEN
034403706,44,37,6,0.0,GREEN
034808810,48,88,10,0.0,GREEN
034808812,48,88,12,0.0,GREEN
034808610,48,86,10,0.0,GREEN
034808611,48,86,11,0.0,GREEN
034808612,48,86,12,0.0,GREEN
034808613,48,86,13,0.0,GREEN
034808510,48,85,10,0.0,GREEN
034808511,48,85,11,0.0,GREEN
034808512,48,85,12,0.0,GREEN
034808513,48,85,13,0.0,GREEN
034403800,44,38,0,0.0,GREEN
034403801,44,38,1,0.0,GREEN
034403802,44,38,2,0.0,GREEN
034400900,44,9,0,0.0,GREEN
034400901,44,9,1,0.0,GREEN
034400902,44,9,2,0.0,GREEN
034400903,44,9,3,0.0,GREEN
034400904,44,9,4,0.0,GREEN
034400905,44,9,5,0.0,GREEN
034400906,44,9,6,0.0,GREEN
034300500,43,14,0,0.0,GREEN
034300400,43,13,0,0.0,GREEN
034101900,41,19,0,0.0,GREEN
034815110,48,151,10,0.0,GREEN
034815111,48,151,11,0.0,GREEN
034815112,48,151,12,0.0,GREEN
034815113,48,151,13,0.0,GREEN
034815010,48,150,10,0.0,GREEN
034815011,48,150,11,0.0,GREEN
034815013,48,150,13,0.0,GREEN
034806500,48,65,0,0.0,GREEN
034406006,44,60,6,0.0,GREEN
034803210,48,32,10,0.0,GREEN
034803211,48,32,11,0.0,GREEN
034803212,48,32,12,0.0,GREEN
034803213,48,32,13,0.0,GREEN
034803110,48,31,10,0.0,GREEN
034803111,48,31,11,0.0,GREEN
034803112,48,31,12,0.0,GREEN
034803113,48,31,13,0.0,GREEN
034406100,44,61,0,0.0,GREEN
034406101,44,61,1,0.0,GREEN
034406102,44,61,2,0.0,GREEN
034406103,44,61,3,0.0,GREEN
034406104,44,61,4,0.0,GREEN
034406105,44,61,5,0.0,GREEN
034803011,48,30,11,0.0,GREEN
034803012,48,30,12,0.0,GREEN
034803013,48,30,13,0.0,GREEN
034802910,48,29,10,0.0,GREEN
034802911,48,29,11,0.0,GREEN
034802913,48,29,13,0.0,GREEN
034801305,48,13,5,0.0,GREEN
034805300,48,53,0,0.0,GREEN
034402200,44,22,0,0.0,GREEN
034402201,44,22,1,0.0,GREEN
034403803,44,38,3,0.0,GREEN
034403804,44,38,4,0.0,GREEN
034403805,44,38,5,0.0,GREEN
034403806,44,38,6,0.0,GREEN
034808410,48,84,10,0.0,GREEN
034808411,48,84,11,0.0,GREEN
034808412,48,84,12,0.0,GREEN
034808413,48,84,13,0.0,GREEN
034808310,48,83,10,0.0,GREEN
034808313,48,83,13,0.0,GREEN
034808210,48,82,10,0.0,GREEN
034808211,48,82,11,0.0,GREEN
034808212,48,82,12,0.0,GREEN
034808213,48,82,13,0.0,GREEN
034803601,48,36,1,100.0,RED
034803605,48,36,5,0.0,GREEN
034403900,44,39,0,0.0,GREEN
034403901,44,39,1,0.0,GREEN
034403902,44,39,2,0.0,GREEN
034403903,44,39,3,0.0,GREEN
034403904,44,39,4,0.0,GREEN
034403905,44,39,5,0.0,GREEN
034403906,44,39,6,0.0,GREEN
034401001,44,10,1,0.0,GREEN
034401002,44,10,2,0.0,GREEN
034401003,44,10,3,0.0,GREEN
034401004,44,10,4,0.0,GREEN
034401005,44,10,5,0.0,GREEN
034401006,44,10,6,0.0,GREEN
034200400,42,4,0,0.0,GREEN
034101800,41,18,0,0.0,GREEN
034814910,48,149,10,0.0,GREEN
034814911,48,149,11,0.0,GREEN
034814912,48,149,12,0.0,GREEN
034814913,48,149,13,0.0,GREEN
034814810,48,148,10,0.0,GREEN
034814811,48,148,11,0.0,GREEN
034814813,48,148,13,0.0,GREEN
034806400,48,64,0,0.0,GREEN
034815613,48,156,13,0.0,GREEN
034603200,46,32,0,0.0,GREEN
034706510,47,65,10,0.0,GREEN
034814112,48,141,12,0.0,GREEN
034601200,46,12,0,0.0,GREEN
034404600,44,46,0,0.0,GREEN
034600600,46,6,0,0.0,GREEN
034501500,45,15,0,0.0,GREEN
034809811,48,98,11,0.0,GREEN
034501200,45,12,0,0.0,GREEN
034402502,44,25,2,0.0,GREEN
034700904,47,9,4,0.0,GREEN
034816811,48,168,11,0.0,GREEN
034601406,46,14,6,0.0,GREEN
034603300,46,33,0,0.0,GREEN
034707210,47,72,10,0.0,GREEN
034816410,48,164,10,0.0,GREEN
034406800,44,68,0,0.0,GREEN
034501800,45,18,0,0.0,GREEN
034502800,45,28,0,0.0,GREEN
034401000,44,10,0,0.0,GREEN
034507613,45,76,13,100.0,RED
034816710,48,167,10,0.0,GREEN
034404502,44,45,2,0.0,GREEN
034404706,44,47,6,0.0,GREEN
034400705,44,7,5,0.0,GREEN
034802611,48,26,11,0.0,GREEN
034802010,48,20,10,0.0,GREEN
034802703,48,27,3,0.0,GREEN
034404405,44,44,5,0.0,GREEN
034811112,48,111,12,0.0,GREEN
034810912,48,109,12,0.0,GREEN
033503800,35,38,0,0.0,GREEN
033503900,35,39,0,0.0,GREEN
033504000,35,40,0,0.0,GREEN
033504100,35,41,0,0.0,GREEN
033504200,35,42,0,0.0,GREEN
033504300,35,43,0,0.0,GREEN
033504400,35,44,0,0.0,GREEN
033504500,35,45,0,0.0,GREEN
033504600,35,46,0,0.0,GREEN
033504700,35,47,0,0.0,GREEN
033504800,35,48,0,0.0,GREEN
033504900,35,49,0,0.0,GREEN
033505000,35,50,0,0.0,GREEN
033505100,35,51,0,0.0,GREEN
033505200,35,52,0,0.0,GREEN
033505300,35,53,0,0.0,GREEN
033505400,35,54,0,0.0,GREEN
033505500,35,55,0,0.0,GREEN
033505600,35,56,0,0.0,GREEN
033505700,35,57,0,0.0,GREEN
033505800,35,58,0,0.0,GREEN
033505900,35,59,0,0.0,GREEN
033506000,35,60,0,0.0,GREEN
033506100,35,61,0,0.0,GREEN
033506200,35,62,0,0.0,GREEN
033506300,35,63,0,0.0,GREEN
033506400,35,64,0,0.0,GREEN
033506500,35,65,0,0.0,GREEN
033506600,35,66,0,0.0,GREEN
033506700,35,67,0,0.0,GREEN
033506800,35,68,0,0.0,GREEN
033506900,35,69,0,0.0,GREEN
033507000,35,70,0,0.0,GREEN
033507100,35,71,0,0.0,GREEN
033507200,35,72,0,0.0,GREEN
033507300,35,73,0,0.0,GREEN
033500101,35,1,1,0.0,GREEN
033500201,35,2,1,0.0,GREEN
033500301,35,3,1,0.0,GREEN
033500401,35,4,1,0.0,GREEN
033500501,35,5,1,0.0,GREEN
033500601,35,6,1,0.0,GREEN
033500701,35,7,1,0.0,GREEN
033500801,35,8,1,0.0,GREEN
033500901,35,9,1,0.0,GREEN
033501001,35,10,1,0.0,GREEN
033501101,35,11,1,0.0,GREEN
033501201,35,12,1,0.0,GREEN
033501301,35,13,1,0.0,GREEN
033501401,35,14,1,0.0,GREEN
033501501,35,15,1,0.0,GREEN
033501601,35,16,1,0.0,GREEN
033501701,35,17,1,0.0,GREEN
033501801,35,18,1,0.0,GREEN
033501901,35,19,1,0.0,GREEN
033502001,35,20,1,0.0,GREEN
033502101,35,21,1,0.0,GREEN
033502201,35,22,1,0.0,GREEN
033502301,35,23,1,0.0,GREEN
033502401,35,24,1,0.0,GREEN
033502501,35,25,1,0.0,GREEN
033502601,35,26,1,0.0,GREEN
033502701,35,27,1,0.0,GREEN
033502801,35,28,1,0.0,GREEN
033502901,35,29,1,0.0,GREEN
033503001,35,30,1,0.0,GREEN
033503101,35,31,1,0.0,GREEN
033503201,35,32,1,0.0,GREEN
033503301,35,33,1,0.0,GREEN
033503401,35,34,1,0.0,GREEN
033503501,35,35,1,0.0,GREEN
033503601,35,36,1,0.0,GREEN
033503701,35,37,1,0.0,GREEN
033503801,35,38,1,0.0,GREEN
033503901,35,39,1,0.0,GREEN
033504001,35,40,1,0.0,GREEN
033504101,35,41,1,0.0,GREEN
033504201,35,42,1,0.0,GREEN
033504301,35,43,1,0.0,GREEN
033504401,35,44,1,0.0,GREEN
033504501,35,45,1,0.0,GREEN
033504601,35,46,1,0.0,GREEN
033504701,35,47,1,0.0,GREEN
033504801,35,48,1,0.0,GREEN
033504901,35,49,1,0.0,GREEN
033505001,35,50,1,0.0,GREEN
033505101,35,51,1,0.0,GREEN
033505201,35,52,1,0.0,GREEN
033505301,35,53,1,0.0,GREEN
033505401,35,54,1,0.0,GREEN
033505501,35,55,1,0.0,GREEN
033505601,35,56,1,0.0,GREEN
033505701,35,57,1,0.0,GREEN
033505801,35,58,1,0.0,GREEN
033505901,35,59,1,0.0,GREEN
033506001,35,60,1,0.0,GREEN
033506101,35,61,1,0.0,GREEN
033506201,35,62,1,0.0,GREEN
033506301,35,63,1,0.0,GREEN
033506401,35,64,1,0.0,GREEN
033506501,35,65,1,0.0,GREEN
033506601,35,66,1,0.0,GREEN
033506701,35,67,1,0.0,GREEN
033506801,35,68,1,0.0,GREEN
033506901,35,69,1,0.0,GREEN
033507001,35,70,1,0.0,GREEN
033507101,35,71,1,0.0,GREEN
033507201,35,72,1,0.0,GREEN
033507301,35,73,1,0.0,GREEN
033500102,35,1,2,0.0,GREEN
033500202,35,2,2,0.0,GREEN
033500302,35,3,2,0.0,GREEN
033500402,35,4,2,0.0,GREEN
033500502,35,5,2,0.0,GREEN
033500602,35,6,2,0.0,GREEN
033500702,35,7,2,0.0,GREEN
033500802,35,8,2,0.0,GREEN
033500902,35,9,2,0.0,GREEN
033501002,35,10,2,0.0,GREEN
033501102,35,11,2,0.0,GREEN
033501202,35,12,2,0.0,GREEN
033501302,35,13,2,0.0,GREEN
033501402,35,14,2,0.0,GREEN
033501502,35,15,2,0.0,GREEN
033501602,35,16,2,0.0,GREEN
033501702,35,17,2,0.0,GREEN
033501802,35,18,2,0.0,GREEN
033501902,35,19,2,0.0,GREEN
033502002,35,20,2,0.0,GREEN
033502102,35,21,2,0.0,GREEN
033502202,35,22,2,0.0,GREEN
033502302,35,23,2,0.0,GREEN
033502402,35,24,2,0.0,GREEN
033502502,35,25,2,0.0,GREEN
033502602,35,26,2,0.0,GREEN
033502702,35,27,2,0.0,GREEN
033502802,35,28,2,0.0,GREEN
033502902,35,29,2,0.0,GREEN
033503002,35,30,2,0.0,GREEN
033503102,35,31,2,0.0,GREEN
033503202,35,32,2,0.0,GREEN
033503302,35,33,2,0.0,GREEN
033503402,35,34,2,0.0,GREEN
033503502,35,35,2,0.0,GREEN
033503602,35,36,2,0.0,GREEN
033503702,35,37,2,0.0,GREEN
033503802,35,38,2,0.0,GREEN
033503902,35,39,2,0.0,GREEN
033504002,35,40,2,0.0,GREEN
033504102,35,41,2,0.0,GREEN
033504202,35,42,2,0.0,GREEN
033504302,35,43,2,0.0,GREEN
033504402,35,44,2,0.0,GREEN
033504502,35,45,2,0.0,GREEN
033504602,35,46,2,0.0,GREEN
033504702,35,47,2,0.0,GREEN
033504802,35,48,2,0.0,GREEN
033504902,35,49,2,0.0,GREEN
033505002,35,50,2,0.0,GREEN
033505102,35,51,2,0.0,GREEN
033505202,35,52,2,0.0,GREEN
033505302,35,53,2,0.0,GREEN
033505402,35,54,2,0.0,GREEN
033505502,35,55,2,0.0,GREEN
033505602,35,56,2,0.0,GREEN
033505702,35,57,2,0.0,GREEN
033505802,35,58,2,0.0,GREEN
033505902,35,59,2,0.0,GREEN
033300100,33,1,0,0.0,GREEN
033300200,33,2,0,0.0,GREEN
033300300,33,3,0,0.0,GREEN
033506002,35,60,2,0.0,GREEN
033506102,35,61,2,0.0,GREEN
033506202,35,62,2,0.0,GREEN
033506302,35,63,2,0.0,GREEN
033506402,35,64,2,0.0,GREEN
033506502,35,65,2,0.0,GREEN
033506602,35,66,2,0.0,GREEN
033506702,35,67,2,0.0,GREEN
033506802,35,68,2,0.0,GREEN
033506902,35,69,2,0.0,GREEN
033507002,35,70,2,0.0,GREEN
033507102,35,71,2,0.0,GREEN
033507202,35,72,2,0.0,GREEN
033507302,35,73,2,0.0,GREEN
033500103,35,1,3,0.0,GREEN
033500203,35,2,3,0.0,GREEN
033500303,35,3,3,0.0,GREEN
033500403,35,4,3,0.0,GREEN
033500503,35,5,3,0.0,GREEN
033500603,35,6,3,0.0,GREEN
033500703,35,7,3,0.0,GREEN
033500803,35,8,3,0.0,GREEN
033500903,35,9,3,0.0,GREEN
033501003,35,10,3,0.0,GREEN
033501103,35,11,3,0.0,GREEN
033501203,35,12,3,0.0,GREEN
033501303,35,13,3,0.0,GREEN
033501403,35,14,3,0.0,GREEN
033501503,35,15,3,0.0,GREEN
033501603,35,16,3,0.0,GREEN
033501703,35,17,3,0.0,GREEN
033501803,35,18,3,0.0,GREEN
033501903,35,19,3,0.0,GREEN
033502003,35,20,3,0.0,GREEN
033502103,35,21,3,0.0,GREEN
033502203,35,22,3,0.0,GREEN
033502303,35,23,3,0.0,GREEN
033502403,35,24,3,0.0,GREEN
033502503,35,25,3,0.0,GREEN
033502603,35,26,3,0.0,GREEN
033502703,35,27,3,0.0,GREEN
033502803,35,28,3,0.0,GREEN
033502903,35,29,3,0.0,GREEN
033503003,35,30,3,0.0,GREEN
033503103,35,31,3,0.0,GREEN
033503203,35,32,3,0.0,GREEN
033503303,35,33,3,0.0,GREEN
033503403,35,34,3,0.0,GREEN
033503503,35,35,3,0.0,GREEN
033503603,35,36,3,0.0,GREEN
033503703,35,37,3,0.0,GREEN
033503803,35,38,3,0.0,GREEN
033503903,35,39,3,0.0,GREEN
033504003,35,40,3,0.0,GREEN
033504103,35,41,3,0.0,GREEN
033504203,35,42,3,0.0,GREEN
033300400,33,4,0,0.0,GREEN
033300500,33,5,0,0.0,GREEN
033300600,33,6,0,0.0,GREEN
033300700,33,7,0,0.0,GREEN
033300800,33,8,0,0.0,GREEN
033300900,33,9,0,0.0,GREEN
033301000,33,10,0,0.0,GREEN
033301100,33,11,0,0.0,GREEN
033301200,33,12,0,0.0,GREEN
033301300,33,13,0,0.0,GREEN
033301400,33,14,0,0.0,GREEN
033301500,33,15,0,0.0,GREEN
033301600,33,16,0,0.0,GREEN
033301700,33,17,0,0.0,GREEN
033301800,33,18,0,0.0,GREEN
033301900,33,19,0,0.0,GREEN
033302000,33,20,0,0.0,GREEN
033302100,33,21,0,0.0,GREEN
033302200,33,22,0,0.0,GREEN
033302300,33,23,0,0.0,GREEN
033302400,33,24,0,0.0,GREEN
033302500,33,25,0,0.0,GREEN
033302600,33,26,0,0.0,GREEN
033302700,33,27,0,0.0,GREEN
033302800,33,28,0,0.0,GREEN
033302900,33,29,0,0.0,GREEN
033303000,33,30,0,0.0,GREEN
033303100,33,31,0,0.0,GREEN
033303200,33,32,0,0.0,GREEN
033303300,33,33,0,0.0,GREEN
033303400,33,34,0,0.0,GREEN
033303500,33,35,0,0.0,GREEN
033303600,33,36,0,0.0,GREEN
033303700,33,37,0,0.0,GREEN
033303800,33,38,0,0.0,GREEN
033303900,33,39,0,0.0,GREEN
033304000,33,40,0,0.0,GREEN
033304100,33,41,0,0.0,GREEN
033304200,33,42,0,0.0,GREEN
033304300,33,43,0,0.0,GREEN
033304400,33,44,0,0.0,GREEN
033304500,33,45,0,0.0,GREEN
033304600,33,46,0,0.0,GREEN
033304700,33,47,0,0.0,GREEN
033304800,33,48,0,0.0,GREEN
033304900,33,49,0,0.0,GREEN
033305000,33,50,0,0.0,GREEN
033305100,33,51,0,0.0,GREEN
033305200,33,52,0,0.0,GREEN
033305300,33,53,0,0.0,GREEN
033305400,33,54,0,0.0,GREEN
033305500,33,55,0,0.0,GREEN
033305600,33,56,0,0.0,GREEN
033305700,33,57,0,0.0,GREEN
033305800,33,58,0,0.0,GREEN
033504303,35,43,3,0.0,GREEN
033504403,35,44,3,0.0,GREEN
033504503,35,45,3,0.0,GREEN
033504603,35,46,3,0.0,GREEN
033504703,35,47,3,0.0,GREEN
033504803,35,48,3,0.0,GREEN
033504903,35,49,3,0.0,GREEN
033505003,35,50,3,0.0,GREEN
033505103,35,51,3,0.0,GREEN
033505203,35,52,3,0.0,GREEN
033505303,35,53,3,0.0,GREEN
033505403,35,54,3,0.0,GREEN
033505503,35,55,3,0.0,GREEN
033505603,35,56,3,0.0,GREEN
033505703,35,57,3,0.0,GREEN
033505803,35,58,3,0.0,GREEN
033505903,35,59,3,0.0,GREEN
033506003,35,60,3,0.0,GREEN
033506103,35,61,3,0.0,GREEN
033506203,35,62,3,0.0,GREEN
033506303,35,63,3,0.0,GREEN
033506403,35,64,3,0.0,GREEN
033506503,35,65,3,0.0,GREEN
033506603,35,66,3,0.0,GREEN
033506703,35,67,3,0.0,GREEN
033506803,35,68,3,0.0,GREEN
033506903,35,69,3,0.0,GREEN
033507003,35,70,3,0.0,GREEN
033507103,35,71,3,0.0,GREEN
033507203,35,72,3,0.0,GREEN
033507303,35,73,3,0.0,GREEN
033600100,36,1,0,0.0,GREEN
033600200,36,2,0,0.0,GREEN
033600300,36,3,0,0.0,GREEN
033600400,36,4,0,0.0,GREEN
033600500,36,5,0,0.0,GREEN
033600600,36,6,0,0.0,GREEN
033600700,36,7,0,0.0,GREEN
033600800,36,8,0,0.0,GREEN
033600900,36,9,0,0.0,GREEN
033601000,36,10,0,0.0,GREEN
033601100,36,11,0,0.0,GREEN
033601200,36,12,0,0.0,GREEN
033601300,36,13,0,0.0,GREEN
033601400,36,14,0,0.0,GREEN
033601500,36,15,0,0.0,GREEN
033601600,36,16,0,0.0,GREEN
033601700,36,17,0,0.0,GREEN
033601800,36,18,0,0.0,GREEN
033601900,36,19,0,0.0,GREEN
033602000,36,20,0,0.0,GREEN
033602100,36,21,0,0.0,GREEN
033602200,36,22,0,0.0,GREEN
033602300,36,23,0,0.0,GREEN
033602400,36,24,0,0.0,GREEN
033602500,36,25,0,0.0,GREEN
033305900,33,59,0,0.0,GREEN
033306000,33,60,0,0.0,GREEN
033306100,33,61,0,0.0,GREEN
033306200,33,62,0,0.0,GREEN
033306300,33,63,0,0.0,GREEN
033306400,33,64,0,0.0,GREEN
033306500,33,65,0,0.0,GREEN
033306600,33,66,0,0.0,GREEN
033306700,33,67,0,0.0,GREEN
033306800,33,68,0,0.0,GREEN
033306900,33,69,0,0.0,GREEN
033307000,33,70,0,0.0,GREEN
033307100,33,71,0,0.0,GREEN
033307200,33,72,0,0.0,GREEN
033307300,33,73,0,0.0,GREEN
033300101,33,1,1,0.0,GREEN
033300201,33,2,1,0.0,GREEN
033300301,33,3,1,0.0,GREEN
033300401,33,4,1,0.0,GREEN
033300501,33,5,1,0.0,GREEN
033300601,33,6,1,0.0,GREEN
033300701,33,7,1,0.0,GREEN
033300801,33,8,1,0.0,GREEN
033300901,33,9,1,0.0,GREEN
033301001,33,10,1,0.0,GREEN
033301101,33,11,1,0.0,GREEN
033301201,33,12,1,0.0,GREEN
033301301,33,13,1,0.0,GREEN
033301401,33,14,1,0.0,GREEN
033301501,33,15,1,0.0,GREEN
033301601,33,16,1,0.0,GREEN
033301701,33,17,1,0.0,GREEN
033301801,33,18,1,0.0,GREEN
033301901,33,19,1,0.0,GREEN
033302001,33,20,1,0.0,GREEN
033302101,33,21,1,0.0,GREEN
033302201,33,22,1,0.0,GREEN
033302301,33,23,1,0.0,GREEN
033302401,33,24,1,0.0,GREEN
033302501,33,25,1,0.0,GREEN
033302601,33,26,1,0.0,GREEN
033302701,33,27,1,0.0,GREEN
033302801,33,28,1,0.0,GREEN
033302901,33,29,1,0.0,GREEN
033303001,33,30,1,0.0,GREEN
033303101,33,31,1,0.0,GREEN
033303201,33,32,1,0.0,GREEN
033303301,33,33,1,0.0,GREEN
033303401,33,34,1,0.0,GREEN
033303501,33,35,1,0.0,GREEN
033303601,33,36,1,0.0,GREEN
033303701,33,37,1,0.0,GREEN
033303801,33,38,1,0.0,GREEN
033303901,33,39,1,0.0,GREEN
033304001,33,40,1,0.0,GREEN
033304101,33,41,1,0.0,GREEN
033304201,33,42,1,0.0,GREEN
033304301,33,43,1,0.0,GREEN
033304401,33,44,1,0.0,GREEN
033304501,33,45,1,0.0,GREEN
033304601,33,46,1,0.0,GREEN
033304701,33,47,1,0.0,GREEN
033304801,33,48,1,0.0,GREEN
033304901,33,49,1,0.0,GREEN
033305001,33,50,1,0.0,GREEN
033305101,33,51,1,0.0,GREEN
033305201,33,52,1,0.0,GREEN
033305301,33,53,1,0.0,GREEN
033305401,33,54,1,0.0,GREEN
033305501,33,55,1,0.0,GREEN
033305601,33,56,1,0.0,GREEN
033305701,33,57,1,0.0,GREEN
033305801,33,58,1,0.0,GREEN
033305901,33,59,1,0.0,GREEN
033306001,33,60,1,0.0,GREEN
033306101,33,61,1,0.0,GREEN
033306201,33,62,1,0.0,GREEN
033306301,33,63,1,0.0,GREEN
033306401,33,64,1,0.0,GREEN
033306501,33,65,1,0.0,GREEN
033306601,33,66,1,0.0,GREEN
033306701,33,67,1,0.0,GREEN
033306801,33,68,1,0.0,GREEN
033306901,33,69,1,0.0,GREEN
033307001,33,70,1,0.0,GREEN
033307101,33,71,1,0.0,GREEN
033307201,33,72,1,0.0,GREEN
033307301,33,73,1,0.0,GREEN
033300102,33,1,2,0.0,GREEN
033300202,33,2,2,0.0,GREEN
033300302,33,3,2,0.0,GREEN
033300402,33,4,2,0.0,GREEN
033300502,33,5,2,0.0,GREEN
033300602,33,6,2,0.0,GREEN
033300702,33,7,2,0.0,GREEN
033300802,33,8,2,0.0,GREEN
033300902,33,9,2,0.0,GREEN
033301002,33,10,2,0.0,GREEN
033301102,33,11,2,0.0,GREEN
033301202,33,12,2,0.0,GREEN
033301302,33,13,2,0.0,GREEN
033301402,33,14,2,0.0,GREEN
033301502,33,15,2,0.0,GREEN
033301602,33,16,2,0.0,GREEN
033301702,33,17,2,0.0,GREEN
033301802,33,18,2,0.0,GREEN
033301902,33,19,2,0.0,GREEN
033302002,33,20,2,0.0,GREEN
033302102,33,21,2,0.0,GREEN
033302202,33,22,2,0.0,GREEN
033302302,33,23,2,0.0,GREEN
033302402,33,24,2,0.0,GREEN
033302502,33,25,2,0.0,GREEN
033302602,33,26,2,0.0,GREEN
033302702,33,27,2,0.0,GREEN
033302802,33,28,2,0.0,GREEN
033302902,33,29,2,0.0,GREEN
033303002,33,30,2,0.0,GREEN
033303102,33,31,2,0.0,GREEN
033303202,33,32,2,0.0,GREEN
033303302,33,33,2,0.0,GREEN
033303402,33,34,2,0.0,GREEN
033303502,33,35,2,0.0,GREEN
033303602,33,36,2,0.0,GREEN
033303702,33,37,2,0.0,GREEN
033303802,33,38,2,0.0,GREEN
033303902,33,39,2,0.0,GREEN
033304002,33,40,2,0.0,GREEN
033304102,33,41,2,0.0,GREEN
033304202,33,42,2,0.0,GREEN
033304302,33,43,2,0.0,GREEN
033304402,33,44,2,0.0,GREEN
033304502,33,45,2,0.0,GREEN
033304602,33,46,2,0.0,GREEN
033304702,33,47,2,0.0,GREEN
033304802,33,48,2,0.0,GREEN
033304902,33,49,2,0.0,GREEN
033305002,33,50,2,0.0,GREEN
033305102,33,51,2,0.0,GREEN
033305202,33,52,2,0.0,GREEN
033305302,33,53,2,0.0,GREEN
033305402,33,54,2,0.0,GREEN
033305502,33,55,2,0.0,GREEN
033305602,33,56,2,0.0,GREEN
033305702,33,57,2,0.0,GREEN
033305802,33,58,2,0.0,GREEN
033305902,33,59,2,0.0,GREEN
033306002,33,60,2,0.0,GREEN
033306102,33,61,2,0.0,GREEN
033306202,33,62,2,0.0,GREEN
033306302,33,63,2,0.0,GREEN
033306402,33,64,2,0.0,GREEN
033306502,33,65,2,0.0,GREEN
033306602,33,66,2,0.0,GREEN
033306702,33,67,2,0.0,GREEN
033306802,33,68,2,0.0,GREEN
033306902,33,69,2,0.0,GREEN
033307002,33,70,2,0.0,GREEN
033307102,33,71,2,0.0,GREEN
033307202,33,72,2,0.0,GREEN
033307302,33,73,2,0.0,GREEN
033300103,33,1,3,0.0,GREEN
033300203,33,2,3,0.0,GREEN
033300303,33,3,3,0.0,GREEN
033300403,33,4,3,0.0,GREEN
033300503,33,5,3,0.0,GREEN
033300603,33,6,3,0.0,GREEN
033300703,33,7,3,0.0,GREEN
033300803,33,8,3,0.0,GREEN
033300903,33,9,3,0.0,GREEN
033301003,33,10,3,0.0,GREEN
033301103,33,11,3,0.0,GREEN
033301203,33,12,3,0.0,GREEN
033301303,33,13,3,0.0,GREEN
033301403,33,14,3,0.0,GREEN
033301503,33,15,3,0.0,GREEN
033301603,33,16,3,0.0,GREEN
033301703,33,17,3,0.0,GREEN
033301803,33,18,3,0.0,GREEN
033301903,33,19,3,0.0,GREEN
033302003,33,20,3,0.0,GREEN
033302103,33,21,3,0.0,GREEN
033302203,33,22,3,0.0,GREEN
033302303,33,23,3,0.0,GREEN
033302403,33,24,3,0.0,GREEN
033302503,33,25,3,0.0,GREEN
033302603,33,26,3,0.0,GREEN
033302703,33,27,3,0.0,GREEN
033302803,33,28,3,0.0,GREEN
033302903,33,29,3,0.0,GREEN
033303003,33,30,3,0.0,GREEN
033303103,33,31,3,0.0,GREEN
033303203,33,32,3,0.0,GREEN
033303303,33,33,3,0.0,GREEN
033303403,33,34,3,0.0,GREEN
033303503,33,35,3,0.0,GREEN
033303603,33,36,3,0.0,GREEN
033303703,33,37,3,0.0,GREEN
033303803,33,38,3,0.0,GREEN
033303903,33,39,3,0.0,GREEN
033304003,33,40,3,0.0,GREEN
033304103,33,41,3,0.0,GREEN
033304203,33,42,3,0.0,GREEN
033304303,33,43,3,0.0,GREEN
033304403,33,44,3,0.0,GREEN
033304503,33,45,3,0.0,GREEN
033304603,33,46,3,0.0,GREEN
033304703,33,47,3,0.0,GREEN
033304803,33,48,3,0.0,GREEN
033304903,33,49,3,0.0,GREEN
033305003,33,50,3,0.0,GREEN
033305103,33,51,3,0.0,GREEN
033305203,33,52,3,0.0,GREEN
033305303,33,53,3,0.0,GREEN
033305403,33,54,3,0.0,GREEN
033305503,33,55,3,0.0,GREEN
033305603,33,56,3,0.0,GREEN
033305703,33,57,3,0.0,GREEN
033305803,33,58,3,0.0,GREEN
033305903,33,59,3,0.0,GREEN
033306003,33,60,3,0.0,GREEN
033306103,33,61,3,0.0,GREEN
033306203,33,62,3,0.0,GREEN
033306303,33,63,3,0.0,GREEN
033306403,33,64,3,0.0,GREEN
033306503,33,65,3,0.0,GREEN
033306603,33,66,3,0.0,GREEN
033306703,33,67,3,0.0,GREEN
033306803,33,68,3,0.0,GREEN
033306903,33,69,3,0.0,GREEN
033307003,33,70,3,0.0,GREEN
033307103,33,71,3,0.0,GREEN
033307203,33,72,3,0.0,GREEN
033307303,33,73,3,0.0,GREEN
033400100,34,1,0,0.0,GREEN
033400200,34,2,0,0.0,GREEN
033400300,34,3,0,0.0,GREEN
033400400,34,4,0,0.0,GREEN
033400500,34,5,0,0.0,GREEN
033400600,34,6,0,0.0,GREEN
033400700,34,7,0,0.0,GREEN
033400800,34,8,0,0.0,GREEN
033400900,34,9,0,0.0,GREEN
033401000,34,10,0,0.0,GREEN
033401100,34,11,0,0.0,GREEN
033401200,34,12,0,0.0,GREEN
033401300,34,13,0,0.0,GREEN
033401400,34,14,0,0.0,GREEN
033401500,34,15,0,0.0,GREEN
033401600,34,16,0,0.0,GREEN
033401700,34,17,0,0.0,GREEN
033401800,34,18,0,0.0,GREEN
033401900,34,19,0,0.0,GREEN
033402000,34,20,0,0.0,GREEN
033402100,34,21,0,0.0,GREEN
033402200,34,22,0,0.0,GREEN
033402300,34,23,0,0.0,GREEN
033402400,34,24,0,0.0,GREEN
033402500,34,25,0,0.0,GREEN
033402600,34,26,0,0.0,GREEN
033402700,34,27,0,0.0,GREEN
033402800,34,28,0,0.0,GREEN
033402900,34,29,0,0.0,GREEN
033403000,34,30,0,0.0,GREEN
033403100,34,31,0,0.0,GREEN
033403200,34,32,0,0.0,GREEN
033403300,34,33,0,0.0,GREEN
033403400,34,34,0,0.0,GREEN
033403500,34,35,0,0.0,GREEN
033403600,34,36,0,0.0,GREEN
033403700,34,37,0,0.0,GREEN
033403800,34,38,0,0.0,GREEN
033403900,34,39,0,0.0,GREEN
033404000,34,40,0,0.0,GREEN
033404100,34,41,0,0.0,GREEN
033404200,34,42,0,0.0,GREEN
033404300,34,43,0,0.0,GREEN
033404400,34,44,0,0.0,GREEN
033404500,34,45,0,0.0,GREEN
033404600,34,46,0,0.0,GREEN
033404700,34,47,0,0.0,GREEN
033404800,34,48,0,0.0,GREEN
033404900,34,49,0,0.0,GREEN
033405000,34,50,0,0.0,GREEN
033405100,34,51,0,0.0,GREEN
033405200,34,52,0,0.0,GREEN
033405300,34,53,0,0.0,GREEN
033405400,34,54,0,0.0,GREEN
033405500,34,55,0,0.0,GREEN
033405600,34,56,0,0.0,GREEN
033405700,34,57,0,0.0,GREEN
033405800,34,58,0,0.0,GREEN
033405900,34,59,0,0.0,GREEN
033406000,34,60,0,0.0,GREEN
033406100,34,61,0,0.0,GREEN
033406200,34,62,0,0.0,GREEN
033406300,34,63,0,0.0,GREEN
033406400,34,64,0,0.0,GREEN
033406500,34,65,0,0.0,GREEN
033406600,34,66,0,0.0,GREEN
033406700,34,67,0,0.0,GREEN
033406800,34,68,0,0.0,GREEN
033406900,34,69,0,0.0,GREEN
033407000,34,70,0,0.0,GREEN
033407100,34,71,0,0.0,GREEN
033407200,34,72,0,0.0,GREEN
033407300,34,73,0,0.0,GREEN
033400101,34,1,1,0.0,GREEN
033400201,34,2,1,0.0,GREEN
033400301,34,3,1,0.0,GREEN
033400401,34,4,1,0.0,GREEN
033400501,34,5,1,0.0,GREEN
033400601,34,6,1,0.0,GREEN
033400701,34,7,1,0.0,GREEN
033400801,34,8,1,0.0,GREEN
033400901,34,9,1,0.0,GREEN
033401001,34,10,1,0.0,GREEN
033401101,34,11,1,0.0,GREEN
033401201,34,12,1,0.0,GREEN
033401301,34,13,1,0.0,GREEN
033401401,34,14,1,0.0,GREEN
033401501,34,15,1,0.0,GREEN
033401601,34,16,1,0.0,GREEN
033401701,34,17,1,0.0,GREEN
033401801,34,18,1,0.0,GREEN
033401901,34,19,1,0.0,GREEN
033402001,34,20,1,0.0,GREEN
033402101,34,21,1,0.0,GREEN
033402201,34,22,1,0.0,GREEN
033402301,34,23,1,0.0,GREEN
033402401,34,24,1,0.0,GREEN
033402501,34,25,1,0.0,GREEN
033402601,34,26,1,0.0,GREEN
033402701,34,27,1,0.0,GREEN
033402801,34,28,1,0.0,GREEN
033402901,34,29,1,0.0,GREEN
033403001,34,30,1,0.0,GREEN
033403101,34,31,1,0.0,GREEN
033403201,34,32,1,0.0,GREEN
033403301,34,33,1,0.0,GREEN
033403401,34,34,1,0.0,GREEN
033403501,34,35,1,0.0,GREEN
033403601,34,36,1,0.0,GREEN
033403701,34,37,1,0.0,GREEN
033403801,34,38,1,0.0,GREEN
033403901,34,39,1,0.0,GREEN
033404001,34,40,1,0.0,GREEN
033404101,34,41,1,0.0,GREEN
033404201,34,42,1,0.0,GREEN
033404301,34,43,1,0.0,GREEN
033404401,34,44,1,0.0,GREEN
033404501,34,45,1,0.0,GREEN
033404601,34,46,1,0.0,GREEN
033404701,34,47,1,0.0,GREEN
033404801,34,48,1,0.0,GREEN
033404901,34,49,1,0.0,GREEN
033405001,34,50,1,0.0,GREEN
033405101,34,51,1,0.0,GREEN
033405201,34,52,1,0.0,GREEN
033405301,34,53,1,0.0,GREEN
033405401,34,54,1,0.0,GREEN
033405501,34,55,1,0.0,GREEN
033405601,34,56,1,0.0,GREEN
033405701,34,57,1,0.0,GREEN
033405801,34,58,1,0.0,GREEN
033405901,34,59,1,0.0,GREEN
033406001,34,60,1,0.0,GREEN
033406101,34,61,1,0.0,GREEN
033406201,34,62,1,0.0,GREEN
033406301,34,63,1,0.0,GREEN
033406401,34,64,1,0.0,GREEN
033406501,34,65,1,0.0,GREEN
033406601,34,66,1,0.0,GREEN
033406701,34,67,1,0.0,GREEN
033406801,34,68,1,0.0,GREEN
033406901,34,69,1,0.0,GREEN
033407001,34,70,1,0.0,GREEN
033407101,34,71,1,0.0,GREEN
033407201,34,72,1,0.0,GREEN
033407301,34,73,1,0.0,GREEN
033400102,34,1,2,0.0,GREEN
033400202,34,2,2,0.0,GREEN
033400302,34,3,2,0.0,GREEN
033400402,34,4,2,0.0,GREEN
033400502,34,5,2,0.0,GREEN
033400602,34,6,2,0.0,GREEN
033400702,34,7,2,0.0,GREEN
033400802,34,8,2,0.0,GREEN
033400902,34,9,2,0.0,GREEN
033401002,34,10,2,0.0,GREEN
033401102,34,11,2,0.0,GREEN
033401202,34,12,2,0.0,GREEN
033401302,34,13,2,0.0,GREEN
033401402,34,14,2,0.0,GREEN
033401502,34,15,2,0.0,GREEN
033401602,34,16,2,0.0,GREEN
033401702,34,17,2,0.0,GREEN
033401802,34,18,2,0.0,GREEN
033401902,34,19,2,0.0,GREEN
033402002,34,20,2,0.0,GREEN
033402102,34,21,2,0.0,GREEN
033402202,34,22,2,0.0,GREEN
033402302,34,23,2,0.0,GREEN
033402402,34,24,2,0.0,GREEN
033402502,34,25,2,0.0,GREEN
033402602,34,26,2,0.0,GREEN
033402702,34,27,2,0.0,GREEN
033402802,34,28,2,0.0,GREEN
033402902,34,29,2,0.0,GREEN
033403002,34,30,2,0.0,GREEN
033403102,34,31,2,0.0,GREEN
033403202,34,32,2,0.0,GREEN
033403302,34,33,2,0.0,GREEN
033403402,34,34,2,0.0,GREEN
033403502,34,35,2,0.0,GREEN
033403602,34,36,2,0.0,GREEN
033403702,34,37,2,0.0,GREEN
033403802,34,38,2,0.0,GREEN
033403902,34,39,2,0.0,GREEN
033404002,34,40,2,0.0,GREEN
033404102,34,41,2,0.0,GREEN
033404202,34,42,2,0.0,GREEN
033404302,34,43,2,0.0,GREEN
033404402,34,44,2,0.0,GREEN
033404502,34,45,2,0.0,GREEN
033404602,34,46,2,0.0,GREEN
033404702,34,47,2,0.0,GREEN
033404802,34,48,2,0.0,GREEN
033404902,34,49,2,0.0,GREEN
033405002,34,50,2,0.0,GREEN
033405102,34,51,2,0.0,GREEN
033405202,34,52,2,0.0,GREEN
033405302,34,53,2,0.0,GREEN
033405402,34,54,2,0.0,GREEN
033405502,34,55,2,0.0,GREEN
033405602,34,56,2,0.0,GREEN
033405702,34,57,2,0.0,GREEN
033405802,34,58,2,0.0,GREEN
033405902,34,59,2,0.0,GREEN
033406002,34,60,2,0.0,GREEN
033406102,34,61,2,0.0,GREEN
033406202,34,62,2,0.0,GREEN
033406302,34,63,2,0.0,GREEN
033406402,34,64,2,0.0,GREEN
033406502,34,65,2,0.0,GREEN
033406602,34,66,2,0.0,GREEN
033406702,34,67,2,0.0,GREEN
033406802,34,68,2,0.0,GREEN
033406902,34,69,2,0.0,GREEN
033407002,34,70,2,0.0,GREEN
033407102,34,71,2,0.0,GREEN
033407202,34,72,2,0.0,GREEN
033407302,34,73,2,0.0,GREEN
033400103,34,1,3,0.0,GREEN
033400203,34,2,3,0.0,GREEN
033400303,34,3,3,0.0,GREEN
033400403,34,4,3,0.0,GREEN
033400503,34,5,3,0.0,GREEN
033400603,34,6,3,0.0,GREEN
033400703,34,7,3,0.0,GREEN
033400803,34,8,3,0.0,GREEN
033400903,34,9,3,0.0,GREEN
033401003,34,10,3,0.0,GREEN
033401103,34,11,3,0.0,GREEN
033401203,34,12,3,0.0,GREEN
033401303,34,13,3,0.0,GREEN
033401403,34,14,3,0.0,GREEN
033401503,34,15,3,0.0,GREEN
033401603,34,16,3,0.0,GREEN
033401703,34,17,3,0.0,GREEN
033401803,34,18,3,0.0,GREEN
033401903,34,19,3,0.0,GREEN
033402003,34,20,3,0.0,GREEN
033402103,34,21,3,0.0,GREEN
033402203,34,22,3,0.0,GREEN
033402303,34,23,3,0.0,GREEN
033402403,34,24,3,0.0,GREEN
033402503,34,25,3,0.0,GREEN
033402603,34,26,3,0.0,GREEN
033402703,34,27,3,0.0,GREEN
033402803,34,28,3,0.0,GREEN
033402903,34,29,3,0.0,GREEN
033403003,34,30,3,0.0,GREEN
033403103,34,31,3,0.0,GREEN
033403203,34,32,3,0.0,GREEN
033403303,34,33,3,0.0,GREEN
033403403,34,34,3,0.0,GREEN
033403503,34,35,3,0.0,GREEN
033403603,34,36,3,0.0,GREEN
033403703,34,37,3,0.0,GREEN
033403803,34,38,3,0.0,GREEN
033403903,34,39,3,0.0,GREEN
033404003,34,40,3,0.0,GREEN
033404103,34,41,3,0.0,GREEN
033404203,34,42,3,0.0,GREEN
033404303,34,43,3,0.0,GREEN
033404403,34,44,3,0.0,GREEN
033404503,34,45,3,0.0,GREEN
033404603,34,46,3,0.0,GREEN
033404703,34,47,3,0.0,GREEN
033404803,34,48,3,0.0,GREEN
033404903,34,49,3,0.0,GREEN
033405003,34,50,3,0.0,GREEN
033405103,34,51,3,0.0,GREEN
033405203,34,52,3,0.0,GREEN
033405303,34,53,3,0.0,GREEN
033405403,34,54,3,0.0,GREEN
033405503,34,55,3,0.0,GREEN
033405603,34,56,3,0.0,GREEN
033405703,34,57,3,0.0,GREEN
033405803,34,58,3,0.0,GREEN
033405903,34,59,3,0.0,GREEN
033406003,34,60,3,0.0,GREEN
033406103,34,61,3,0.0,GREEN
033406203,34,62,3,0.0,GREEN
033406303,34,63,3,0.0,GREEN
033406403,34,64,3,0.0,GREEN
033406503,34,65,3,0.0,GREEN
033406603,34,66,3,0.0,GREEN
033406703,34,67,3,0.0,GREEN
033406803,34,68,3,0.0,GREEN
033406903,34,69,3,0.0,GREEN
033407003,34,70,3,0.0,GREEN
033407103,34,71,3,0.0,GREEN
033407203,34,72,3,0.0,GREEN
033407303,34,73,3,0.0,GREEN
033500100,35,1,0,0.0,GREEN
033500200,35,2,0,0.0,GREEN
033500300,35,3,0,0.0,GREEN
033500400,35,4,0,0.0,GREEN
033500500,35,5,0,0.0,GREEN
033500600,35,6,0,0.0,GREEN
033500700,35,7,0,0.0,GREEN
033500800,35,8,0,0.0,GREEN
033500900,35,9,0,0.0,GREEN
033501000,35,10,0,0.0,GREEN
033501100,35,11,0,0.0,GREEN
033501200,35,12,0,0.0,GREEN
033501300,35,13,0,0.0,GREEN
033501400,35,14,0,0.0,GREEN
033501500,35,15,0,0.0,GREEN
033501600,35,16,0,0.0,GREEN
033501700,35,17,0,0.0,GREEN
033501800,35,18,0,0.0,GREEN
033501900,35,19,0,0.0,GREEN
033502000,35,20,0,0.0,GREEN
033502100,35,21,0,0.0,GREEN
033502200,35,22,0,0.0,GREEN
033502300,35,23,0,0.0,GREEN
033502400,35,24,0,0.0,GREEN
033502500,35,25,0,0.0,GREEN
033502600,35,26,0,0.0,GREEN
033502700,35,27,0,0.0,GREEN
033502800,35,28,0,0.0,GREEN
033502900,35,29,0,0.0,GREEN
033503000,35,30,0,0.0,GREEN
033503100,35,31,0,0.0,GREEN
033503200,35,32,0,0.0,GREEN
033503300,35,33,0,0.0,GREEN
033503400,35,34,0,0.0,GREEN
033503500,35,35,0,0.0,GREEN
033503600,35,36,0,0.0,GREEN
033503700,35,37,0,0.0,GREEN
034402805,44,28,5,0.0,GREEN
034809713,48,97,13,0.0,GREEN
034814713,48,147,13,0.0,GREEN
034403503,44,35,3,0.0,GREEN
034402000,44,20,0,0.0,GREEN
034405701,44,57,1,0.0,GREEN
034401100,44,11,0,0.0,GREEN
034406001,44,60,1,0.0,GREEN
034107200,41,72,0,0.0,GREEN
034203000,42,30,0,0.0,GREEN
034803311,48,33,11,0.0,GREEN
034802710,48,27,10,0.0,GREEN
034801306,48,13,6,0.0,GREEN
034404500,44,45,0,0.0,GREEN
034813212,48,132,12,0.0,GREEN
034807412,48,74,12,0.0,GREEN
034400000,44,0,0,0.0,GREEN
034500000,45,0,0,0.0,GREEN
034600000,46,0,0,0.0,GREEN
034700000,47,0,0,0.0,GREEN
034810211,48,102,11,0.0,GREEN
034405100,44,51,0,0.0,GREEN
034607210,46,72,10,0.0,GREEN
034607110,46,71,10,0.0,GREEN
034603100,46,31,0,0.0,GREEN
034603101,46,31,1,0.0,GREEN
034603102,46,31,2,0.0,GREEN
034603103,46,31,3,0.0,GREEN
034603104,46,31,4,0.0,GREEN
034603105,46,31,5,0.0,GREEN
034603106,46,31,6,0.0,GREEN
034702810,47,28,10,0.0,GREEN
034702710,47,27,10,0.0,GREEN
034702610,47,26,10,0.0,GREEN
034701200,47,12,0,0.0,GREEN
034701201,47,12,1,0.0,GREEN
034701202,47,12,2,0.0,GREEN
034701204,47,12,4,0.0,GREEN
034701205,47,12,5,0.0,GREEN
034701206,47,12,6,0.0,GREEN
034607010,46,70,10,0.0,GREEN
034606910,46,69,10,0.0,GREEN
034606810,46,68,10,0.0,GREEN
034603001,46,30,1,0.0,GREEN
034603002,46,30,2,0.0,GREEN
034603003,46,30,3,0.0,GREEN
034402604,44,26,4,0.0,GREEN
034707610,47,76,10,0.0,GREEN
034707510,47,75,10,0.0,GREEN
034703300,47,33,0,0.0,GREEN
034703301,47,33,1,0.0,GREEN
034703302,47,33,2,0.0,GREEN
034703304,47,33,4,0.0,GREEN
034703305,47,33,5,0.0,GREEN
034703306,47,33,6,0.0,GREEN
034504910,45,49,10,0.0,GREEN
034504912,45,49,12,100.0,RED
034504810,45,48,10,0.0,GREEN
034504710,45,47,10,0.0,GREEN
034502100,45,21,0,0.0,GREEN
034502101,45,21,1,0.0,GREEN
034502103,45,21,3,0.0,GREEN
034502104,45,21,4,0.0,GREEN
034502105,45,21,5,0.0,GREEN
034707910,47,79,10,0.0,GREEN
034707810,47,78,10,0.0,GREEN
034703400,47,34,0,0.0,GREEN
034703401,47,34,1,0.0,GREEN
034703402,47,34,2,0.0,GREEN
034703403,47,34,3,0.0,GREEN
034703404,47,34,4,0.0,GREEN
034703405,47,34,5,0.0,GREEN
034703406,47,34,6,0.0,GREEN
034600404,46,4,4,0.0,GREEN
034600405,46,4,5,0.0,GREEN
034600406,46,4,6,0.0,GREEN
034600300,46,3,0,0.0,GREEN
034600301,46,3,1,0.0,GREEN
034600303,46,3,3,0.0,GREEN
034600304,46,3,4,0.0,GREEN
034600305,46,3,5,0.0,GREEN
034600200,46,2,0,0.0,GREEN
034600201,46,2,1,0.0,GREEN
034600202,46,2,2,0.0,GREEN
034600203,46,2,3,0.0,GREEN
034600204,46,2,4,0.0,GREEN
034600205,46,2,5,0.0,GREEN
034600206,46,2,6,0.0,GREEN
034600100,46,1,0,0.0,GREEN
034600101,46,1,1,0.0,GREEN
034600102,46,1,2,0.0,GREEN
034600103,46,1,3,0.0,GREEN
034600104,46,1,4,0.0,GREEN
034600105,46,1,5,0.0,GREEN
034600106,46,1,6,0.0,GREEN
034500400,45,4,0,0.0,GREEN
034500401,45,4,1,0.0,GREEN
034603004,46,30,4,0.0,GREEN
034500402,45,4,2,0.0,GREEN
034500404,45,4,4,0.0,GREEN
034500405,45,4,5,0.0,GREEN
034500406,45,4,6,0.0,GREEN
034500300,45,3,0,0.0,GREEN
034500301,45,3,1,0.0,GREEN
034500302,45,3,2,0.0,GREEN
034500303,45,3,3,0.0,GREEN
034500304,45,3,4,0.0,GREEN
034500305,45,3,5,0.0,GREEN
034500306,45,3,6,0.0,GREEN
034500200,45,2,0,0.0,GREEN
034500201,45,2,1,0.0,GREEN
034500202,45,2,2,0.0,GREEN
034500203,45,2,3,0.0,GREEN
034500204,45,2,4,0.0,GREEN
034500205,45,2,5,0.0,GREEN
034500206,45,2,6,0.0,GREEN
034500100,45,1,0,0.0,GREEN
034500101,45,1,1,0.0,GREEN
034500102,45,1,2,0.0,GREEN
034500103,45,1,3,0.0,GREEN
034500104,45,1,4,0.0,GREEN
034500105,45,1,5,0.0,GREEN
034500106,45,1,6,0.0,GREEN
034504610,45,46,10,0.0,GREEN
034504510,45,45,10,0.0,GREEN
034504512,45,45,12,100.0,RED
034502000,45,20,0,0.0,GREEN
034502001,45,20,1,0.0,GREEN
034502002,45,20,2,0.0,GREEN
034502003,45,20,3,0.0,GREEN
034502005,45,20,5,0.0,GREEN
034502006,45,20,6,0.0,GREEN
034708110,47,81,10,0.0,GREEN
034708010,47,80,10,0.0,GREEN
034703500,47,35,0,0.0,GREEN
034703501,47,35,1,0.0,GREEN
034703502,47,35,2,0.0,GREEN
034703503,47,35,3,0.0,GREEN
034703504,47,35,4,0.0,GREEN
034703505,47,35,5,0.0,GREEN
034604410,46,44,10,0.0,GREEN
034604310,46,43,10,0.0,GREEN
034601900,46,19,0,0.0,GREEN
034601901,46,19,1,0.0,GREEN
034601902,46,19,2,0.0,GREEN
034601903,46,19,3,0.0,GREEN
034601904,46,19,4,0.0,GREEN
034601905,46,19,5,0.0,GREEN
034601906,46,19,6,0.0,GREEN
034708410,47,84,10,0.0,GREEN
034802011,48,20,11,0.0,GREEN
034802012,48,20,12,0.0,GREEN
034801910,48,19,10,0.0,GREEN
034801911,48,19,11,0.0,GREEN
034801912,48,19,12,0.0,GREEN
034801913,48,19,13,0.0,GREEN
034800904,48,9,4,100.0,RED
034800906,48,9,6,0.0,GREEN
034504100,45,41,0,0.0,GREEN
034504101,45,41,1,0.0,GREEN
034504102,45,41,2,0.0,GREEN
034504103,45,41,3,0.0,GREEN
034504104,45,41,4,0.0,GREEN
034504105,45,41,5,0.0,GREEN
034406601,44,66,1,0.0,GREEN
034406602,44,66,2,0.0,GREEN
034406603,44,66,3,0.0,GREEN
034406604,44,66,4,0.0,GREEN
034406605,44,66,5,0.0,GREEN
034406606,44,66,6,0.0,GREEN
034801810,48,18,10,0.0,GREEN
034801812,48,18,12,0.0,GREEN
034801813,48,18,13,0.0,GREEN
034801710,48,17,10,0.0,GREEN
034801711,48,17,11,0.0,GREEN
034801712,48,17,12,0.0,GREEN
034801713,48,17,13,0.0,GREEN
034800800,48,8,0,0.0,GREEN
034604000,46,40,0,0.0,GREEN
034604001,46,40,1,0.0,GREEN
034604002,46,40,2,0.0,GREEN
034604003,46,40,3,0.0,GREEN
034604004,46,40,4,0.0,GREEN
034604005,46,40,5,0.0,GREEN
034406700,44,67,0,0.0,GREEN
034406701,44,67,1,0.0,GREEN
034603005,46,30,5,0.0,GREEN
034603006,46,30,6,0.0,GREEN
034703010,47,30,10,0.0,GREEN
034702910,47,29,10,0.0,GREEN
034701300,47,13,0,0.0,GREEN
034701301,47,13,1,0.0,GREEN
034701302,47,13,2,0.0,GREEN
034701303,47,13,3,0.0,GREEN
034701304,47,13,4,0.0,GREEN
034701306,47,13,6,0.0,GREEN
034606710,46,67,10,0.0,GREEN
034606610,46,66,10,0.0,GREEN
034708210,47,82,10,0.0,GREEN
034703600,47,36,0,0.0,GREEN
034703601,47,36,1,0.0,GREEN
034703602,47,36,2,0.0,GREEN
034703603,47,36,3,0.0,GREEN
034703604,47,36,4,0.0,GREEN
034703605,47,36,5,0.0,GREEN
034703606,47,36,6,0.0,GREEN
034604210,46,42,10,0.0,GREEN
034604212,46,42,12,200.0,RED
034604110,46,41,10,0.0,GREEN
034604111,46,41,11,100.0,RED
034604010,46,40,10,0.0,GREEN
034601800,46,18,0,0.0,GREEN
034601801,46,18,1,0.0,GREEN
034601802,46,18,2,0.0,GREEN
034601803,46,18,3,0.0,GREEN
034601804,46,18,4,0.0,GREEN
034601805,46,18,5,0.0,GREEN
034708610,47,86,10,0.0,GREEN
034708510,47,85,10,0.0,GREEN
034703700,47,37,0,0.0,GREEN
034703701,47,37,1,0.0,GREEN
034703702,47,37,2,0.0,GREEN
034703703,47,37,3,0.0,GREEN
034703704,47,37,4,0.0,GREEN
034703705,47,37,5,0.0,GREEN
034603910,46,39,10,0.0,GREEN
034406702,44,67,2,100.0,RED
034406703,44,67,3,0.0,GREEN
034406705,44,67,5,0.0,GREEN
034406706,44,67,6,0.0,GREEN
034801610,48,16,10,0.0,GREEN
034801611,48,16,11,0.0,GREEN
034801612,48,16,12,0.0,GREEN
034801613,48,16,13,0.0,GREEN
034801510,48,15,10,0.0,GREEN
034801512,48,15,12,0.0,GREEN
034801513,48,15,13,0.0,GREEN
034800706,48,7,6,0.0,GREEN
034603900,46,39,0,0.0,GREEN
034603901,46,39,1,0.0,GREEN
034603902,46,39,2,0.0,GREEN
034603903,46,39,3,0.0,GREEN
034603904,46,39,4,0.0,GREEN
034603905,46,39,5,0.0,GREEN
034406801,44,68,1,0.0,GREEN
034406802,44,68,2,0.0,GREEN
034406803,44,68,3,0.0,GREEN
034406805,44,68,5,0.0,GREEN
034406806,44,68,6,0.0,GREEN
034801410,48,14,10,0.0,GREEN
034801411,48,14,11,0.0,GREEN
034801412,48,14,12,0.0,GREEN
034801413,48,14,13,0.0,GREEN
034801310,48,13,10,0.0,GREEN
034801311,48,13,11,0.0,GREEN
034801312,48,13,12,0.0,GREEN
034801313,48,13,13,0.0,GREEN
034801210,48,12,10,0.0,GREEN
034801211,48,12,11,0.0,GREEN
034801212,48,12,12,0.0,GREEN
034801213,48,12,13,0.0,GREEN
034800600,48,6,0,0.0,GREEN
034813610,48,136,10,0.0,GREEN
034703506,47,35,6,0.0,GREEN
034703710,47,37,10,0.0,GREEN
034402904,44,29,4,0.0,GREEN
034801511,48,15,11,0.0,GREEN
034501003,45,10,3,0.0,GREEN
034503403,45,34,3,0.0,GREEN
034502004,45,20,4,0.0,GREEN
034502102,45,21,2,0.0,GREEN
034405303,44,53,3,0.0,GREEN
034502906,45,29,6,0.0,GREEN
034503704,45,37,4,0.0,GREEN
034506210,45,62,10,0.0,GREEN
034503004,45,30,4,0.0,GREEN
034603303,46,33,3,0.0,GREEN
034603204,46,32,4,0.0,GREEN
034708310,47,83,10,0.0,GREEN
034600905,46,9,5,0.0,GREEN
034602001,46,20,1,0.0,GREEN
034601806,46,18,6,0.0,GREEN
034602401,46,24,1,0.0,GREEN
034602901,46,29,1,0.0,GREEN
034602902,46,29,2,0.0,GREEN
034602903,46,29,3,0.0,GREEN
034602905,46,29,5,0.0,GREEN
034602906,46,29,6,0.0,GREEN
034703210,47,32,10,0.0,GREEN
034703110,47,31,10,0.0,GREEN
034701400,47,14,0,0.0,GREEN
034701401,47,14,1,0.0,GREEN
034701402,47,14,2,0.0,GREEN
034701403,47,14,3,0.0,GREEN
034701404,47,14,4,0.0,GREEN
034701405,47,14,5,0.0,GREEN
034701406,47,14,6,0.0,GREEN
034507213,45,72,13,100.0,RED
034507110,45,71,10,0.0,GREEN
034503100,45,31,0,0.0,GREEN
034503101,45,31,1,0.0,GREEN
034503102,45,31,2,0.0,GREEN
034503103,45,31,3,0.0,GREEN
034503104,45,31,4,0.0,GREEN
034503105,45,31,5,0.0,GREEN
034503106,45,31,6,0.0,GREEN
034603912,46,39,12,100.0,RED
034603810,46,38,10,0.0,GREEN
034601702,46,17,2,0.0,GREEN
034601703,46,17,3,0.0,GREEN
034601704,46,17,4,0.0,GREEN
034601705,46,17,5,0.0,GREEN
034601706,46,17,6,0.0,GREEN
034708710,47,87,10,0.0,GREEN
034703800,47,38,0,0.0,GREEN
034703801,47,38,1,0.0,GREEN
034703802,47,38,2,0.0,GREEN
034703803,47,38,3,0.0,GREEN
034703804,47,38,4,0.0,GREEN
034703805,47,38,5,0.0,GREEN
034504410,45,44,10,0.0,GREEN
034504412,45,44,12,100.0,RED
034504310,45,43,10,0.0,GREEN
034504312,45,43,12,100.0,RED
034501900,45,19,0,0.0,GREEN
034501901,45,19,1,0.0,GREEN
034501902,45,19,2,0.0,GREEN
034501903,45,19,3,0.0,GREEN
034501904,45,19,4,0.0,GREEN
034501905,45,19,5,0.0,GREEN
034501906,45,19,6,0.0,GREEN
034703900,47,39,0,0.0,GREEN
034703901,47,39,1,0.0,GREEN
034703902,47,39,2,0.0,GREEN
034703903,47,39,3,0.0,GREEN
034703904,47,39,4,0.0,GREEN
034703905,47,39,5,0.0,GREEN
034504210,45,42,10,0.0,GREEN
034800606,48,6,6,0.0,GREEN
034608710,46,87,10,0.0,GREEN
034603800,46,38,0,0.0,GREEN
034603801,46,38,1,0.0,GREEN
034603802,46,38,2,0.0,GREEN
034603803,46,38,3,0.0,GREEN
034603804,46,38,4,0.0,GREEN
034603805,46,38,5,0.0,GREEN
034406900,44,69,0,0.0,GREEN
034406901,44,69,1,0.0,GREEN
034406903,44,69,3,0.0,GREEN
034406904,44,69,4,0.0,GREEN
034406905,44,69,5,0.0,GREEN
034406906,44,69,6,0.0,GREEN
034801110,48,11,10,0.0,GREEN
034801111,48,11,11,0.0,GREEN
034801010,48,10,10,0.0,GREEN
034801011,48,10,11,0.0,GREEN
034801012,48,10,12,0.0,GREEN
034801013,48,10,13,0.0,GREEN
034800910,48,9,10,0.0,GREEN
034800911,48,9,11,0.0,GREEN
034800912,48,9,12,0.0,GREEN
034800503,48,5,3,0.0,GREEN
034504000,45,40,0,0.0,GREEN
034504001,45,40,1,0.0,GREEN
034504002,45,40,2,0.0,GREEN
034504003,45,40,3,0.0,GREEN
034504004,45,40,4,0.0,GREEN
034504005,45,40,5,0.0,GREEN
034602501,46,25,1,0.0,GREEN
034607713,46,77,13,100.0,RED
034401500,44,15,0,0.0,GREEN
034602512,46,25,12,100.0,RED
034504110,45,41,10,0.0,GREEN
034702501,47,25,1,0.0,GREEN
034703706,47,37,6,0.0,GREEN
034703303,47,33,3,0.0,GREEN
034700601,47,6,1,0.0,GREEN
034700204,47,2,4,0.0,GREEN
034703510,47,35,10,0.0,GREEN
034703410,47,34,10,0.0,GREEN
034703310,47,33,10,0.0,GREEN
034701500,47,15,0,0.0,GREEN
034701501,47,15,1,0.0,GREEN
034701502,47,15,2,0.0,GREEN
034701503,47,15,3,0.0,GREEN
034701504,47,15,4,0.0,GREEN
034701505,47,15,5,0.0,GREEN
034701506,47,15,6,0.0,GREEN
034507010,45,70,10,0.0,GREEN
034506810,45,68,10,0.0,GREEN
034506812,45,68,12,100.0,RED
034503000,45,30,0,0.0,GREEN
034503002,45,30,2,0.0,GREEN
034503003,45,30,3,0.0,GREEN
034503005,45,30,5,0.0,GREEN
034503006,45,30,6,0.0,GREEN
034703610,47,36,10,0.0,GREEN
034701600,47,16,0,0.0,GREEN
034701601,47,16,1,0.0,GREEN
034701602,47,16,2,0.0,GREEN
034504010,45,40,10,0.0,GREEN
034504012,45,40,12,100.0,RED
034501801,45,18,1,0.0,GREEN
034501802,45,18,2,0.0,GREEN
034501803,45,18,3,0.0,GREEN
034501804,45,18,4,0.0,GREEN
034501805,45,18,5,0.0,GREEN
034501806,45,18,6,0.0,GREEN
034704000,47,40,0,0.0,GREEN
034704001,47,40,1,0.0,GREEN
034704002,47,40,2,0.0,GREEN
034704003,47,40,3,0.0,GREEN
034704004,47,40,4,0.0,GREEN
034704005,47,40,5,0.0,GREEN
034503910,45,39,10,0.0,GREEN
034503810,45,38,10,0.0,GREEN
034501700,45,17,0,0.0,GREEN
034501701,45,17,1,0.0,GREEN
034501702,45,17,2,0.0,GREEN
034501703,45,17,3,0.0,GREEN
034501704,45,17,4,0.0,GREEN
034501705,45,17,5,0.0,GREEN
034501706,45,17,6,0.0,GREEN
034603710,46,37,10,0.0,GREEN
034603713,46,37,13,100.0,RED
034603610,46,36,10,0.0,GREEN
034603613,46,36,13,100.0,RED
034601600,46,16,0,100.0,RED
034601601,46,16,1,0.0,GREEN
034407000,44,70,0,0.0,GREEN
034407001,44,70,1,0.0,GREEN
034407002,44,70,2,0.0,GREEN
034407003,44,70,3,0.0,GREEN
034407004,44,70,4,0.0,GREEN
034407005,44,70,5,0.0,GREEN
034407006,44,70,6,0.0,GREEN
034800913,48,9,13,0.0,GREEN
034800810,48,8,10,0.0,GREEN
034800811,48,8,11,0.0,GREEN
034800812,48,8,12,0.0,GREEN
034800813,48,8,13,0.0,GREEN
034503900,45,39,0,0.0,GREEN
034503902,45,39,2,0.0,GREEN
034503903,45,39,3,0.0,GREEN
034503904,45,39,4,0.0,GREEN
034503905,45,39,5,0.0,GREEN
034407100,44,71,0,0.0,GREEN
034407102,44,71,2,0.0,GREEN
034407103,44,71,3,0.0,GREEN
034407104,44,71,4,0.0,GREEN
034407106,44,71,6,0.0,GREEN
034800710,48,7,10,0.0,GREEN
034800711,48,7,11,0.0,GREEN
034800712,48,7,12,0.0,GREEN
034800713,48,7,13,0.0,GREEN
034800610,48,6,10,0.0,GREEN
034800611,48,6,11,0.0,GREEN
034800612,48,6,12,0.0,GREEN
034800510,48,5,10,0.0,GREEN
034800511,48,5,11,0.0,GREEN
034800512,48,5,12,0.0,GREEN
034800513,48,5,13,0.0,GREEN
034508710,45,87,10,0.0,GREEN
034503800,45,38,0,0.0,GREEN
034503801,45,38,1,0.0,GREEN
034503802,45,38,2,0.0,GREEN
034503804,45,38,4,0.0,GREEN
034407200,44,72,0,0.0,GREEN
034407201,44,72,1,0.0,GREEN
034407202,44,72,2,0.0,GREEN
034501010,45,10,10,0.0,GREEN
034506910,45,69,10,0.0,GREEN
034700605,47,6,5,0.0,GREEN
034700702,47,7,2,0.0,GREEN
034700905,47,9,5,0.0,GREEN
034701101,47,11,1,0.0,GREEN
034701203,47,12,3,0.0,GREEN
034701701,47,17,1,0.0,GREEN
034503202,45,32,2,0.0,GREEN
034507210,45,72,10,0.0,GREEN
034702005,47,20,5,0.0,GREEN
034701603,47,16,3,0.0,GREEN
034701604,47,16,4,0.0,GREEN
034701605,47,16,5,0.0,GREEN
034701606,47,16,6,0.0,GREEN
034506710,45,67,10,0.0,GREEN
034506712,45,67,12,100.0,RED
034506612,45,66,12,100.0,RED
034502900,45,29,0,0.0,GREEN
034502901,45,29,1,0.0,GREEN
034502902,45,29,2,0.0,GREEN
034502903,45,29,3,100.0,RED
034502904,45,29,4,0.0,GREEN
034502905,45,29,5,0.0,GREEN
034703910,47,39,10,0.0,GREEN
034703810,47,38,10,0.0,GREEN
034701700,47,17,0,0.0,GREEN
034701702,47,17,2,0.0,GREEN
034701703,47,17,3,0.0,GREEN
034701704,47,17,4,0.0,GREEN
034701705,47,17,5,0.0,GREEN
034701706,47,17,6,0.0,GREEN
034606510,46,65,10,0.0,GREEN
034606410,46,64,10,0.0,GREEN
034602801,46,28,1,0.0,GREEN
034602802,46,28,2,0.0,GREEN
034602803,46,28,3,0.0,GREEN
034602804,46,28,4,0.0,GREEN
034602805,46,28,5,0.0,GREEN
034602806,46,28,6,0.0,GREEN
034601602,46,16,2,0.0,GREEN
034601603,46,16,3,0.0,GREEN
034601604,46,16,4,0.0,GREEN
034601605,46,16,5,0.0,GREEN
034601606,46,16,6,0.0,GREEN
034603510,46,35,10,0.0,GREEN
034603512,46,35,12,200.0,RED
034603410,46,34,10,0.0,GREEN
034603413,46,34,13,100.0,RED
034603310,46,33,10,0.0,GREEN
034601500,46,15,0,0.0,GREEN
034601501,46,15,1,0.0,GREEN
034601502,46,15,2,0.0,GREEN
034601503,46,15,3,0.0,GREEN
034601505,46,15,5,0.0,GREEN
034407203,44,72,3,0.0,GREEN
034407204,44,72,4,0.0,GREEN
034407205,44,72,5,0.0,GREEN
034407206,44,72,6,0.0,GREEN
034800410,48,4,10,0.0,GREEN
034800411,48,4,11,0.0,GREEN
034800412,48,4,12,0.0,GREEN
034800413,48,4,13,0.0,GREEN
034800403,48,4,3,100.0,RED
034800406,48,4,6,0.0,GREEN
034800310,48,3,10,0.0,GREEN
034800311,48,3,11,0.0,GREEN
034800312,48,3,12,0.0,GREEN
034800313,48,3,13,0.0,GREEN
034800302,48,3,2,100.0,RED
034800306,48,3,6,0.0,GREEN
034608610,46,86,10,0.0,GREEN
034608510,46,85,10,0.0,GREEN
034603701,46,37,1,0.0,GREEN
034603702,46,37,2,0.0,GREEN
034603703,46,37,3,0.0,GREEN
034603704,46,37,4,0.0,GREEN
034603705,46,37,5,0.0,GREEN
034603706,46,37,6,0.0,GREEN
034407300,44,73,0,0.0,GREEN
034407302,44,73,2,0.0,GREEN
034407303,44,73,3,0.0,GREEN
034407304,44,73,4,0.0,GREEN
034407305,44,73,5,0.0,GREEN
034407306,44,73,6,0.0,GREEN
034800210,48,2,10,0.0,GREEN
034800211,48,2,11,0.0,GREEN
034702402,47,24,2,0.0,GREEN
034702304,47,23,4,0.0,GREEN
034501710,45,17,10,0.0,GREEN
034602306,46,23,6,0.0,GREEN
034705110,47,51,10,0.0,GREEN
034403300,44,33,0,0.0,GREEN
034606712,46,67,12,100.0,RED
034703203,47,32,3,0.0,GREEN
034406902,44,69,2,0.0,GREEN
034508610,45,86,10,0.0,GREEN
034503803,45,38,3,0.0,GREEN
034704210,47,42,10,0.0,GREEN
034704110,47,41,10,0.0,GREEN
034704010,47,40,10,0.0,GREEN
034701800,47,18,0,0.0,GREEN
034701801,47,18,1,0.0,GREEN
034701802,47,18,2,0.0,GREEN
034701803,47,18,3,0.0,GREEN
034701804,47,18,4,0.0,GREEN
034701805,47,18,5,0.0,GREEN
034606310,46,63,10,0.0,GREEN
034606210,46,62,10,0.0,GREEN
034606211,46,62,11,200.0,RED
034606110,46,61,10,0.0,GREEN
034602700,46,27,0,0.0,GREEN
034602701,46,27,1,0.0,GREEN
034602702,46,27,2,0.0,GREEN
034602703,46,27,3,0.0,GREEN
034602704,46,27,4,0.0,GREEN
034602705,46,27,5,0.0,GREEN
034704410,47,44,10,0.0,GREEN
034704310,47,43,10,0.0,GREEN
034701900,47,19,0,0.0,GREEN
034701901,47,19,1,0.0,GREEN
034701902,47,19,2,0.0,GREEN
034701903,47,19,3,0.0,GREEN
034603210,46,32,10,0.0,GREEN
034603110,46,31,10,0.0,GREEN
034601400,46,14,0,0.0,GREEN
034601401,46,14,1,0.0,GREEN
034601402,46,14,2,0.0,GREEN
034601403,46,14,3,0.0,GREEN
034601404,46,14,4,0.0,GREEN
034601405,46,14,5,0.0,GREEN
034503710,45,37,10,0.0,GREEN
034503712,45,37,12,100.0,RED
034503610,45,36,10,0.0,GREEN
034501601,45,16,1,0.0,GREEN
034501602,45,16,2,0.0,GREEN
034501603,45,16,3,0.0,GREEN
034501604,45,16,4,0.0,GREEN
034501605,45,16,5,0.0,GREEN
034501606,45,16,6,0.0,GREEN
034503510,45,35,10,0.0,GREEN
034702201,47,22,1,0.0,GREEN
034702806,47,28,6,0.0,GREEN
034701904,47,19,4,0.0,GREEN
034701905,47,19,5,0.0,GREEN
034701906,47,19,6,0.0,GREEN
034606010,46,60,10,0.0,GREEN
034605910,46,59,10,0.0,GREEN
034602600,46,26,0,0.0,GREEN
034602601,46,26,1,0.0,GREEN
034602602,46,26,2,0.0,GREEN
034602603,46,26,3,0.0,GREEN
034602604,46,26,4,0.0,GREEN
034602605,46,26,5,0.0,GREEN
034602606,46,26,6,0.0,GREEN
034704610,47,46,10,0.0,GREEN
034704510,47,45,10,0.0,GREEN
034702000,47,20,0,0.0,GREEN
034702001,47,20,1,0.0,GREEN
034702002,47,20,2,0.0,GREEN
034702003,47,20,3,0.0,GREEN
034702004,47,20,4,0.0,GREEN
034702006,47,20,6,0.0,GREEN
034506510,45,65,10,0.0,GREEN
034506512,45,65,12,100.0,RED
034506410,45,64,10,0.0,GREEN
034502801,45,28,1,0.0,GREEN
034502802,45,28,2,0.0,GREEN
034502803,45,28,3,0.0,GREEN
034502804,45,28,4,0.0,GREEN
034502805,45,28,5,0.0,GREEN
034704910,47,49,10,0.0,GREEN
034503410,45,34,10,0.0,GREEN
034503310,45,33,10,0.0,GREEN
034503312,45,33,12,100.0,RED
034501501,45,15,1,0.0,GREEN
034501502,45,15,2,0.0,GREEN
034501503,45,15,3,0.0,GREEN
034501504,45,15,4,0.0,GREEN
034501505,45,15,5,0.0,GREEN
034501506,45,15,6,0.0,GREEN
034503210,45,32,10,0.0,GREEN
034503110,45,31,10,0.0,GREEN
034503112,45,31,12,200.0,RED
034501600,45,16,0,0.0,GREEN
034501400,45,14,0,0.0,GREEN
034501401,45,14,1,0.0,GREEN
034501402,45,14,2,0.0,GREEN
034501403,45,14,3,0.0,GREEN
034501404,45,14,4,0.0,GREEN
034501405,45,14,5,0.0,GREEN
034501406,45,14,6,0.0,GREEN
034603010,46,30,10,0.0,GREEN
034602910,46,29,10,0.0,GREEN
034600604,46,6,4,0.0,GREEN
034507310,45,73,10,0.0,GREEN
034704810,47,48,10,0.0,GREEN
034704710,47,47,10,0.0,GREEN
034702100,47,21,0,0.0,GREEN
034702101,47,21,1,0.0,GREEN
034702102,47,21,2,0.0,GREEN
034702103,47,21,3,0.0,GREEN
034702104,47,21,4,0.0,GREEN
034702105,47,21,5,0.0,GREEN
034702106,47,21,6,0.0,GREEN
034506310,45,63,10,0.0,GREEN
034506212,45,62,12,100.0,RED
034506110,45,61,10,0.0,GREEN
034506112,45,61,12,100.0,RED
034502700,45,27,0,0.0,GREEN
034502701,45,27,1,0.0,GREEN
034502702,45,27,2,0.0,GREEN
034502704,45,27,4,0.0,GREEN
034502705,45,27,5,0.0,GREEN
034502706,45,27,6,0.0,GREEN
034705010,47,50,10,0.0,GREEN
034702200,47,22,0,0.0,GREEN
034702202,47,22,2,0.0,GREEN
034702203,47,22,3,0.0,GREEN
034702204,47,22,4,0.0,GREEN
034601300,46,13,0,0.0,GREEN
034601302,46,13,2,0.0,GREEN
034601303,46,13,3,0.0,GREEN
034601304,46,13,4,0.0,GREEN
034601305,46,13,5,0.0,GREEN
034601306,46,13,6,0.0,GREEN
034602810,46,28,10,0.0,GREEN
034602710,46,27,10,0.0,GREEN
034602610,46,26,10,0.0,GREEN
034601201,46,12,1,0.0,GREEN
034601202,46,12,2,0.0,GREEN
034601203,46,12,3,0.0,GREEN
034601204,46,12,4,0.0,GREEN
034601205,46,12,5,0.0,GREEN
034601206,46,12,6,0.0,GREEN
034602510,46,25,10,0.0,GREEN
034602410,46,24,10,0.0,GREEN
034602412,46,24,12,100.0,RED
034601100,46,11,0,0.0,GREEN
034601101,46,11,1,0.0,GREEN
034603601,46,36,1,0.0,GREEN
034603602,46,36,2,0.0,GREEN
034603603,46,36,3,0.0,GREEN
034800212,48,2,12,0.0,GREEN
034800213,48,2,13,0.0,GREEN
034800200,48,2,0,0.0,GREEN
034800105,48,1,5,0.0,GREEN
034800110,48,1,10,0.0,GREEN
034800111,48,1,11,0.0,GREEN
034800112,48,1,12,0.0,GREEN
034800113,48,1,13,0.0,GREEN
034608410,46,84,10,0.0,GREEN
034608310,46,83,10,0.0,GREEN
034608210,46,82,10,0.0,GREEN
034603600,46,36,0,0.0,GREEN
034603604,46,36,4,0.0,GREEN
034701806,47,18,6,0.0,GREEN
034702205,47,22,5,0.0,GREEN
034702206,47,22,6,0.0,GREEN
034506010,45,60,10,0.0,GREEN
034505910,45,59,10,0.0,GREEN
034502600,45,26,0,0.0,GREEN
034502601,45,26,1,0.0,GREEN
034502602,45,26,2,0.0,GREEN
034502603,45,26,3,0.0,GREEN
034502604,45,26,4,0.0,GREEN
034502605,45,26,5,0.0,GREEN
034502606,45,26,6,0.0,GREEN
034705310,47,53,10,0.0,GREEN
034705210,47,52,10,0.0,GREEN
034702300,47,23,0,0.0,GREEN
034702301,47,23,1,0.0,GREEN
034702302,47,23,2,0.0,GREEN
034702303,47,23,3,0.0,GREEN
034702305,47,23,5,0.0,GREEN
034702306,47,23,6,0.0,GREEN
034605810,46,58,10,0.0,GREEN
034605710,46,57,10,0.0,GREEN
034602500,46,25,0,0.0,GREEN
034602503,46,25,3,0.0,GREEN
034602504,46,25,4,0.0,GREEN
034602505,46,25,5,0.0,GREEN
034602506,46,25,6,0.0,GREEN
034705610,47,56,10,0.0,GREEN
034601102,46,11,2,0.0,GREEN
034601103,46,11,3,0.0,GREEN
034601104,46,11,4,0.0,GREEN
034601105,46,11,5,0.0,GREEN
034601106,46,11,6,0.0,GREEN
034503010,45,30,10,0.0,GREEN
034503012,45,30,12,200.0,RED
034502910,45,29,10,0.0,GREEN
034502912,45,29,12,100.0,RED
034502913,45,29,13,200.0,RED
034501300,45,13,0,0.0,GREEN
034501301,45,13,1,0.0,GREEN
034501302,45,13,2,0.0,GREEN
034501303,45,13,3,0.0,GREEN
034501304,45,13,4,0.0,GREEN
034501306,45,13,6,0.0,GREEN
034502810,45,28,10,0.0,GREEN
034502812,45,28,12,100.0,RED
034502813,45,28,13,200.0,RED
034502710,45,27,10,0.0,GREEN
034502713,45,27,13,200.0,RED
034502610,45,26,10,0.0,GREEN
034502613,45,26,13,200.0,RED
034501201,45,12,1,0.0,GREEN
034501202,45,12,2,0.0,GREEN
034501203,45,12,3,0.0,GREEN
034501204,45,12,4,0.0,GREEN
034501205,45,12,5,0.0,GREEN
034603605,46,36,5,0.0,GREEN
034603606,46,36,6,0.0,GREEN
034700100,47,1,0,0.0,GREEN
034700101,47,1,1,0.0,GREEN
034700103,47,1,3,0.0,GREEN
034700104,47,1,4,0.0,GREEN
034700105,47,1,5,0.0,GREEN
034608110,46,81,10,0.0,GREEN
034608010,46,80,10,0.0,GREEN
034603500,46,35,0,0.0,GREEN
034603501,46,35,1,0.0,GREEN
034603502,46,35,2,0.0,GREEN
034603503,46,35,3,0.0,GREEN
034603504,46,35,4,0.0,GREEN
034603505,46,35,5,0.0,GREEN
034603506,46,35,6,0.0,GREEN
034700200,47,2,0,0.0,GREEN
034700201,47,2,1,0.0,GREEN
034700202,47,2,2,0.0,GREEN
034705410,47,54,10,0.0,GREEN
034702400,47,24,0,0.0,GREEN
034702401,47,24,1,0.0,GREEN
034702403,47,24,3,0.0,GREEN
034702404,47,24,4,0.0,GREEN
034702405,47,24,5,0.0,GREEN
034702406,47,24,6,0.0,GREEN
034605610,46,56,10,0.0,GREEN
034605612,46,56,12,100.0,RED
034605510,46,55,10,0.0,GREEN
034605410,46,54,10,0.0,GREEN
034602400,46,24,0,0.0,GREEN
034602402,46,24,2,0.0,GREEN
034602403,46,24,3,0.0,GREEN
034602404,46,24,4,0.0,GREEN
034602405,46,24,5,0.0,GREEN
034602406,46,24,6,0.0,GREEN
034705810,47,58,10,0.0,GREEN
034705710,47,57,10,0.0,GREEN
034702500,47,25,0,0.0,GREEN
034702502,47,25,2,0.0,GREEN
034702503,47,25,3,0.0,GREEN
034702504,47,25,4,0.0,GREEN
034702505,47,25,5,0.0,GREEN
034501206,45,12,6,0.0,GREEN
034502510,45,25,10,0.0,GREEN
034502410,45,24,10,0.0,GREEN
034501100,45,11,0,0.0,GREEN
034501101,45,11,1,0.0,GREEN
034501102,45,11,2,0.0,GREEN
034501103,45,11,3,0.0,GREEN
034501104,45,11,4,0.0,GREEN
034501105,45,11,5,0.0,GREEN
034501106,45,11,6,0.0,GREEN
034602310,46,23,10,0.0,GREEN
034602210,46,22,10,0.0,GREEN
034601001,46,10,1,0.0,GREEN
034601002,46,10,2,0.0,GREEN
034601003,46,10,3,0.0,GREEN
034601004,46,10,4,0.0,GREEN
034601005,46,10,5,0.0,GREEN
034601006,46,10,6,0.0,GREEN
034602110,46,21,10,0.0,GREEN
034700203,47,2,3,0.0,GREEN
034700205,47,2,5,0.0,GREEN
034508510,45,85,10,0.0,GREEN
034503701,45,37,1,0.0,GREEN
034503702,45,37,2,0.0,GREEN
034503703,45,37,3,0.0,GREEN
034503705,45,37,5,0.0,GREEN
034503706,45,37,6,0.0,GREEN
034700300,47,3,0,0.0,GREEN
034700301,47,3,1,0.0,GREEN
034700302,47,3,2,0.0,GREEN
034700303,47,3,3,0.0,GREEN
034700304,47,3,4,0.0,GREEN
034700305,47,3,5,0.0,GREEN
034508410,45,84,10,0.0,GREEN
034508310,45,83,10,0.0,GREEN
034508210,45,82,10,0.0,GREEN
034503600,45,36,0,0.0,GREEN
034503601,45,36,1,0.0,GREEN
034503602,45,36,2,0.0,GREEN
034503603,45,36,3,0.0,GREEN
034503604,45,36,4,0.0,GREEN
034503605,45,36,5,0.0,GREEN
034503606,45,36,6,0.0,GREEN
034700400,47,4,0,0.0,GREEN
034700402,47,4,2,0.0,GREEN
034700404,47,4,4,0.0,GREEN
034702506,47,25,6,0.0,GREEN
034605310,46,53,10,0.0,GREEN
034605210,46,52,10,0.0,GREEN
034602300,46,23,0,0.0,GREEN
034602301,46,23,1,0.0,GREEN
034602302,46,23,2,0.0,GREEN
034602303,46,23,3,0.0,GREEN
034602305,46,23,5,0.0,GREEN
034706010,47,60,10,0.0,GREEN
034705910,47,59,10,0.0,GREEN
034702600,47,26,0,0.0,GREEN
034702601,47,26,1,0.0,GREEN
034702602,47,26,2,0.0,GREEN
034702604,47,26,4,0.0,GREEN
034702605,47,26,5,0.0,GREEN
034702606,47,26,6,0.0,GREEN
034505810,45,58,10,0.0,GREEN
034505710,45,57,10,0.0,GREEN
034505712,45,57,12,100.0,RED
034502501,45,25,1,0.0,GREEN
034502502,45,25,2,0.0,GREEN
034502503,45,25,3,0.0,GREEN
034502504,45,25,4,0.0,GREEN
034502505,45,25,5,0.0,GREEN
034502506,45,25,6,0.0,GREEN
034706310,47,63,10,0.0,GREEN
034602010,46,20,10,0.0,GREEN
034601910,46,19,10,0.0,GREEN
034600900,46,9,0,0.0,GREEN
034600901,46,9,1,0.0,GREEN
034600903,46,9,3,0.0,GREEN
034600904,46,9,4,0.0,GREEN
034600906,46,9,6,0.0,GREEN
034601810,46,18,10,0.0,GREEN
034601710,46,17,10,0.0,GREEN
034600801,46,8,1,0.0,GREEN
034600802,46,8,2,0.0,GREEN
034600803,46,8,3,0.0,GREEN
034600804,46,8,4,0.0,GREEN
034600805,46,8,5,0.0,GREEN
034600806,46,8,6,0.0,GREEN
034502310,45,23,10,0.0,GREEN
034502210,45,22,10,0.0,GREEN
034700405,47,4,5,0.0,GREEN
034700406,47,4,6,0.0,GREEN
034508110,45,81,10,0.0,GREEN
034508010,45,80,10,0.0,GREEN
034503500,45,35,0,0.0,GREEN
034503501,45,35,1,0.0,GREEN
034503502,45,35,2,0.0,GREEN
034503503,45,35,3,0.0,GREEN
034503504,45,35,4,0.0,GREEN
034503505,45,35,5,0.0,GREEN
034503506,45,35,6,0.0,GREEN
034701110,47,11,10,0.0,GREEN
034701010,47,10,10,0.0,GREEN
034700500,47,5,0,0.0,GREEN
034700502,47,5,2,0.0,GREEN
034700503,47,5,3,0.0,GREEN
034700504,47,5,4,0.0,GREEN
034700505,47,5,5,0.0,GREEN
034700506,47,5,6,0.0,GREEN
034607910,46,79,10,0.0,GREEN
034607912,46,79,12,100.0,RED
034607810,46,78,10,0.0,GREEN
034501310,45,13,10,0.0,GREEN
034706210,47,62,10,0.0,GREEN
034706110,47,61,10,0.0,GREEN
034702700,47,27,0,0.0,GREEN
034702701,47,27,1,0.0,GREEN
034702702,47,27,2,0.0,GREEN
034702703,47,27,3,0.0,GREEN
034702704,47,27,4,0.0,GREEN
034702705,47,27,5,0.0,GREEN
034702706,47,27,6,0.0,GREEN
034505610,45,56,10,0.0,GREEN
034505410,45,54,10,0.0,GREEN
034505412,45,54,12,100.0,RED
034502401,45,24,1,0.0,GREEN
034502402,45,24,2,0.0,GREEN
034502403,45,24,3,0.0,GREEN
034502404,45,24,4,0.0,GREEN
034502405,45,24,5,0.0,GREEN
034502406,45,24,6,0.0,GREEN
034706410,47,64,10,0.0,GREEN
034702800,47,28,0,0.0,GREEN
034702801,47,28,1,0.0,GREEN
034502212,45,22,12,100.0,RED
034501001,45,10,1,0.0,GREEN
034501002,45,10,2,0.0,GREEN
034501004,45,10,4,0.0,GREEN
034501005,45,10,5,0.0,GREEN
034501006,45,10,6,0.0,GREEN
034502110,45,21,10,0.0,GREEN
034502113,45,21,13,100.0,RED
034502010,45,20,10,0.0,GREEN
034501910,45,19,10,0.0,GREEN
034501912,45,19,12,100.0,RED
034500900,45,9,0,0.0,GREEN
034500901,45,9,1,0.0,GREEN
034500902,45,9,2,0.0,GREEN
034500903,45,9,3,0.0,GREEN
034500904,45,9,4,0.0,GREEN
034500906,45,9,6,0.0,GREEN
034501810,45,18,10,0.0,GREEN
034500800,45,8,0,0.0,GREEN
034603400,46,34,0,0.0,GREEN
034603401,46,34,1,0.0,GREEN
034603402,46,34,2,0.0,GREEN
034603403,46,34,3,0.0,GREEN
034603404,46,34,4,0.0,GREEN
034701410,47,14,10,0.0,GREEN
034701310,47,13,10,0.0,GREEN
034701210,47,12,10,0.0,GREEN
034700600,47,6,0,0.0,GREEN
034700602,47,6,2,0.0,GREEN
034700603,47,6,3,0.0,GREEN
034700604,47,6,4,0.0,GREEN
034700606,47,6,6,0.0,GREEN
034607710,46,77,10,0.0,GREEN
034607610,46,76,10,0.0,GREEN
034607612,46,76,12,100.0,RED
034607510,46,75,10,0.0,GREEN
034603301,46,33,1,0.0,GREEN
034603302,46,33,2,0.0,GREEN
034603304,46,33,4,0.0,GREEN
034603305,46,33,5,0.0,GREEN
034603306,46,33,6,0.0,GREEN
034701610,47,16,10,0.0,GREEN
034600504,46,5,4,0.0,GREEN
034702803,47,28,3,0.0,GREEN
034702804,47,28,4,0.0,GREEN
034702805,47,28,5,0.0,GREEN
034505310,45,53,10,0.0,GREEN
034502300,45,23,0,0.0,GREEN
034502301,45,23,1,0.0,GREEN
034502302,45,23,2,0.0,GREEN
034502303,45,23,3,0.0,GREEN
034502304,45,23,4,0.0,GREEN
034502305,45,23,5,0.0,GREEN
034502306,45,23,6,0.0,GREEN
034706710,47,67,10,0.0,GREEN
034706610,47,66,10,0.0,GREEN
034702900,47,29,0,0.0,GREEN
034702901,47,29,1,0.0,GREEN
034702902,47,29,2,0.0,GREEN
034702903,47,29,3,0.0,GREEN
034702904,47,29,4,0.0,GREEN
034702905,47,29,5,0.0,GREEN
034702906,47,29,6,0.0,GREEN
034605110,46,51,10,0.0,GREEN
034605010,46,50,10,0.0,GREEN
034602200,46,22,0,0.0,GREEN
034602201,46,22,1,0.0,GREEN
034602202,46,22,2,0.0,GREEN
034602203,46,22,3,0.0,GREEN
034602204,46,22,4,0.0,GREEN
034602205,46,22,5,0.0,GREEN
034602206,46,22,6,0.0,GREEN
034707010,47,70,10,0.0,GREEN
034500801,45,8,1,0.0,GREEN
034500802,45,8,2,0.0,GREEN
034500804,45,8,4,0.0,GREEN
034500805,45,8,5,0.0,GREEN
034500806,45,8,6,0.0,GREEN
034601610,46,16,10,0.0,GREEN
034601510,46,15,10,0.0,GREEN
034601512,46,15,12,100.0,RED
034600700,46,7,0,0.0,GREEN
034600701,46,7,1,0.0,GREEN
034600702,46,7,2,0.0,GREEN
034600703,46,7,3,0.0,GREEN
034600704,46,7,4,0.0,GREEN
034600705,46,7,5,0.0,GREEN
034600706,46,7,6,0.0,GREEN
034601410,46,14,10,0.0,GREEN
034601310,46,13,10,0.0,GREEN
034601210,46,12,10,0.0,GREEN
034600601,46,6,1,0.0,GREEN
034600602,46,6,2,0.0,GREEN
034600603,46,6,3,0.0,GREEN
034701510,47,15,10,0.0,GREEN
034700700,47,7,0,0.0,GREEN
034700701,47,7,1,0.0,GREEN
034700703,47,7,3,0.0,GREEN
034700704,47,7,4,0.0,GREEN
034700705,47,7,5,0.0,GREEN
034700706,47,7,6,0.0,GREEN
034607410,46,74,10,0.0,GREEN
034607310,46,73,10,0.0,GREEN
034607311,46,73,11,100.0,RED
034603201,46,32,1,0.0,GREEN
034603202,46,32,2,0.0,GREEN
034603203,46,32,3,0.0,GREEN
034603205,46,32,5,0.0,GREEN
034603206,46,32,6,0.0,GREEN
034701810,47,18,10,0.0,GREEN
034701710,47,17,10,0.0,GREEN
034700800,47,8,0,0.0,GREEN
034700801,47,8,1,0.0,GREEN
034700802,47,8,2,0.0,GREEN
034700803,47,8,3,0.0,GREEN
034700804,47,8,4,0.0,GREEN
034700805,47,8,5,0.0,GREEN
034700806,47,8,6,0.0,GREEN
034507910,45,79,10,0.0,GREEN
034507912,45,79,12,200.0,RED
034507810,45,78,10,0.0,GREEN
034507812,45,78,12,100.0,RED
034706910,47,69,10,0.0,GREEN
034706810,47,68,10,0.0,GREEN
034703000,47,30,0,0.0,GREEN
034703001,47,30,1,0.0,GREEN
034703002,47,30,2,0.0,GREEN
034703003,47,30,3,0.0,GREEN
034703004,47,30,4,0.0,GREEN
034703005,47,30,5,0.0,GREEN
034703006,47,30,6,0.0,GREEN
034604910,46,49,10,0.0,GREEN
034604810,46,48,10,0.0,GREEN
034604710,46,47,10,0.0,GREEN
034602101,46,21,1,0.0,GREEN
034602102,46,21,2,0.0,GREEN
034602103,46,21,3,0.0,GREEN
034602104,46,21,4,0.0,GREEN
034602105,46,21,5,0.0,GREEN
034602106,46,21,6,0.0,GREEN
034707110,47,71,10,0.0,GREEN
034703100,47,31,0,0.0,GREEN
034703101,47,31,1,0.0,GREEN
034703102,47,31,2,0.0,GREEN
034703103,47,31,3,0.0,GREEN
034703104,47,31,4,0.0,GREEN
034600605,46,6,5,0.0,GREEN
034600606,46,6,6,0.0,GREEN
034601110,46,11,10,0.0,GREEN
034601010,46,10,10,0.0,GREEN
034600500,46,5,0,0.0,GREEN
034600501,46,5,1,0.0,GREEN
034600502,46,5,2,0.0,GREEN
034600503,46,5,3,0.0,GREEN
034600505,46,5,5,0.0,GREEN
034600506,46,5,6,0.0,GREEN
034501610,45,16,10,0.0,GREEN
034501510,45,15,10,0.0,GREEN
034501512,45,15,12,300.0,RED
034500700,45,7,0,0.0,GREEN
034500701,45,7,1,0.0,GREEN
034500702,45,7,2,0.0,GREEN
034500703,45,7,3,0.0,GREEN
034500704,45,7,4,0.0,GREEN
034500705,45,7,5,0.0,GREEN
034500706,45,7,6,0.0,GREEN
034503401,45,34,1,0.0,GREEN
034503402,45,34,2,0.0,GREEN
034503404,45,34,4,0.0,GREEN
034503405,45,34,5,0.0,GREEN
034503406,45,34,6,0.0,GREEN
034702110,47,21,10,0.0,GREEN
034702010,47,20,10,0.0,GREEN
034701910,47,19,10,0.0,GREEN
034700900,47,9,0,0.0,GREEN
034700901,47,9,1,0.0,GREEN
034700902,47,9,2,0.0,GREEN
034700903,47,9,3,0.0,GREEN
034700906,47,9,6,0.0,GREEN
034507710,45,77,10,0.0,GREEN
034507610,45,76,10,0.0,GREEN
034507510,45,75,10,0.0,GREEN
034507512,45,75,12,200.0,RED
034503300,45,33,0,0.0,GREEN
034503301,45,33,1,0.0,GREEN
034503302,45,33,2,0.0,GREEN
034503303,45,33,3,0.0,GREEN
034503304,45,33,4,0.0,GREEN
034503306,45,33,6,0.0,GREEN
034702310,47,23,10,0.0,GREEN
034502012,45,20,12,200.0,RED
034702802,47,28,2,0.0,GREEN
034703105,47,31,5,0.0,GREEN
034703106,47,31,6,0.0,GREEN
034604610,46,46,10,0.0,GREEN
034604510,46,45,10,0.0,GREEN
034602000,46,20,0,0.0,GREEN
034602002,46,20,2,0.0,GREEN
034602003,46,20,3,0.0,GREEN
034602004,46,20,4,0.0,GREEN
034602006,46,20,6,0.0,GREEN
034707410,47,74,10,0.0,GREEN
034707310,47,73,10,0.0,GREEN
034703200,47,32,0,0.0,GREEN
034703201,47,32,1,0.0,GREEN
034703202,47,32,2,0.0,GREEN
034703204,47,32,4,0.0,GREEN
034703205,47,32,5,0.0,GREEN
034703206,47,32,6,0.0,GREEN
034505110,45,51,10,0.0,GREEN
034505010,45,50,10,0.0,GREEN
034502201,45,22,1,0.0,GREEN
034502202,45,22,2,0.0,GREEN
034502203,45,22,3,0.0,GREEN
034502204,45,22,4,0.0,GREEN
034502205,45,22,5,0.0,GREEN
034502206,45,22,6,0.0,GREEN
034707710,47,77,10,0.0,GREEN
034501410,45,14,10,0.0,GREEN
034501210,45,12,10,0.0,GREEN
034500601,45,6,1,0.0,GREEN
034500602,45,6,2,0.0,GREEN
034500603,45,6,3,0.0,GREEN
034500605,45,6,5,0.0,GREEN
034500606,45,6,6,0.0,GREEN
034501110,45,11,10,0.0,GREEN
034501012,45,10,12,100.0,RED
034500500,45,5,0,0.0,GREEN
034500501,45,5,1,0.0,GREEN
034500502,45,5,2,0.0,GREEN
034500503,45,5,3,0.0,GREEN
034500504,45,5,4,0.0,GREEN
034500505,45,5,5,0.0,GREEN
034600400,46,4,0,0.0,GREEN
034600401,46,4,1,0.0,GREEN
034600402,46,4,2,0.0,GREEN
034600403,46,4,3,0.0,GREEN
034702210,47,22,10,0.0,GREEN
034701000,47,10,0,0.0,GREEN
034701001,47,10,1,0.0,GREEN
034701002,47,10,2,0.0,GREEN
034701004,47,10,4,0.0,GREEN
034701005,47,10,5,0.0,GREEN
034701006,47,10,6,0.0,GREEN
034507410,45,74,10,0.0,GREEN
034503200,45,32,0,0.0,GREEN
034503201,45,32,1,0.0,GREEN
034503203,45,32,3,0.0,GREEN
034503204,45,32,4,0.0,GREEN
034503205,45,32,5,0.0,GREEN
034503206,45,32,6,0.0,GREEN
034702510,47,25,10,0.0,GREEN
034702410,47,24,10,0.0,GREEN
034701100,47,11,0,0.0,GREEN
034701102,47,11,2,0.0,GREEN
034701103,47,11,3,0.0,GREEN
034701104,47,11,4,0.0,GREEN
034701105,47,11,5,0.0,GREEN
034701106,47,11,6,0.0,GREEN
034807310,48,73,10,0.0,GREEN
034404203,44,42,3,0.0,GREEN
034405102,44,51,2,0.0,GREEN
034805510,48,55,10,0.0,GREEN
034810711,48,107,11,0.0,GREEN
034402305,44,23,5,0.0,GREEN
034808312,48,83,12,0.0,GREEN
034809012,48,90,12,0.0,GREEN
034403500,44,35,0,0.0,GREEN
034810410,48,104,10,0.0,GREEN
034806105,48,61,5,100.0,RED
034806203,48,62,3,100.0,RED
034807311,48,73,11,0.0,GREEN
034810613,48,106,13,0.0,GREEN
034814413,48,144,13,0.0,GREEN
034816612,48,166,12,0.0,GREEN
034817011,48,170,11,0.0,GREEN
034404100,44,41,0,0.0,GREEN
034405501,44,55,1,0.0,GREEN
034802912,48,29,12,0.0,GREEN
033701901,37,19,1,0.0,GREEN
033702001,37,20,1,0.0,GREEN
033702101,37,21,1,0.0,GREEN
033702201,37,22,1,0.0,GREEN
033702301,37,23,1,0.0,GREEN
033702401,37,24,1,0.0,GREEN
033702501,37,25,1,0.0,GREEN
033702601,37,26,1,0.0,GREEN
033702701,37,27,1,0.0,GREEN
033702801,37,28,1,0.0,GREEN
033702901,37,29,1,0.0,GREEN
033703001,37,30,1,0.0,GREEN
033703101,37,31,1,0.0,GREEN
033703201,37,32,1,0.0,GREEN
033703301,37,33,1,0.0,GREEN
033703401,37,34,1,0.0,GREEN
033703501,37,35,1,0.0,GREEN
033703601,37,36,1,0.0,GREEN
033703701,37,37,1,0.0,GREEN
033703801,37,38,1,0.0,GREEN
033703901,37,39,1,0.0,GREEN
033704001,37,40,1,0.0,GREEN
033704101,37,41,1,0.0,GREEN
033704201,37,42,1,0.0,GREEN
033704301,37,43,1,0.0,GREEN
033704401,37,44,1,0.0,GREEN
033704501,37,45,1,0.0,GREEN
033704601,37,46,1,0.0,GREEN
033704701,37,47,1,0.0,GREEN
033704801,37,48,1,0.0,GREEN
033704901,37,49,1,0.0,GREEN
033705001,37,50,1,0.0,GREEN
033705101,37,51,1,0.0,GREEN
033705201,37,52,1,0.0,GREEN
033705301,37,53,1,0.0,GREEN
033705401,37,54,1,0.0,GREEN
033705501,37,55,1,0.0,GREEN
033705601,37,56,1,0.0,GREEN
033705701,37,57,1,0.0,GREEN
033705801,37,58,1,0.0,GREEN
033705901,37,59,1,0.0,GREEN
033706001,37,60,1,0.0,GREEN
033706101,37,61,1,0.0,GREEN
033706201,37,62,1,0.0,GREEN
033706301,37,63,1,0.0,GREEN
033706401,37,64,1,0.0,GREEN
033706501,37,65,1,0.0,GREEN
033706601,37,66,1,0.0,GREEN
033706701,37,67,1,0.0,GREEN
033706801,37,68,1,0.0,GREEN
033706901,37,69,1,0.0,GREEN
033707001,37,70,1,0.0,GREEN
033707101,37,71,1,0.0,GREEN
033707201,37,72,1,0.0,GREEN
033707301,37,73,1,0.0,GREEN
033700102,37,1,2,0.0,GREEN
033801502,38,15,2,0.0,GREEN
033801602,38,16,2,0.0,GREEN
033801702,38,17,2,0.0,GREEN
033801802,38,18,2,0.0,GREEN
033801902,38,19,2,0.0,GREEN
033802002,38,20,2,0.0,GREEN
033802102,38,21,2,0.0,GREEN
033802202,38,22,2,0.0,GREEN
033802302,38,23,2,0.0,GREEN
033802402,38,24,2,0.0,GREEN
033802502,38,25,2,0.0,GREEN
033802602,38,26,2,0.0,GREEN
033802702,38,27,2,0.0,GREEN
033802802,38,28,2,0.0,GREEN
033802902,38,29,2,0.0,GREEN
033803002,38,30,2,0.0,GREEN
033803102,38,31,2,0.0,GREEN
033803202,38,32,2,0.0,GREEN
033803302,38,33,2,0.0,GREEN
033803402,38,34,2,0.0,GREEN
033803502,38,35,2,0.0,GREEN
033803602,38,36,2,0.0,GREEN
033803702,38,37,2,0.0,GREEN
033803802,38,38,2,0.0,GREEN
033803902,38,39,2,0.0,GREEN
033804002,38,40,2,0.0,GREEN
033804102,38,41,2,0.0,GREEN
033804202,38,42,2,0.0,GREEN
033804302,38,43,2,0.0,GREEN
033804402,38,44,2,0.0,GREEN
033804502,38,45,2,0.0,GREEN
033804602,38,46,2,0.0,GREEN
033804702,38,47,2,0.0,GREEN
033804802,38,48,2,0.0,GREEN
033804902,38,49,2,0.0,GREEN
033805002,38,50,2,0.0,GREEN
033805102,38,51,2,0.0,GREEN
033805202,38,52,2,0.0,GREEN
033805302,38,53,2,0.0,GREEN
033805402,38,54,2,0.0,GREEN
033805502,38,55,2,0.0,GREEN
033805602,38,56,2,0.0,GREEN
033805702,38,57,2,0.0,GREEN
033805802,38,58,2,0.0,GREEN
033805902,38,59,2,0.0,GREEN
033806002,38,60,2,0.0,GREEN
033806102,38,61,2,0.0,GREEN
033806202,38,62,2,0.0,GREEN
033806302,38,63,2,0.0,GREEN
033806402,38,64,2,0.0,GREEN
033806502,38,65,2,0.0,GREEN
033806602,38,66,2,0.0,GREEN
033806702,38,67,2,0.0,GREEN
033806802,38,68,2,0.0,GREEN
033806902,38,69,2,0.0,GREEN
033807002,38,70,2,0.0,GREEN
033700202,37,2,2,0.0,GREEN
033807102,38,71,2,0.0,GREEN
033807202,38,72,2,0.0,GREEN
033807302,38,73,2,0.0,GREEN
033800103,38,1,3,0.0,GREEN
033800203,38,2,3,0.0,GREEN
033800303,38,3,3,0.0,GREEN
033800403,38,4,3,0.0,GREEN
033800503,38,5,3,0.0,GREEN
033800603,38,6,3,0.0,GREEN
033800703,38,7,3,0.0,GREEN
033800803,38,8,3,0.0,GREEN
033800903,38,9,3,0.0,GREEN
033801003,38,10,3,0.0,GREEN
033801103,38,11,3,0.0,GREEN
033801203,38,12,3,0.0,GREEN
033801303,38,13,3,0.0,GREEN
033801403,38,14,3,0.0,GREEN
033801503,38,15,3,0.0,GREEN
033801603,38,16,3,0.0,GREEN
033801703,38,17,3,0.0,GREEN
033801803,38,18,3,0.0,GREEN
033801903,38,19,3,0.0,GREEN
033802003,38,20,3,0.0,GREEN
033802103,38,21,3,0.0,GREEN
033802203,38,22,3,0.0,GREEN
033802303,38,23,3,0.0,GREEN
033802403,38,24,3,0.0,GREEN
033802503,38,25,3,0.0,GREEN
033802603,38,26,3,0.0,GREEN
033802703,38,27,3,0.0,GREEN
033802803,38,28,3,0.0,GREEN
033802903,38,29,3,0.0,GREEN
033803003,38,30,3,0.0,GREEN
033803103,38,31,3,0.0,GREEN
033803203,38,32,3,0.0,GREEN
033803303,38,33,3,0.0,GREEN
033803403,38,34,3,0.0,GREEN
033803503,38,35,3,0.0,GREEN
033803603,38,36,3,0.0,GREEN
033803703,38,37,3,0.0,GREEN
033803803,38,38,3,0.0,GREEN
033803903,38,39,3,0.0,GREEN
033804003,38,40,3,0.0,GREEN
033804103,38,41,3,0.0,GREEN
033804203,38,42,3,0.0,GREEN
033804303,38,43,3,0.0,GREEN
033804403,38,44,3,0.0,GREEN
033804503,38,45,3,0.0,GREEN
033804603,38,46,3,0.0,GREEN
033804703,38,47,3,0.0,GREEN
033804803,38,48,3,0.0,GREEN
033804903,38,49,3,0.0,GREEN
033805003,38,50,3,0.0,GREEN
033805103,38,51,3,0.0,GREEN
033805203,38,52,3,0.0,GREEN
033805303,38,53,3,0.0,GREEN
034809310,48,93,10,0.0,GREEN
033805403,38,54,3,0.0,GREEN
033805503,38,55,3,0.0,GREEN
033805603,38,56,3,0.0,GREEN
033805703,38,57,3,0.0,GREEN
033805803,38,58,3,0.0,GREEN
033805903,38,59,3,0.0,GREEN
033806003,38,60,3,0.0,GREEN
033806103,38,61,3,0.0,GREEN
033806203,38,62,3,0.0,GREEN
033806303,38,63,3,0.0,GREEN
033806403,38,64,3,0.0,GREEN
033806503,38,65,3,0.0,GREEN
033806603,38,66,3,0.0,GREEN
033806703,38,67,3,0.0,GREEN
033806803,38,68,3,0.0,GREEN
033806903,38,69,3,0.0,GREEN
033807003,38,70,3,0.0,GREEN
033807103,38,71,3,0.0,GREEN
033807203,38,72,3,0.0,GREEN
033807303,38,73,3,0.0,GREEN
033900100,39,1,0,0.0,GREEN
033900200,39,2,0,0.0,GREEN
033900300,39,3,0,0.0,GREEN
033900400,39,4,0,0.0,GREEN
033900500,39,5,0,0.0,GREEN
033900600,39,6,0,0.0,GREEN
033900700,39,7,0,0.0,GREEN
033900800,39,8,0,0.0,GREEN
033900900,39,9,0,0.0,GREEN
033901000,39,10,0,0.0,GREEN
033901100,39,11,0,0.0,GREEN
033901200,39,12,0,0.0,GREEN
033901300,39,13,0,0.0,GREEN
033901400,39,14,0,0.0,GREEN
033901500,39,15,0,0.0,GREEN
033901600,39,16,0,0.0,GREEN
033901700,39,17,0,0.0,GREEN
033901800,39,18,0,0.0,GREEN
033901900,39,19,0,0.0,GREEN
033902000,39,20,0,0.0,GREEN
033902100,39,21,0,0.0,GREEN
033902200,39,22,0,0.0,GREEN
033902300,39,23,0,0.0,GREEN
033902400,39,24,0,0.0,GREEN
033902500,39,25,0,0.0,GREEN
033902600,39,26,0,0.0,GREEN
033902700,39,27,0,0.0,GREEN
033902800,39,28,0,0.0,GREEN
033902900,39,29,0,0.0,GREEN
033903000,39,30,0,0.0,GREEN
033903100,39,31,0,0.0,GREEN
033903200,39,32,0,0.0,GREEN
033903300,39,33,0,0.0,GREEN
033903400,39,34,0,0.0,GREEN
033903500,39,35,0,0.0,GREEN
033903600,39,36,0,0.0,GREEN
034202800,42,28,0,0.0,GREEN
034202900,42,29,0,0.0,GREEN
034203100,42,31,0,0.0,GREEN
033903700,39,37,0,0.0,GREEN
033903800,39,38,0,0.0,GREEN
033903900,39,39,0,0.0,GREEN
033904000,39,40,0,0.0,GREEN
033904100,39,41,0,0.0,GREEN
033904200,39,42,0,0.0,GREEN
033904300,39,43,0,0.0,GREEN
033904400,39,44,0,0.0,GREEN
033904500,39,45,0,0.0,GREEN
033904600,39,46,0,0.0,GREEN
033904700,39,47,0,0.0,GREEN
033904800,39,48,0,0.0,GREEN
033904900,39,49,0,0.0,GREEN
033905000,39,50,0,0.0,GREEN
033905100,39,51,0,0.0,GREEN
033905200,39,52,0,0.0,GREEN
033905300,39,53,0,0.0,GREEN
033905400,39,54,0,0.0,GREEN
033905500,39,55,0,0.0,GREEN
033905600,39,56,0,0.0,GREEN
033905700,39,57,0,0.0,GREEN
033905800,39,58,0,0.0,GREEN
033905900,39,59,0,0.0,GREEN
033906000,39,60,0,0.0,GREEN
033906100,39,61,0,0.0,GREEN
033906200,39,62,0,0.0,GREEN
033906300,39,63,0,0.0,GREEN
033906400,39,64,0,0.0,GREEN
033906500,39,65,0,0.0,GREEN
033906600,39,66,0,0.0,GREEN
033906700,39,67,0,0.0,GREEN
033906800,39,68,0,0.0,GREEN
033906900,39,69,0,0.0,GREEN
033907000,39,70,0,0.0,GREEN
033907100,39,71,0,0.0,GREEN
033907200,39,72,0,0.0,GREEN
033907300,39,73,0,0.0,GREEN
033900101,39,1,1,0.0,GREEN
033900201,39,2,1,0.0,GREEN
033900301,39,3,1,0.0,GREEN
033900401,39,4,1,0.0,GREEN
033900501,39,5,1,0.0,GREEN
033900601,39,6,1,0.0,GREEN
033900701,39,7,1,0.0,GREEN
033900801,39,8,1,0.0,GREEN
033900901,39,9,1,0.0,GREEN
033901001,39,10,1,0.0,GREEN
033901101,39,11,1,0.0,GREEN
033901201,39,12,1,0.0,GREEN
033901301,39,13,1,0.0,GREEN
033901401,39,14,1,0.0,GREEN
033901501,39,15,1,0.0,GREEN
033901601,39,16,1,0.0,GREEN
033901701,39,17,1,0.0,GREEN
033901801,39,18,1,0.0,GREEN
033901901,39,19,1,0.0,GREEN
034203200,42,32,0,0.0,GREEN
034203300,42,33,0,0.0,GREEN
034203400,42,34,0,0.0,GREEN
034203500,42,35,0,0.0,GREEN
034203600,42,36,0,0.0,GREEN
034203700,42,37,0,0.0,GREEN
034203800,42,38,0,0.0,GREEN
034203900,42,39,0,0.0,GREEN
034204000,42,40,0,0.0,GREEN
034204100,42,41,0,0.0,GREEN
034204200,42,42,0,0.0,GREEN
034204300,42,43,0,0.0,GREEN
034204400,42,44,0,0.0,GREEN
034204500,42,45,0,0.0,GREEN
034204600,42,46,0,0.0,GREEN
034204700,42,47,0,0.0,GREEN
034204800,42,48,0,0.0,GREEN
034205000,42,50,0,0.0,GREEN
034205100,42,51,0,0.0,GREEN
034205200,42,52,0,0.0,GREEN
034205300,42,53,0,100.0,RED
034205400,42,54,0,0.0,GREEN
034205500,42,55,0,0.0,GREEN
034205600,42,56,0,0.0,GREEN
034205700,42,57,0,0.0,GREEN
034205800,42,58,0,0.0,GREEN
034205900,42,59,0,0.0,GREEN
034206000,42,60,0,0.0,GREEN
034206100,42,61,0,0.0,GREEN
034206200,42,62,0,0.0,GREEN
034206300,42,63,0,0.0,GREEN
034206400,42,64,0,0.0,GREEN
034206500,42,65,0,0.0,GREEN
034206600,42,66,0,0.0,GREEN
034206700,42,67,0,0.0,GREEN
034206800,42,68,0,0.0,GREEN
034206900,42,69,0,0.0,GREEN
034207000,42,70,0,0.0,GREEN
034207100,42,71,0,0.0,GREEN
034207200,42,72,0,0.0,GREEN
034207300,42,73,0,0.0,GREEN
034811411,48,114,11,0.0,GREEN
034300100,43,1,0,100.0,RED
034300200,43,2,0,0.0,GREEN
033902001,39,20,1,0.0,GREEN
033902101,39,21,1,0.0,GREEN
033902201,39,22,1,0.0,GREEN
033902301,39,23,1,0.0,GREEN
033902401,39,24,1,0.0,GREEN
033902501,39,25,1,0.0,GREEN
033902601,39,26,1,0.0,GREEN
033902701,39,27,1,0.0,GREEN
033902801,39,28,1,0.0,GREEN
033902901,39,29,1,0.0,GREEN
033903001,39,30,1,0.0,GREEN
033903101,39,31,1,0.0,GREEN
033903201,39,32,1,0.0,GREEN
033903301,39,33,1,0.0,GREEN
033903401,39,34,1,0.0,GREEN
033903501,39,35,1,0.0,GREEN
033903601,39,36,1,0.0,GREEN
033903701,39,37,1,0.0,GREEN
033903801,39,38,1,0.0,GREEN
033903901,39,39,1,0.0,GREEN
033904001,39,40,1,0.0,GREEN
033904101,39,41,1,0.0,GREEN
033904201,39,42,1,0.0,GREEN
033904301,39,43,1,0.0,GREEN
033904401,39,44,1,0.0,GREEN
033904501,39,45,1,0.0,GREEN
033904601,39,46,1,0.0,GREEN
033904701,39,47,1,0.0,GREEN
033904801,39,48,1,0.0,GREEN
033904901,39,49,1,0.0,GREEN
033905001,39,50,1,0.0,GREEN
033905101,39,51,1,0.0,GREEN
033905201,39,52,1,0.0,GREEN
033905301,39,53,1,0.0,GREEN
033905401,39,54,1,0.0,GREEN
033905501,39,55,1,0.0,GREEN
033905601,39,56,1,0.0,GREEN
033905701,39,57,1,0.0,GREEN
033905801,39,58,1,0.0,GREEN
033905901,39,59,1,0.0,GREEN
033906001,39,60,1,0.0,GREEN
033906101,39,61,1,0.0,GREEN
033906201,39,62,1,0.0,GREEN
033906301,39,63,1,0.0,GREEN
033906401,39,64,1,0.0,GREEN
033906501,39,65,1,0.0,GREEN
033906601,39,66,1,0.0,GREEN
033906701,39,67,1,0.0,GREEN
033906801,39,68,1,0.0,GREEN
033906901,39,69,1,0.0,GREEN
033907001,39,70,1,0.0,GREEN
033907101,39,71,1,0.0,GREEN
033907201,39,72,1,0.0,GREEN
033907301,39,73,1,0.0,GREEN
033900102,39,1,2,0.0,GREEN
033900202,39,2,2,0.0,GREEN
034302100,43,21,0,0.0,GREEN
034302200,43,22,0,0.0,GREEN
034302300,43,23,0,0.0,GREEN
034302400,43,24,0,0.0,GREEN
034302500,43,25,0,0.0,GREEN
034302600,43,26,0,0.0,GREEN
034302700,43,27,0,0.0,GREEN
034302800,43,28,0,0.0,GREEN
034302900,43,29,0,0.0,GREEN
034303000,43,30,0,0.0,GREEN
034303100,43,31,0,0.0,GREEN
034303200,43,32,0,0.0,GREEN
034303300,43,33,0,0.0,GREEN
034303400,43,34,0,0.0,GREEN
034303500,43,35,0,0.0,GREEN
034303600,43,36,0,0.0,GREEN
034303700,43,37,0,0.0,GREEN
034303800,43,38,0,0.0,GREEN
034303900,43,39,0,0.0,GREEN
034304000,43,40,0,0.0,GREEN
034304100,43,41,0,0.0,GREEN
034304200,43,42,0,0.0,GREEN
034304300,43,43,0,0.0,GREEN
034304400,43,44,0,0.0,GREEN
034304500,43,45,0,0.0,GREEN
034304600,43,46,0,0.0,GREEN
034304700,43,47,0,0.0,GREEN
034304800,43,48,0,0.0,GREEN
034304900,43,49,0,0.0,GREEN
034305000,43,50,0,0.0,GREEN
034305100,43,51,0,0.0,GREEN
034305200,43,52,0,0.0,GREEN
034305300,43,53,0,0.0,GREEN
034305400,43,54,0,0.0,GREEN
034305500,43,55,0,0.0,GREEN
034305600,43,56,0,0.0,GREEN
034305700,43,57,0,0.0,GREEN
034305800,43,58,0,0.0,GREEN
034305900,43,59,0,0.0,GREEN
034306000,43,60,0,0.0,GREEN
034306100,43,61,0,0.0,GREEN
034306200,43,62,0,0.0,GREEN
034306300,43,63,0,0.0,GREEN
034306400,43,64,0,0.0,GREEN
034306500,43,65,0,0.0,GREEN
034306600,43,66,0,0.0,GREEN
034306700,43,67,0,0.0,GREEN
034306800,43,68,0,0.0,GREEN
034306900,43,69,0,0.0,GREEN
034307000,43,70,0,0.0,GREEN
034307100,43,71,0,0.0,GREEN
034307200,43,72,0,0.0,GREEN
033900302,39,3,2,0.0,GREEN
033900402,39,4,2,0.0,GREEN
033900502,39,5,2,0.0,GREEN
033900602,39,6,2,0.0,GREEN
033900702,39,7,2,0.0,GREEN
033900802,39,8,2,0.0,GREEN
033900902,39,9,2,0.0,GREEN
033901002,39,10,2,0.0,GREEN
033901102,39,11,2,0.0,GREEN
033901202,39,12,2,0.0,GREEN
033901302,39,13,2,0.0,GREEN
033901402,39,14,2,0.0,GREEN
033901502,39,15,2,0.0,GREEN
033901602,39,16,2,0.0,GREEN
033901702,39,17,2,0.0,GREEN
033901802,39,18,2,0.0,GREEN
033901902,39,19,2,0.0,GREEN
033902002,39,20,2,0.0,GREEN
033902102,39,21,2,0.0,GREEN
033902202,39,22,2,0.0,GREEN
033902302,39,23,2,0.0,GREEN
033902402,39,24,2,0.0,GREEN
033902502,39,25,2,0.0,GREEN
033902602,39,26,2,0.0,GREEN
033902702,39,27,2,0.0,GREEN
033902802,39,28,2,0.0,GREEN
033902902,39,29,2,0.0,GREEN
033903002,39,30,2,0.0,GREEN
033903102,39,31,2,0.0,GREEN
033903202,39,32,2,0.0,GREEN
033903302,39,33,2,0.0,GREEN
033903402,39,34,2,0.0,GREEN
033903502,39,35,2,0.0,GREEN
033903602,39,36,2,0.0,GREEN
033903702,39,37,2,0.0,GREEN
033903802,39,38,2,0.0,GREEN
033903902,39,39,2,0.0,GREEN
033904002,39,40,2,0.0,GREEN
033904102,39,41,2,0.0,GREEN
033904202,39,42,2,0.0,GREEN
033904302,39,43,2,0.0,GREEN
033904402,39,44,2,0.0,GREEN
033904502,39,45,2,0.0,GREEN
033904602,39,46,2,0.0,GREEN
033904702,39,47,2,0.0,GREEN
033904802,39,48,2,0.0,GREEN
033904902,39,49,2,0.0,GREEN
033905002,39,50,2,0.0,GREEN
033905102,39,51,2,0.0,GREEN
033905202,39,52,2,0.0,GREEN
033905302,39,53,2,0.0,GREEN
033905402,39,54,2,0.0,GREEN
033905502,39,55,2,0.0,GREEN
033905602,39,56,2,0.0,GREEN
033905702,39,57,2,0.0,GREEN
033905802,39,58,2,0.0,GREEN
034307300,43,73,0,0.0,GREEN
033905902,39,59,2,0.0,GREEN
033906002,39,60,2,0.0,GREEN
033906102,39,61,2,0.0,GREEN
033906202,39,62,2,0.0,GREEN
033906302,39,63,2,0.0,GREEN
033906402,39,64,2,0.0,GREEN
033906502,39,65,2,0.0,GREEN
033906602,39,66,2,0.0,GREEN
033906702,39,67,2,0.0,GREEN
033906802,39,68,2,0.0,GREEN
033906902,39,69,2,0.0,GREEN
033907002,39,70,2,0.0,GREEN
033907102,39,71,2,0.0,GREEN
033907202,39,72,2,0.0,GREEN
033907302,39,73,2,0.0,GREEN
033900103,39,1,3,0.0,GREEN
033900203,39,2,3,0.0,GREEN
033900303,39,3,3,0.0,GREEN
033900403,39,4,3,0.0,GREEN
033900503,39,5,3,0.0,GREEN
033900603,39,6,3,0.0,GREEN
033900703,39,7,3,0.0,GREEN
033900803,39,8,3,0.0,GREEN
033900903,39,9,3,0.0,GREEN
033901003,39,10,3,0.0,GREEN
033901103,39,11,3,0.0,GREEN
033901203,39,12,3,0.0,GREEN
033901303,39,13,3,0.0,GREEN
033901403,39,14,3,0.0,GREEN
033901503,39,15,3,0.0,GREEN
033901603,39,16,3,0.0,GREEN
033901703,39,17,3,0.0,GREEN
033901803,39,18,3,0.0,GREEN
033901903,39,19,3,0.0,GREEN
033902003,39,20,3,0.0,GREEN
033902103,39,21,3,0.0,GREEN
033902203,39,22,3,0.0,GREEN
033902303,39,23,3,0.0,GREEN
033902403,39,24,3,0.0,GREEN
033902503,39,25,3,0.0,GREEN
033902603,39,26,3,0.0,GREEN
033902703,39,27,3,0.0,GREEN
033902803,39,28,3,0.0,GREEN
033902903,39,29,3,0.0,GREEN
033903003,39,30,3,0.0,GREEN
033903103,39,31,3,0.0,GREEN
033903203,39,32,3,0.0,GREEN
033903303,39,33,3,0.0,GREEN
033903403,39,34,3,0.0,GREEN
033903503,39,35,3,0.0,GREEN
033903603,39,36,3,0.0,GREEN
033903703,39,37,3,0.0,GREEN
033700302,37,3,2,0.0,GREEN
033700402,37,4,2,0.0,GREEN
033700502,37,5,2,0.0,GREEN
033700602,37,6,2,0.0,GREEN
033700702,37,7,2,0.0,GREEN
033700802,37,8,2,0.0,GREEN
033700902,37,9,2,0.0,GREEN
033701002,37,10,2,0.0,GREEN
033701102,37,11,2,0.0,GREEN
033701202,37,12,2,0.0,GREEN
033701302,37,13,2,0.0,GREEN
033701402,37,14,2,0.0,GREEN
033701502,37,15,2,0.0,GREEN
033701602,37,16,2,0.0,GREEN
033701702,37,17,2,0.0,GREEN
033701802,37,18,2,0.0,GREEN
033903803,39,38,3,0.0,GREEN
033903903,39,39,3,0.0,GREEN
033904003,39,40,3,0.0,GREEN
033904103,39,41,3,0.0,GREEN
033904203,39,42,3,0.0,GREEN
033904303,39,43,3,0.0,GREEN
033904403,39,44,3,0.0,GREEN
033904503,39,45,3,0.0,GREEN
033904603,39,46,3,0.0,GREEN
033904703,39,47,3,0.0,GREEN
033904803,39,48,3,0.0,GREEN
033904903,39,49,3,0.0,GREEN
033905003,39,50,3,0.0,GREEN
033905103,39,51,3,0.0,GREEN
033905203,39,52,3,0.0,GREEN
033905303,39,53,3,0.0,GREEN
033905403,39,54,3,0.0,GREEN
033905503,39,55,3,0.0,GREEN
033905603,39,56,3,0.0,GREEN
033905703,39,57,3,0.0,GREEN
033905803,39,58,3,0.0,GREEN
033905903,39,59,3,0.0,GREEN
033906003,39,60,3,0.0,GREEN
033906103,39,61,3,0.0,GREEN
033906203,39,62,3,0.0,GREEN
033906303,39,63,3,0.0,GREEN
033906403,39,64,3,0.0,GREEN
033906503,39,65,3,0.0,GREEN
033906603,39,66,3,0.0,GREEN
033906703,39,67,3,0.0,GREEN
033906803,39,68,3,0.0,GREEN
033906903,39,69,3,0.0,GREEN
033907003,39,70,3,0.0,GREEN
033907103,39,71,3,0.0,GREEN
033907203,39,72,3,0.0,GREEN
033907303,39,73,3,0.0,GREEN
034000100,40,1,0,0.0,GREEN
034000200,40,2,0,0.0,GREEN
034000300,40,3,0,0.0,GREEN
034000400,40,4,0,0.0,GREEN
034000500,40,5,0,0.0,GREEN
034000600,40,6,0,0.0,GREEN
034000700,40,7,0,0.0,GREEN
034000800,40,8,0,0.0,GREEN
034000900,40,9,0,0.0,GREEN
034001000,40,10,0,0.0,GREEN
034001100,40,11,0,0.0,GREEN
034001200,40,12,0,0.0,GREEN
034001300,40,13,0,0.0,GREEN
034001400,40,14,0,0.0,GREEN
034001500,40,15,0,0.0,GREEN
034001600,40,16,0,0.0,GREEN
034001700,40,17,0,0.0,GREEN
034001800,40,18,0,0.0,GREEN
034001900,40,19,0,0.0,GREEN
034002000,40,20,0,0.0,GREEN
033701902,37,19,2,0.0,GREEN
033702002,37,20,2,0.0,GREEN
033702102,37,21,2,0.0,GREEN
033702202,37,22,2,0.0,GREEN
033702302,37,23,2,0.0,GREEN
033702402,37,24,2,0.0,GREEN
033702502,37,25,2,0.0,GREEN
033702602,37,26,2,0.0,GREEN
033702702,37,27,2,0.0,GREEN
033702802,37,28,2,0.0,GREEN
033702902,37,29,2,0.0,GREEN
033703002,37,30,2,0.0,GREEN
033703102,37,31,2,0.0,GREEN
033703202,37,32,2,0.0,GREEN
033703302,37,33,2,0.0,GREEN
033703402,37,34,2,0.0,GREEN
033703502,37,35,2,0.0,GREEN
033703602,37,36,2,0.0,GREEN
033703702,37,37,2,0.0,GREEN
033703802,37,38,2,0.0,GREEN
033703902,37,39,2,0.0,GREEN
033704002,37,40,2,0.0,GREEN
033704102,37,41,2,0.0,GREEN
033704202,37,42,2,0.0,GREEN
033704302,37,43,2,0.0,GREEN
033704402,37,44,2,0.0,GREEN
033704502,37,45,2,0.0,GREEN
033704602,37,46,2,0.0,GREEN
033704702,37,47,2,0.0,GREEN
033704802,37,48,2,0.0,GREEN
033704902,37,49,2,0.0,GREEN
033705002,37,50,2,0.0,GREEN
033705102,37,51,2,0.0,GREEN
033705202,37,52,2,0.0,GREEN
033705302,37,53,2,0.0,GREEN
033705402,37,54,2,0.0,GREEN
033705502,37,55,2,0.0,GREEN
033705602,37,56,2,0.0,GREEN
033705702,37,57,2,0.0,GREEN
033705802,37,58,2,0.0,GREEN
033705902,37,59,2,0.0,GREEN
033706002,37,60,2,0.0,GREEN
033706102,37,61,2,0.0,GREEN
033706202,37,62,2,0.0,GREEN
033706302,37,63,2,0.0,GREEN
033706402,37,64,2,0.0,GREEN
033706502,37,65,2,0.0,GREEN
033706602,37,66,2,0.0,GREEN
033706702,37,67,2,0.0,GREEN
033706802,37,68,2,0.0,GREEN
033706902,37,69,2,0.0,GREEN
033707002,37,70,2,0.0,GREEN
034002100,40,21,0,0.0,GREEN
034002200,40,22,0,0.0,GREEN
034002300,40,23,0,0.0,GREEN
034002400,40,24,0,0.0,GREEN
034002500,40,25,0,0.0,GREEN
034002600,40,26,0,0.0,GREEN
034002700,40,27,0,0.0,GREEN
034002800,40,28,0,0.0,GREEN
034002900,40,29,0,0.0,GREEN
034003000,40,30,0,0.0,GREEN
034003100,40,31,0,0.0,GREEN
034003200,40,32,0,0.0,GREEN
034003300,40,33,0,0.0,GREEN
034003400,40,34,0,0.0,GREEN
034003500,40,35,0,0.0,GREEN
034003600,40,36,0,0.0,GREEN
034003700,40,37,0,0.0,GREEN
034003800,40,38,0,0.0,GREEN
034003900,40,39,0,0.0,GREEN
034004000,40,40,0,0.0,GREEN
034004100,40,41,0,0.0,GREEN
034004200,40,42,0,0.0,GREEN
034004300,40,43,0,0.0,GREEN
034004400,40,44,0,0.0,GREEN
034004500,40,45,0,0.0,GREEN
034004600,40,46,0,0.0,GREEN
034004700,40,47,0,0.0,GREEN
034004800,40,48,0,0.0,GREEN
034004900,40,49,0,0.0,GREEN
034005000,40,50,0,0.0,GREEN
034005100,40,51,0,0.0,GREEN
034005200,40,52,0,0.0,GREEN
034005300,40,53,0,0.0,GREEN
034005400,40,54,0,0.0,GREEN
034005500,40,55,0,0.0,GREEN
034005600,40,56,0,0.0,GREEN
034005700,40,57,0,0.0,GREEN
034005800,40,58,0,0.0,GREEN
034005900,40,59,0,0.0,GREEN
034006000,40,60,0,0.0,GREEN
034006100,40,61,0,0.0,GREEN
034006200,40,62,0,0.0,GREEN
034006300,40,63,0,0.0,GREEN
034006400,40,64,0,0.0,GREEN
034006500,40,65,0,0.0,GREEN
034006600,40,66,0,0.0,GREEN
034006700,40,67,0,0.0,GREEN
034006800,40,68,0,0.0,GREEN
034006900,40,69,0,0.0,GREEN
034007000,40,70,0,0.0,GREEN
034007100,40,71,0,0.0,GREEN
034007200,40,72,0,0.0,GREEN
034007300,40,73,0,0.0,GREEN
034000101,40,1,1,0.0,GREEN
034000201,40,2,1,0.0,GREEN
033707102,37,71,2,0.0,GREEN
033707202,37,72,2,0.0,GREEN
033707302,37,73,2,0.0,GREEN
033700103,37,1,3,0.0,GREEN
033700203,37,2,3,0.0,GREEN
033700303,37,3,3,0.0,GREEN
033700403,37,4,3,0.0,GREEN
033700503,37,5,3,0.0,GREEN
033700603,37,6,3,0.0,GREEN
033700703,37,7,3,0.0,GREEN
033700803,37,8,3,0.0,GREEN
033700903,37,9,3,0.0,GREEN
033701003,37,10,3,0.0,GREEN
033701103,37,11,3,0.0,GREEN
033701203,37,12,3,0.0,GREEN
033701303,37,13,3,0.0,GREEN
033701403,37,14,3,0.0,GREEN
033701503,37,15,3,0.0,GREEN
033701603,37,16,3,0.0,GREEN
033701703,37,17,3,0.0,GREEN
033701803,37,18,3,0.0,GREEN
033701903,37,19,3,0.0,GREEN
033702003,37,20,3,0.0,GREEN
033702103,37,21,3,0.0,GREEN
033702203,37,22,3,0.0,GREEN
033702303,37,23,3,0.0,GREEN
033702403,37,24,3,0.0,GREEN
033702503,37,25,3,0.0,GREEN
033702603,37,26,3,0.0,GREEN
033702703,37,27,3,0.0,GREEN
033702803,37,28,3,0.0,GREEN
033702903,37,29,3,0.0,GREEN
033703003,37,30,3,0.0,GREEN
033703103,37,31,3,0.0,GREEN
033703203,37,32,3,0.0,GREEN
033703303,37,33,3,0.0,GREEN
033703403,37,34,3,0.0,GREEN
033703503,37,35,3,0.0,GREEN
033703603,37,36,3,0.0,GREEN
033703703,37,37,3,0.0,GREEN
033703803,37,38,3,0.0,GREEN
033703903,37,39,3,0.0,GREEN
033704003,37,40,3,0.0,GREEN
033704103,37,41,3,0.0,GREEN
033704203,37,42,3,0.0,GREEN
033704303,37,43,3,0.0,GREEN
033704403,37,44,3,0.0,GREEN
033704503,37,45,3,0.0,GREEN
033704603,37,46,3,0.0,GREEN
033704703,37,47,3,0.0,GREEN
033704803,37,48,3,0.0,GREEN
033705303,37,53,3,0.0,GREEN
033704903,37,49,3,0.0,GREEN
033705003,37,50,3,0.0,GREEN
033705103,37,51,3,0.0,GREEN
033705203,37,52,3,0.0,GREEN
034000301,40,3,1,0.0,GREEN
034000401,40,4,1,0.0,GREEN
034000501,40,5,1,0.0,GREEN
034000601,40,6,1,0.0,GREEN
034000701,40,7,1,0.0,GREEN
034000801,40,8,1,0.0,GREEN
034000901,40,9,1,0.0,GREEN
034001001,40,10,1,0.0,GREEN
034001101,40,11,1,0.0,GREEN
034001201,40,12,1,0.0,GREEN
034001301,40,13,1,0.0,GREEN
034001401,40,14,1,0.0,GREEN
034001501,40,15,1,0.0,GREEN
034001601,40,16,1,0.0,GREEN
034001701,40,17,1,0.0,GREEN
034001801,40,18,1,0.0,GREEN
034001901,40,19,1,0.0,GREEN
034002001,40,20,1,0.0,GREEN
034002101,40,21,1,0.0,GREEN
034002201,40,22,1,0.0,GREEN
034002301,40,23,1,0.0,GREEN
034002401,40,24,1,0.0,GREEN
034002501,40,25,1,0.0,GREEN
034002601,40,26,1,0.0,GREEN
034002701,40,27,1,0.0,GREEN
034002801,40,28,1,0.0,GREEN
034002901,40,29,1,0.0,GREEN
034003001,40,30,1,0.0,GREEN
034003101,40,31,1,0.0,GREEN
034003201,40,32,1,0.0,GREEN
034003301,40,33,1,0.0,GREEN
034003401,40,34,1,0.0,GREEN
034003501,40,35,1,0.0,GREEN
034003601,40,36,1,0.0,GREEN
034003701,40,37,1,0.0,GREEN
034003801,40,38,1,0.0,GREEN
034003901,40,39,1,0.0,GREEN
034004001,40,40,1,0.0,GREEN
034004101,40,41,1,0.0,GREEN
033602600,36,26,0,0.0,GREEN
033602700,36,27,0,0.0,GREEN
033602800,36,28,0,0.0,GREEN
033602900,36,29,0,0.0,GREEN
033603000,36,30,0,0.0,GREEN
033603100,36,31,0,0.0,GREEN
033603200,36,32,0,0.0,GREEN
033603300,36,33,0,0.0,GREEN
033603400,36,34,0,0.0,GREEN
033603500,36,35,0,0.0,GREEN
033603600,36,36,0,0.0,GREEN
033603700,36,37,0,0.0,GREEN
033603800,36,38,0,0.0,GREEN
033603900,36,39,0,0.0,GREEN
033604000,36,40,0,0.0,GREEN
033604100,36,41,0,0.0,GREEN
033604200,36,42,0,0.0,GREEN
033604300,36,43,0,0.0,GREEN
033604400,36,44,0,0.0,GREEN
033604500,36,45,0,0.0,GREEN
033604600,36,46,0,0.0,GREEN
033604700,36,47,0,0.0,GREEN
033604800,36,48,0,0.0,GREEN
033604900,36,49,0,0.0,GREEN
033605000,36,50,0,0.0,GREEN
033605100,36,51,0,0.0,GREEN
033605200,36,52,0,0.0,GREEN
033605300,36,53,0,0.0,GREEN
033605400,36,54,0,0.0,GREEN
033605500,36,55,0,0.0,GREEN
033605600,36,56,0,0.0,GREEN
033605700,36,57,0,0.0,GREEN
033605800,36,58,0,0.0,GREEN
033605900,36,59,0,0.0,GREEN
034803410,48,34,10,0.0,GREEN
033705403,37,54,3,0.0,GREEN
033705503,37,55,3,0.0,GREEN
033705603,37,56,3,0.0,GREEN
033705703,37,57,3,0.0,GREEN
033705803,37,58,3,0.0,GREEN
033705903,37,59,3,0.0,GREEN
033706003,37,60,3,0.0,GREEN
033706103,37,61,3,0.0,GREEN
033706203,37,62,3,0.0,GREEN
033706303,37,63,3,0.0,GREEN
033706403,37,64,3,0.0,GREEN
033706503,37,65,3,0.0,GREEN
033706603,37,66,3,0.0,GREEN
033706703,37,67,3,0.0,GREEN
033706803,37,68,3,0.0,GREEN
033706903,37,69,3,0.0,GREEN
033707003,37,70,3,0.0,GREEN
033707103,37,71,3,0.0,GREEN
033707203,37,72,3,0.0,GREEN
033707303,37,73,3,0.0,GREEN
033800100,38,1,0,0.0,GREEN
033800200,38,2,0,0.0,GREEN
033800300,38,3,0,0.0,GREEN
033800400,38,4,0,0.0,GREEN
033800500,38,5,0,0.0,GREEN
033800600,38,6,0,0.0,GREEN
033800700,38,7,0,0.0,GREEN
033800800,38,8,0,0.0,GREEN
033800900,38,9,0,0.0,GREEN
033801000,38,10,0,0.0,GREEN
033801100,38,11,0,0.0,GREEN
033801200,38,12,0,0.0,GREEN
033801300,38,13,0,0.0,GREEN
033801400,38,14,0,0.0,GREEN
033801500,38,15,0,0.0,GREEN
033801600,38,16,0,0.0,GREEN
033801700,38,17,0,0.0,GREEN
033801800,38,18,0,0.0,GREEN
033802000,38,20,0,0.0,GREEN
033801900,38,19,0,0.0,GREEN
034004201,40,42,1,0.0,GREEN
034004301,40,43,1,0.0,GREEN
034004401,40,44,1,0.0,GREEN
034004501,40,45,1,0.0,GREEN
034004601,40,46,1,0.0,GREEN
034004701,40,47,1,0.0,GREEN
034004801,40,48,1,0.0,GREEN
034004901,40,49,1,0.0,GREEN
034005001,40,50,1,0.0,GREEN
034005101,40,51,1,0.0,GREEN
034005201,40,52,1,0.0,GREEN
034005301,40,53,1,0.0,GREEN
034005401,40,54,1,0.0,GREEN
034005501,40,55,1,0.0,GREEN
034005601,40,56,1,0.0,GREEN
034005701,40,57,1,0.0,GREEN
034005801,40,58,1,0.0,GREEN
034005901,40,59,1,0.0,GREEN
034006001,40,60,1,0.0,GREEN
034006101,40,61,1,0.0,GREEN
034006201,40,62,1,0.0,GREEN
034006301,40,63,1,0.0,GREEN
034006401,40,64,1,0.0,GREEN
034006501,40,65,1,0.0,GREEN
034006601,40,66,1,0.0,GREEN
034006701,40,67,1,0.0,GREEN
034006801,40,68,1,0.0,GREEN
034006901,40,69,1,0.0,GREEN
034007001,40,70,1,0.0,GREEN
034007101,40,71,1,0.0,GREEN
034007201,40,72,1,0.0,GREEN
034007301,40,73,1,0.0,GREEN
034000102,40,1,2,0.0,GREEN
034000202,40,2,2,0.0,GREEN
034000302,40,3,2,0.0,GREEN
034000402,40,4,2,0.0,GREEN
034000502,40,5,2,0.0,GREEN
034000602,40,6,2,0.0,GREEN
034000702,40,7,2,0.0,GREEN
034000802,40,8,2,0.0,GREEN
034000902,40,9,2,0.0,GREEN
034001002,40,10,2,0.0,GREEN
034001102,40,11,2,0.0,GREEN
034001202,40,12,2,0.0,GREEN
034001302,40,13,2,0.0,GREEN
034001402,40,14,2,0.0,GREEN
034001502,40,15,2,0.0,GREEN
034001602,40,16,2,0.0,GREEN
034001702,40,17,2,0.0,GREEN
034001802,40,18,2,0.0,GREEN
034001902,40,19,2,0.0,GREEN
034002002,40,20,2,0.0,GREEN
034002102,40,21,2,0.0,GREEN
034002202,40,22,2,0.0,GREEN
034002302,40,23,2,0.0,GREEN
034002402,40,24,2,0.0,GREEN
033606000,36,60,0,0.0,GREEN
033606100,36,61,0,0.0,GREEN
033606200,36,62,0,0.0,GREEN
033606300,36,63,0,0.0,GREEN
033606400,36,64,0,0.0,GREEN
033606500,36,65,0,0.0,GREEN
033606600,36,66,0,0.0,GREEN
033606700,36,67,0,0.0,GREEN
033606800,36,68,0,0.0,GREEN
033606900,36,69,0,0.0,GREEN
033607000,36,70,0,0.0,GREEN
033607100,36,71,0,0.0,GREEN
033607200,36,72,0,0.0,GREEN
033607300,36,73,0,0.0,GREEN
033600101,36,1,1,0.0,GREEN
033600201,36,2,1,0.0,GREEN
033600301,36,3,1,0.0,GREEN
033600401,36,4,1,0.0,GREEN
033600501,36,5,1,0.0,GREEN
033600601,36,6,1,0.0,GREEN
033600701,36,7,1,0.0,GREEN
033600801,36,8,1,0.0,GREEN
033600901,36,9,1,0.0,GREEN
033601001,36,10,1,0.0,GREEN
033601101,36,11,1,0.0,GREEN
033601201,36,12,1,0.0,GREEN
033601301,36,13,1,0.0,GREEN
033601401,36,14,1,0.0,GREEN
033601501,36,15,1,0.0,GREEN
033601601,36,16,1,0.0,GREEN
033601701,36,17,1,0.0,GREEN
033601801,36,18,1,0.0,GREEN
033601901,36,19,1,0.0,GREEN
033602001,36,20,1,0.0,GREEN
033602101,36,21,1,0.0,GREEN
033602201,36,22,1,0.0,GREEN
033602301,36,23,1,0.0,GREEN
033602401,36,24,1,0.0,GREEN
033602501,36,25,1,0.0,GREEN
033602601,36,26,1,0.0,GREEN
033602701,36,27,1,0.0,GREEN
033602801,36,28,1,0.0,GREEN
033602901,36,29,1,0.0,GREEN
033603001,36,30,1,0.0,GREEN
033603101,36,31,1,0.0,GREEN
033603201,36,32,1,0.0,GREEN
033603301,36,33,1,0.0,GREEN
033603401,36,34,1,0.0,GREEN
033603501,36,35,1,0.0,GREEN
033603601,36,36,1,0.0,GREEN
033603701,36,37,1,0.0,GREEN
033603801,36,38,1,0.0,GREEN
033603901,36,39,1,0.0,GREEN
033604001,36,40,1,0.0,GREEN
034002502,40,25,2,0.0,GREEN
034002602,40,26,2,0.0,GREEN
034002702,40,27,2,0.0,GREEN
034002802,40,28,2,0.0,GREEN
034002902,40,29,2,0.0,GREEN
034003002,40,30,2,0.0,GREEN
034003102,40,31,2,0.0,GREEN
034003202,40,32,2,0.0,GREEN
034003302,40,33,2,0.0,GREEN
034003402,40,34,2,0.0,GREEN
034003502,40,35,2,0.0,GREEN
034003602,40,36,2,0.0,GREEN
034003702,40,37,2,0.0,GREEN
034003802,40,38,2,0.0,GREEN
034003902,40,39,2,0.0,GREEN
034004002,40,40,2,0.0,GREEN
034004102,40,41,2,0.0,GREEN
034004202,40,42,2,0.0,GREEN
034004302,40,43,2,0.0,GREEN
034004402,40,44,2,0.0,GREEN
034004502,40,45,2,0.0,GREEN
034004602,40,46,2,0.0,GREEN
034004702,40,47,2,0.0,GREEN
034004802,40,48,2,0.0,GREEN
034004902,40,49,2,0.0,GREEN
034005002,40,50,2,0.0,GREEN
034005102,40,51,2,0.0,GREEN
034005202,40,52,2,0.0,GREEN
034005302,40,53,2,0.0,GREEN
034005402,40,54,2,0.0,GREEN
034005502,40,55,2,0.0,GREEN
034005602,40,56,2,0.0,GREEN
034005702,40,57,2,0.0,GREEN
034005802,40,58,2,0.0,GREEN
034005902,40,59,2,0.0,GREEN
034006002,40,60,2,0.0,GREEN
034006102,40,61,2,0.0,GREEN
034006202,40,62,2,0.0,GREEN
034006302,40,63,2,0.0,GREEN
034006402,40,64,2,0.0,GREEN
034006502,40,65,2,0.0,GREEN
034006602,40,66,2,0.0,GREEN
034006702,40,67,2,0.0,GREEN
034006802,40,68,2,0.0,GREEN
034006902,40,69,2,0.0,GREEN
034007002,40,70,2,0.0,GREEN
034007102,40,71,2,0.0,GREEN
034007202,40,72,2,0.0,GREEN
034007302,40,73,2,0.0,GREEN
034000103,40,1,3,0.0,GREEN
034000203,40,2,3,0.0,GREEN
034000303,40,3,3,0.0,GREEN
034000403,40,4,3,0.0,GREEN
034000503,40,5,3,0.0,GREEN
034000603,40,6,3,0.0,GREEN
034000703,40,7,3,0.0,GREEN
033604101,36,41,1,0.0,GREEN
033604201,36,42,1,0.0,GREEN
033604301,36,43,1,0.0,GREEN
033604401,36,44,1,0.0,GREEN
033604501,36,45,1,0.0,GREEN
033604601,36,46,1,0.0,GREEN
033604701,36,47,1,0.0,GREEN
033604801,36,48,1,0.0,GREEN
033604901,36,49,1,0.0,GREEN
033605001,36,50,1,0.0,GREEN
033605101,36,51,1,0.0,GREEN
033605201,36,52,1,0.0,GREEN
033605301,36,53,1,0.0,GREEN
033605401,36,54,1,0.0,GREEN
033605501,36,55,1,0.0,GREEN
033605601,36,56,1,0.0,GREEN
033605701,36,57,1,0.0,GREEN
033605801,36,58,1,0.0,GREEN
033605901,36,59,1,0.0,GREEN
033606001,36,60,1,0.0,GREEN
033606101,36,61,1,0.0,GREEN
033606201,36,62,1,0.0,GREEN
033606301,36,63,1,0.0,GREEN
033606401,36,64,1,0.0,GREEN
033606501,36,65,1,0.0,GREEN
033606601,36,66,1,0.0,GREEN
033606701,36,67,1,0.0,GREEN
033606801,36,68,1,0.0,GREEN
033606901,36,69,1,0.0,GREEN
033607001,36,70,1,0.0,GREEN
033607101,36,71,1,0.0,GREEN
033607201,36,72,1,0.0,GREEN
033607301,36,73,1,0.0,GREEN
033600102,36,1,2,0.0,GREEN
033600202,36,2,2,0.0,GREEN
033600302,36,3,2,0.0,GREEN
033600402,36,4,2,0.0,GREEN
033600502,36,5,2,0.0,GREEN
033600602,36,6,2,0.0,GREEN
033600702,36,7,2,0.0,GREEN
033600802,36,8,2,0.0,GREEN
033600902,36,9,2,0.0,GREEN
033601002,36,10,2,0.0,GREEN
033601102,36,11,2,0.0,GREEN
033601202,36,12,2,0.0,GREEN
033601302,36,13,2,0.0,GREEN
033601402,36,14,2,0.0,GREEN
033601502,36,15,2,0.0,GREEN
033601602,36,16,2,0.0,GREEN
033601702,36,17,2,0.0,GREEN
033601802,36,18,2,0.0,GREEN
033601902,36,19,2,0.0,GREEN
033602002,36,20,2,0.0,GREEN
033602102,36,21,2,0.0,GREEN
033602202,36,22,2,0.0,GREEN
033602302,36,23,2,0.0,GREEN
034000803,40,8,3,0.0,GREEN
034000903,40,9,3,0.0,GREEN
034001003,40,10,3,0.0,GREEN
034001103,40,11,3,0.0,GREEN
034001203,40,12,3,0.0,GREEN
034001303,40,13,3,0.0,GREEN
034001403,40,14,3,0.0,GREEN
034001503,40,15,3,0.0,GREEN
034001603,40,16,3,0.0,GREEN
034001703,40,17,3,0.0,GREEN
034001803,40,18,3,0.0,GREEN
034001903,40,19,3,0.0,GREEN
034002003,40,20,3,0.0,GREEN
034002103,40,21,3,0.0,GREEN
034002203,40,22,3,0.0,GREEN
034002303,40,23,3,0.0,GREEN
034002403,40,24,3,0.0,GREEN
034002503,40,25,3,0.0,GREEN
034002603,40,26,3,0.0,GREEN
034002703,40,27,3,0.0,GREEN
034002803,40,28,3,0.0,GREEN
034002903,40,29,3,0.0,GREEN
034003003,40,30,3,0.0,GREEN
034003103,40,31,3,0.0,GREEN
034003203,40,32,3,0.0,GREEN
034003303,40,33,3,0.0,GREEN
034003403,40,34,3,0.0,GREEN
034003503,40,35,3,0.0,GREEN
034003603,40,36,3,0.0,GREEN
034003703,40,37,3,0.0,GREEN
034003803,40,38,3,0.0,GREEN
034003903,40,39,3,0.0,GREEN
034004003,40,40,3,0.0,GREEN
034004103,40,41,3,0.0,GREEN
034004203,40,42,3,0.0,GREEN
034004303,40,43,3,0.0,GREEN
034004403,40,44,3,0.0,GREEN
034004503,40,45,3,0.0,GREEN
034004603,40,46,3,0.0,GREEN
034004703,40,47,3,0.0,GREEN
034004803,40,48,3,0.0,GREEN
034004903,40,49,3,0.0,GREEN
034005003,40,50,3,0.0,GREEN
034005103,40,51,3,0.0,GREEN
034005203,40,52,3,0.0,GREEN
034005303,40,53,3,0.0,GREEN
034005403,40,54,3,0.0,GREEN
034005503,40,55,3,0.0,GREEN
034005603,40,56,3,0.0,GREEN
034005703,40,57,3,0.0,GREEN
034005803,40,58,3,0.0,GREEN
034005903,40,59,3,0.0,GREEN
034006003,40,60,3,0.0,GREEN
034006103,40,61,3,0.0,GREEN
034006203,40,62,3,0.0,GREEN
034006303,40,63,3,0.0,GREEN
033602402,36,24,2,0.0,GREEN
033602502,36,25,2,0.0,GREEN
033602602,36,26,2,0.0,GREEN
033602702,36,27,2,0.0,GREEN
033602802,36,28,2,0.0,GREEN
033602902,36,29,2,0.0,GREEN
033603002,36,30,2,0.0,GREEN
033603102,36,31,2,0.0,GREEN
033603202,36,32,2,0.0,GREEN
033603302,36,33,2,0.0,GREEN
033603402,36,34,2,0.0,GREEN
033603502,36,35,2,0.0,GREEN
033603602,36,36,2,0.0,GREEN
033603702,36,37,2,0.0,GREEN
033603802,36,38,2,0.0,GREEN
033603902,36,39,2,0.0,GREEN
033604002,36,40,2,0.0,GREEN
033604102,36,41,2,0.0,GREEN
033604202,36,42,2,0.0,GREEN
033604302,36,43,2,0.0,GREEN
033604402,36,44,2,0.0,GREEN
033604502,36,45,2,0.0,GREEN
033604602,36,46,2,0.0,GREEN
033604702,36,47,2,0.0,GREEN
033604802,36,48,2,0.0,GREEN
033604902,36,49,2,0.0,GREEN
033605002,36,50,2,0.0,GREEN
033605102,36,51,2,0.0,GREEN
033605202,36,52,2,0.0,GREEN
033605302,36,53,2,0.0,GREEN
033605402,36,54,2,0.0,GREEN
033605502,36,55,2,0.0,GREEN
033605602,36,56,2,0.0,GREEN
033605702,36,57,2,0.0,GREEN
033605802,36,58,2,0.0,GREEN
033605902,36,59,2,0.0,GREEN
033606002,36,60,2,0.0,GREEN
033606102,36,61,2,0.0,GREEN
033606202,36,62,2,0.0,GREEN
033606302,36,63,2,0.0,GREEN
033606402,36,64,2,0.0,GREEN
033606502,36,65,2,0.0,GREEN
033606602,36,66,2,0.0,GREEN
033606702,36,67,2,0.0,GREEN
033606802,36,68,2,0.0,GREEN
033606902,36,69,2,0.0,GREEN
033607002,36,70,2,0.0,GREEN
033607102,36,71,2,0.0,GREEN
033802100,38,21,0,0.0,GREEN
033802200,38,22,0,0.0,GREEN
033802300,38,23,0,0.0,GREEN
033802400,38,24,0,0.0,GREEN
033802500,38,25,0,0.0,GREEN
033802600,38,26,0,0.0,GREEN
033802700,38,27,0,0.0,GREEN
033802800,38,28,0,0.0,GREEN
033802900,38,29,0,0.0,GREEN
033803000,38,30,0,0.0,GREEN
033803100,38,31,0,0.0,GREEN
033803200,38,32,0,0.0,GREEN
033803300,38,33,0,0.0,GREEN
033803400,38,34,0,0.0,GREEN
033803500,38,35,0,0.0,GREEN
033803600,38,36,0,0.0,GREEN
033803700,38,37,0,0.0,GREEN
033803800,38,38,0,0.0,GREEN
033803900,38,39,0,0.0,GREEN
033804000,38,40,0,0.0,GREEN
033804100,38,41,0,0.0,GREEN
033804200,38,42,0,0.0,GREEN
033804300,38,43,0,0.0,GREEN
033804400,38,44,0,0.0,GREEN
033804500,38,45,0,0.0,GREEN
033804600,38,46,0,0.0,GREEN
033804700,38,47,0,0.0,GREEN
033804800,38,48,0,0.0,GREEN
034006403,40,64,3,0.0,GREEN
034006503,40,65,3,0.0,GREEN
034006603,40,66,3,0.0,GREEN
034006703,40,67,3,0.0,GREEN
034006803,40,68,3,0.0,GREEN
034006903,40,69,3,0.0,GREEN
034007003,40,70,3,0.0,GREEN
034007103,40,71,3,0.0,GREEN
034007203,40,72,3,0.0,GREEN
034007303,40,73,3,0.0,GREEN
034816010,48,160,10,0.0,GREEN
034102800,41,28,0,0.0,GREEN
034103000,41,30,0,0.0,GREEN
034103100,41,31,0,0.0,GREEN
034103200,41,32,0,0.0,GREEN
034103300,41,33,0,0.0,GREEN
034103400,41,34,0,0.0,GREEN
034103500,41,35,0,0.0,GREEN
034103600,41,36,0,0.0,GREEN
034103700,41,37,0,0.0,GREEN
034103800,41,38,0,0.0,GREEN
034103900,41,39,0,0.0,GREEN
034104000,41,40,0,0.0,GREEN
034104100,41,41,0,0.0,GREEN
034104200,41,42,0,0.0,GREEN
034104300,41,43,0,0.0,GREEN
034104400,41,44,0,0.0,GREEN
034104500,41,45,0,0.0,GREEN
033607202,36,72,2,0.0,GREEN
033607302,36,73,2,0.0,GREEN
033600103,36,1,3,0.0,GREEN
033600203,36,2,3,0.0,GREEN
033600303,36,3,3,0.0,GREEN
033600403,36,4,3,0.0,GREEN
033600503,36,5,3,0.0,GREEN
033600603,36,6,3,0.0,GREEN
033600703,36,7,3,0.0,GREEN
033600803,36,8,3,0.0,GREEN
033600903,36,9,3,0.0,GREEN
033601003,36,10,3,0.0,GREEN
033601103,36,11,3,0.0,GREEN
033601203,36,12,3,0.0,GREEN
033601303,36,13,3,0.0,GREEN
033601403,36,14,3,0.0,GREEN
033601503,36,15,3,0.0,GREEN
033601603,36,16,3,0.0,GREEN
033601703,36,17,3,0.0,GREEN
033601803,36,18,3,0.0,GREEN
033601903,36,19,3,0.0,GREEN
033602003,36,20,3,0.0,GREEN
033602103,36,21,3,0.0,GREEN
033602203,36,22,3,0.0,GREEN
033602303,36,23,3,0.0,GREEN
033602403,36,24,3,0.0,GREEN
033602503,36,25,3,0.0,GREEN
033602603,36,26,3,0.0,GREEN
033602703,36,27,3,0.0,GREEN
033602803,36,28,3,0.0,GREEN
033602903,36,29,3,0.0,GREEN
033603003,36,30,3,0.0,GREEN
033603103,36,31,3,0.0,GREEN
033603203,36,32,3,0.0,GREEN
033603303,36,33,3,0.0,GREEN
033603403,36,34,3,0.0,GREEN
033603503,36,35,3,0.0,GREEN
033603603,36,36,3,0.0,GREEN
033603703,36,37,3,0.0,GREEN
033603803,36,38,3,0.0,GREEN
033603903,36,39,3,0.0,GREEN
033604003,36,40,3,0.0,GREEN
033604103,36,41,3,0.0,GREEN
033604203,36,42,3,0.0,GREEN
033604303,36,43,3,0.0,GREEN
033604403,36,44,3,0.0,GREEN
033604503,36,45,3,0.0,GREEN
033604603,36,46,3,0.0,GREEN
033604703,36,47,3,0.0,GREEN
033604803,36,48,3,0.0,GREEN
033604903,36,49,3,0.0,GREEN
033605003,36,50,3,0.0,GREEN
033605103,36,51,3,0.0,GREEN
033605203,36,52,3,0.0,GREEN
033605303,36,53,3,0.0,GREEN
033605403,36,54,3,0.0,GREEN
033804900,38,49,0,0.0,GREEN
033805000,38,50,0,0.0,GREEN
033805100,38,51,0,0.0,GREEN
033805200,38,52,0,0.0,GREEN
033805300,38,53,0,0.0,GREEN
033805400,38,54,0,0.0,GREEN
033805500,38,55,0,0.0,GREEN
033805600,38,56,0,0.0,GREEN
033805700,38,57,0,0.0,GREEN
033805800,38,58,0,0.0,GREEN
033805900,38,59,0,0.0,GREEN
033806000,38,60,0,0.0,GREEN
033806100,38,61,0,0.0,GREEN
033806200,38,62,0,0.0,GREEN
033806300,38,63,0,0.0,GREEN
033806400,38,64,0,0.0,GREEN
033806500,38,65,0,0.0,GREEN
033806600,38,66,0,0.0,GREEN
033806700,38,67,0,0.0,GREEN
033806800,38,68,0,0.0,GREEN
033806900,38,69,0,0.0,GREEN
033807000,38,70,0,0.0,GREEN
033807100,38,71,0,0.0,GREEN
033807200,38,72,0,0.0,GREEN
033807300,38,73,0,0.0,GREEN
033800101,38,1,1,0.0,GREEN
033800201,38,2,1,0.0,GREEN
033800301,38,3,1,0.0,GREEN
033800401,38,4,1,0.0,GREEN
033800501,38,5,1,0.0,GREEN
033800601,38,6,1,0.0,GREEN
033800701,38,7,1,0.0,GREEN
033800801,38,8,1,0.0,GREEN
033800901,38,9,1,0.0,GREEN
033801001,38,10,1,0.0,GREEN
033801101,38,11,1,0.0,GREEN
033801201,38,12,1,0.0,GREEN
033801301,38,13,1,0.0,GREEN
033801401,38,14,1,0.0,GREEN
033801501,38,15,1,0.0,GREEN
033801601,38,16,1,0.0,GREEN
033801701,38,17,1,0.0,GREEN
033801801,38,18,1,0.0,GREEN
033801901,38,19,1,0.0,GREEN
033802001,38,20,1,0.0,GREEN
033802101,38,21,1,0.0,GREEN
033802201,38,22,1,0.0,GREEN
033802301,38,23,1,0.0,GREEN
033802401,38,24,1,0.0,GREEN
033802501,38,25,1,0.0,GREEN
033802601,38,26,1,0.0,GREEN
033802701,38,27,1,0.0,GREEN
033802801,38,28,1,0.0,GREEN
033802901,38,29,1,0.0,GREEN
033803001,38,30,1,0.0,GREEN
033803101,38,31,1,0.0,GREEN
034104600,41,46,0,0.0,GREEN
034104700,41,47,0,0.0,GREEN
034104800,41,48,0,0.0,GREEN
034104900,41,49,0,0.0,GREEN
034105000,41,50,0,0.0,GREEN
034105100,41,51,0,0.0,GREEN
034105200,41,52,0,0.0,GREEN
034105300,41,53,0,0.0,GREEN
034105400,41,54,0,0.0,GREEN
034105500,41,55,0,0.0,GREEN
034105600,41,56,0,0.0,GREEN
034105700,41,57,0,0.0,GREEN
034105800,41,58,0,0.0,GREEN
034105900,41,59,0,0.0,GREEN
034106000,41,60,0,0.0,GREEN
034106100,41,61,0,0.0,GREEN
034106200,41,62,0,0.0,GREEN
034106300,41,63,0,0.0,GREEN
034106400,41,64,0,0.0,GREEN
034106500,41,65,0,0.0,GREEN
034106600,41,66,0,0.0,GREEN
034106700,41,67,0,0.0,GREEN
034106800,41,68,0,0.0,GREEN
034106900,41,69,0,0.0,GREEN
034107000,41,70,0,0.0,GREEN
034107100,41,71,0,0.0,GREEN
034107300,41,73,0,0.0,GREEN
033605503,36,55,3,0.0,GREEN
033605603,36,56,3,0.0,GREEN
033605703,36,57,3,0.0,GREEN
033605803,36,58,3,0.0,GREEN
033605903,36,59,3,0.0,GREEN
033606003,36,60,3,0.0,GREEN
033606103,36,61,3,0.0,GREEN
033606203,36,62,3,0.0,GREEN
033606303,36,63,3,0.0,GREEN
033606403,36,64,3,0.0,GREEN
033606503,36,65,3,0.0,GREEN
033606603,36,66,3,0.0,GREEN
033606703,36,67,3,0.0,GREEN
033606803,36,68,3,0.0,GREEN
033606903,36,69,3,0.0,GREEN
033607003,36,70,3,0.0,GREEN
033607103,36,71,3,0.0,GREEN
033607203,36,72,3,0.0,GREEN
033607303,36,73,3,0.0,GREEN
033700100,37,1,0,0.0,GREEN
033700200,37,2,0,0.0,GREEN
033700300,37,3,0,0.0,GREEN
033700400,37,4,0,0.0,GREEN
033700500,37,5,0,0.0,GREEN
033700600,37,6,0,0.0,GREEN
033700700,37,7,0,0.0,GREEN
033700800,37,8,0,0.0,GREEN
033700900,37,9,0,0.0,GREEN
033701000,37,10,0,0.0,GREEN
033701100,37,11,0,0.0,GREEN
033701200,37,12,0,0.0,GREEN
033701300,37,13,0,0.0,GREEN
033701400,37,14,0,0.0,GREEN
033701500,37,15,0,0.0,GREEN
033701600,37,16,0,0.0,GREEN
033701700,37,17,0,0.0,GREEN
033701800,37,18,0,0.0,GREEN
033701900,37,19,0,0.0,GREEN
033702000,37,20,0,0.0,GREEN
033702100,37,21,0,0.0,GREEN
033702200,37,22,0,0.0,GREEN
033702300,37,23,0,0.0,GREEN
033702400,37,24,0,0.0,GREEN
033702500,37,25,0,0.0,GREEN
033702600,37,26,0,0.0,GREEN
033702700,37,27,0,0.0,GREEN
033702800,37,28,0,0.0,GREEN
033702900,37,29,0,0.0,GREEN
033703000,37,30,0,0.0,GREEN
033703100,37,31,0,0.0,GREEN
033703200,37,32,0,0.0,GREEN
033703300,37,33,0,0.0,GREEN
033703400,37,34,0,0.0,GREEN
033703500,37,35,0,0.0,GREEN
033803201,38,32,1,0.0,GREEN
033803301,38,33,1,0.0,GREEN
033803401,38,34,1,0.0,GREEN
033803501,38,35,1,0.0,GREEN
033803601,38,36,1,0.0,GREEN
033803701,38,37,1,0.0,GREEN
033803801,38,38,1,0.0,GREEN
033803901,38,39,1,0.0,GREEN
033804001,38,40,1,0.0,GREEN
033804101,38,41,1,0.0,GREEN
033804201,38,42,1,0.0,GREEN
033804301,38,43,1,0.0,GREEN
033804401,38,44,1,0.0,GREEN
033804501,38,45,1,0.0,GREEN
033804601,38,46,1,0.0,GREEN
033804701,38,47,1,0.0,GREEN
033804801,38,48,1,0.0,GREEN
033804901,38,49,1,0.0,GREEN
033805001,38,50,1,0.0,GREEN
033805101,38,51,1,0.0,GREEN
033805201,38,52,1,0.0,GREEN
033805301,38,53,1,0.0,GREEN
033805401,38,54,1,0.0,GREEN
033805501,38,55,1,0.0,GREEN
033805601,38,56,1,0.0,GREEN
033805701,38,57,1,0.0,GREEN
033805801,38,58,1,0.0,GREEN
033805901,38,59,1,0.0,GREEN
033806001,38,60,1,0.0,GREEN
033806101,38,61,1,0.0,GREEN
033806201,38,62,1,0.0,GREEN
033806301,38,63,1,0.0,GREEN
033806401,38,64,1,0.0,GREEN
033806501,38,65,1,0.0,GREEN
033806601,38,66,1,0.0,GREEN
033806701,38,67,1,0.0,GREEN
033806801,38,68,1,0.0,GREEN
033806901,38,69,1,0.0,GREEN
033807001,38,70,1,0.0,GREEN
033807101,38,71,1,0.0,GREEN
033807201,38,72,1,0.0,GREEN
033807301,38,73,1,0.0,GREEN
033800102,38,1,2,0.0,GREEN
033800202,38,2,2,0.0,GREEN
033800302,38,3,2,0.0,GREEN
033800402,38,4,2,0.0,GREEN
033800502,38,5,2,0.0,GREEN
033800602,38,6,2,0.0,GREEN
033800702,38,7,2,0.0,GREEN
033800802,38,8,2,0.0,GREEN
033800902,38,9,2,0.0,GREEN
033801002,38,10,2,0.0,GREEN
033801102,38,11,2,0.0,GREEN
033801202,38,12,2,0.0,GREEN
033801302,38,13,2,0.0,GREEN
033801402,38,14,2,0.0,GREEN
033703600,37,36,0,0.0,GREEN
033703700,37,37,0,0.0,GREEN
033703800,37,38,0,0.0,GREEN
033703900,37,39,0,0.0,GREEN
033704000,37,40,0,0.0,GREEN
033704100,37,41,0,0.0,GREEN
033704200,37,42,0,0.0,GREEN
033704300,37,43,0,0.0,GREEN
033704400,37,44,0,0.0,GREEN
033704500,37,45,0,0.0,GREEN
033704600,37,46,0,0.0,GREEN
033704700,37,47,0,0.0,GREEN
033704800,37,48,0,0.0,GREEN
033704900,37,49,0,0.0,GREEN
033705000,37,50,0,0.0,GREEN
033705100,37,51,0,0.0,GREEN
033705200,37,52,0,0.0,GREEN
033705300,37,53,0,0.0,GREEN
033705400,37,54,0,0.0,GREEN
033705500,37,55,0,0.0,GREEN
033705600,37,56,0,0.0,GREEN
033705700,37,57,0,0.0,GREEN
033705800,37,58,0,0.0,GREEN
033705900,37,59,0,0.0,GREEN
033706000,37,60,0,0.0,GREEN
033706100,37,61,0,0.0,GREEN
033706200,37,62,0,0.0,GREEN
033706300,37,63,0,0.0,GREEN
033706400,37,64,0,0.0,GREEN
033706500,37,65,0,0.0,GREEN
033706600,37,66,0,0.0,GREEN
033706700,37,67,0,0.0,GREEN
033706800,37,68,0,0.0,GREEN
033706900,37,69,0,0.0,GREEN
033707000,37,70,0,0.0,GREEN
033707100,37,71,0,0.0,GREEN
033707200,37,72,0,0.0,GREEN
033707300,37,73,0,0.0,GREEN
033700101,37,1,1,0.0,GREEN
033700201,37,2,1,0.0,GREEN
033700301,37,3,1,0.0,GREEN
033700401,37,4,1,0.0,GREEN
033700501,37,5,1,0.0,GREEN
033700601,37,6,1,0.0,GREEN
033700701,37,7,1,0.0,GREEN
033700801,37,8,1,0.0,GREEN
033700901,37,9,1,0.0,GREEN
033701001,37,10,1,0.0,GREEN
033701101,37,11,1,0.0,GREEN
033701201,37,12,1,0.0,GREEN
033701301,37,13,1,0.0,GREEN
033701401,37,14,1,0.0,GREEN
033701501,37,15,1,0.0,GREEN
033701601,37,16,1,0.0,GREEN
033701701,37,17,1,0.0,GREEN
033701801,37,18,1,0.0,GREEN
034816311,48,163,11,0.0,GREEN
034801112,48,11,12,0.0,GREEN
034403603,44,36,3,0.0,GREEN
034607005,46,70,5,0.0,GREEN
034806513,48,65,13,0.0,GREEN
034500803,45,8,3,0.0,GREEN
034601506,46,15,6,0.0,GREEN
034815612,48,156,12,0.0,GREEN
034805612,48,56,12,0.0,GREEN
034600902,46,9,2,0.0,GREEN
034602005,46,20,5,0.0,GREEN
034405906,44,59,6,0.0,GREEN
034603406,46,34,6,0.0,GREEN
034405300,44,53,0,0.0,GREEN
034501305,45,13,5,0.0,GREEN
034400604,44,6,4,0.0,GREEN
034402806,44,28,6,0.0,GREEN
034504502,45,45,2,0.0,GREEN
034602502,46,25,2,0.0,GREEN
034502106,45,21,6,0.0,GREEN
034600302,46,3,2,0.0,GREEN
034700102,47,1,2,0.0,GREEN
034700401,47,4,1,0.0,GREEN
034809113,48,91,13,0.0,GREEN
034601504,46,15,4,0.0,GREEN
034502703,45,27,3,0.0,GREEN
034503901,45,39,1,0.0,GREEN
034405601,44,56,1,0.0,GREEN
034407301,44,73,1,0.0,GREEN
034503806,45,38,6,0.0,GREEN
034503906,45,39,6,0.0,GREEN
034504006,45,40,6,0.0,GREEN
034802013,48,20,13,0.0,GREEN
034404906,44,49,6,0.0,GREEN
034815311,48,153,11,0.0,GREEN
034802310,48,23,10,0.0,GREEN
034401405,44,14,5,0.0,GREEN
034402605,44,26,5,0.0,GREEN
034406804,44,68,4,0.0,GREEN
034500403,45,4,3,0.0,GREEN
034505510,45,55,10,0.0,GREEN
034601701,46,17,1,0.0,GREEN
034701003,47,10,3,0.0,GREEN
034702603,47,26,3,0.0,GREEN
034801113,48,11,13,0.0,GREEN
034803910,48,39,10,0.0,GREEN
034600306,46,3,6,0.0,GREEN
034502806,45,28,6,0.0,GREEN
034603405,46,34,5,0.0,GREEN
034602304,46,23,4,0.0,GREEN
034602904,46,29,4,0.0,GREEN
034404805,44,48,5,0.0,GREEN
034406704,44,67,4,0.0,GREEN
034503212,45,32,12,100.0,RED
034500506,45,5,6,0.0,GREEN
034808813,48,88,13,0.0,GREEN
034805613,48,56,13,0.0,GREEN
034602706,46,27,6,0.0,GREEN
034806712,48,67,12,0.0,GREEN
034406200,44,62,0,0.0,GREEN
034404304,44,43,4,0.0,GREEN
034406304,44,63,4,0.0,GREEN
034503001,45,30,1,0.0,GREEN
034601700,46,17,0,0.0,GREEN
034806812,48,68,12,0.0,GREEN
034503305,45,33,5,0.0,GREEN
034503805,45,38,5,0.0,GREEN
034800404,48,4,4,0.0,GREEN
034701305,47,13,5,0.0,GREEN
034503700,45,37,0,0.0,GREEN
034601301,46,13,1,0.0,GREEN
034804612,48,46,12,0.0,GREEN
034400106,44,1,6,0.0,GREEN
034202500,42,25,0,0.0,GREEN
03VA00108,VA,1,8,0.0,GREEN
03VA00109,VA,1,9,100.0,RED
03VA00110,VA,1,10,0.0,GREEN
03VA00111,VA,1,11,100.0,RED
03VA00112,VA,1,12,0.0,GREEN
03VA00113,VA,1,13,100.0,RED
03VA00114,VA,1,14,0.0,GREEN
03VA00115,VA,1,15,100.0,RED
03VA00116,VA,1,16,100.0,RED
03VA00117,VA,1,17,0.0,GREEN
03VA00118,VA,1,18,0.0,GREEN
03VA00119,VA,1,19,0.0,GREEN
03VA00120,VA,1,20,0.0,GREEN
03VA00121,VA,1,21,0.0,GREEN
03VA00122,VA,1,22,0.0,GREEN
03VA00123,VA,1,23,0.0,GREEN
03VA00124,VA,1,24,0.0,GREEN
03VD00100,VD,1,0,0.0,GREEN
03VD00200,VD,2,0,0.0,GREEN
03VD00300,VD,3,0,0.0,GREEN
03VD00400,VD,4,0,0.0,GREEN
03VD00500,VD,5,0,0.0,GREEN
03VD00600,VD,6,0,0.0,GREEN
03VA00106,VA,1,6,0.0,GREEN
03VA00105,VA,1,5,0.0,GREEN
03VA00205,VA,2,5,0.0,GREEN
03VD00700,VD,7,0,0.0,GREEN
03VD00800,VD,8,0,0.0,GREEN
03VD00900,VD,9,0,0.0,GREEN
03VD01000,VD,10,0,0.0,GREEN
03VD01100,VD,11,0,0.0,GREEN
03VD01200,VD,12,0,0.0,GREEN
03EN00600,EN,6,0,100.0,RED
03EN00700,EN,7,0,0.0,GREEN
03EN00800,EN,8,0,100.0,RED
03EN00900,EN,9,0,0.0,GREEN
03EN01000,EN,10,0,100.0,RED
03EN01100,EN,11,0,100.0,RED
03EN01200,EN,12,0,100.0,RED
03EN01300,EN,13,0,100.0,RED
03EN01400,EN,14,0,100.0,RED
03EN01500,EN,15,0,100.0,RED
03EN01600,EN,16,0,0.0,GREEN
03EN01700,EN,17,0,0.0,GREEN
03EN01800,EN,18,0,100.0,RED
03EN01900,EN,19,0,0.0,GREEN
03EN02000,EN,20,0,0.0,GREEN
03EN02100,EN,21,0,100.0,RED
03EN02200,EN,22,0,100.0,RED
03EN02300,EN,23,0,0.0,GREEN
03EN02400,EN,24,0,0.0,GREEN
